Order_ID,Customer_Name,Product,Category,Quantity,Price,Order_Date,Shipped,Country
1,Eric Allen,Jacket,Clothing,5,582.8,2026-10-07,Yes,Sweden
2,Dana Williams,Stapler,Stationery,1,202.96,2025-01-28,Yes,Uk
3,Melinda Shelton,T-Shirt,Clothing,5,1093.4,2024-08-18,No,India
4,Jessica Horton,Standing Desk,Furniture,10,363.78,2025-01-31,No,South Korea
5,Melissa Simmons,Bread,Food & Beverage,15,1388.6,2025-08-03,No,Brazil
6,Lisa Houston,Webcam,Electronics,7,1938.06,2025-04-26,Yes,Japan
7,Dawn Graves,Eraser,Stationery,5,1173.05,2024-12-03,No,South Africa
8,Dave Velasquez,Scarf,Clothing,13,272.35,2025-10-19,No,Uk
9,Monique Murray,Ruler,Stationery,1,803.87,2026-01-06,No,South Africa
10,James Pollard,Keyboard,Electronics,11,2349.55,2026-10-02,Yes,United States
11,Dominic Cook,Office Chair,Furniture,4,109.13,2026-02-12,Yes,China
12,Matthew Anderson,Desk Lamp,Furniture,14,1388.02,2024-05-26,Yes,South Africa
13,Michael Porter,Juice,Food & Beverage,4,103.8,2026-09-04,No,China
14,Marie Poole,Bed,Furniture,14,1622.18,2024-11-10,Yes,Spain
15,Sarah Fox,Hat,Clothing,6,1201.32,2026-09-14,Yes,Uae
16,Gregory Perez,T-Shirt,Clothing,3,432.32,2025-12-12,No,Spain
17,Sherry Brennan,Pencil,Stationery,1,784.05,2026-03-12,Yes,South Africa
18,Manuel Ibarra,Notebook,Stationery,11,672.27,2025-10-11,Yes,Australia
19,Henry Stevens,Monitor,Electronics,9,896.42,2025-06-06,Yes,Spain
20,Molly Giles,Laptop,Electronics,2,1099.55,2024-09-15,Yes,Mexico
21,Deborah Lopez,Office Chair,Furniture,7,32.23,2025-07-08,Yes,Sweden
22,Russell Walker,Mouse,Electronics,10,1617.51,2026-12-26,Yes,Italy
23,Beverly Walsh,Desk Lamp,Furniture,14,800.3,2026-01-28,Yes,United States
24,Andrea Arroyo,Ruler,Stationery,5,1671.76,2024-02-12,No,United States
25,Nicole Campbell,Green Tea,Food & Beverage,14,306.59,2026-04-22,No,Singapore
26,Arthur Edwards,Bottled Water,Food & Beverage,8,84.05,2024-04-08,No,Germany
27,Jacqueline Carter,Pen,Stationery,9,1461.41,2025-05-16,Yes,Singapore
28,Parker Harris,Desk Lamp,Furniture,14,1649.57,2024-02-01,Yes,France
29,Monica Kerr,Ruler,Stationery,4,2028.42,2025-06-08,No,Australia
30,Michelle Bishop,Mouse,Electronics,10,1881.76,2025-02-18,No,Italy
31,Mercedes Lawson,Dining Table,Furniture,10,278.36,2026-04-18,Yes,Italy
32,Douglas Ortega,Laptop,Electronics,3,618.72,2026-05-23,Yes,Australia
33,Sophia Yoder,Pencil,Stationery,1,2405.67,2024-10-13,Yes,Uk
34,Brenda Ramirez,Dining Table,Furniture,8,869.7,2024-05-25,Yes,South Korea
35,John Allen,Snack Bar,Food & Beverage,11,377.11,2025-04-11,No,Spain
36,Shawn Miller,Juice,Food & Beverage,3,42.94,2026-12-09,Yes,Argentina
37,Hannah Terry,Green Tea,Food & Beverage,15,2327.04,2025-05-01,Yes,India
38,Natalie Jones,Notebook,Stationery,15,1581.25,2024-04-22,Yes,India
39,Kathleen Dominguez,Glue Stick,Stationery,10,2331.64,2024-11-15,No,South Korea
40,Bradley Reynolds,Dining Table,Furniture,15,1620.39,2025-01-17,Yes,Brazil
41,Sydney Hall,Pen,Stationery,4,1683.9,2026-12-25,Yes,Uae
42,Ashley Myers,Tablet,Electronics,4,793.26,2024-07-16,Yes,Uae
43,Louis Garcia,Snack Bar,Food & Beverage,15,559.84,2026-02-20,Yes,Uae
44,Jessica Suarez,Socks,Clothing,10,1131.16,2026-12-10,Yes,Canada
45,Jason Lee,Bookshelf,Furniture,5,300.69,2025-12-08,Yes,Canada
46,Megan Mccall,Bookshelf,Furniture,2,2186.02,2024-03-20,No,China
47,Michael Elliott,Bookshelf,Furniture,9,1065.11,2026-04-02,Yes,Italy
48,Aaron Hill Jr.,Dining Table,Furniture,3,1295.56,2024-06-10,Yes,Australia
49,Michael Willis,File Cabinet,Furniture,1,84.96,2026-03-16,Yes,Germany
50,Stephanie Lyons,Stapler,Stationery,14,2179.46,2025-04-28,Yes,United States
51,Ariel Alexander,Laptop,Electronics,8,523.17,2025-09-05,Yes,United States
52,Toni Olson,Bookshelf,Furniture,1,2000.16,2025-07-05,Yes,Australia
53,Robert Cobb,Coffee Beans,Food & Beverage,14,424.62,2024-12-24,Yes,Uk
54,Sue Parks,Monitor,Electronics,1,27.72,2026-03-10,Yes,Australia
55,Angela Parrish,Scarf,Clothing,13,1741.63,2025-10-07,Yes,Japan
56,Dr. John Webb,Bottled Water,Food & Beverage,7,1025.82,2026-10-07,No,France
57,Russell Singleton,Coffee Beans,Food & Beverage,13,1617.43,2024-01-16,No,Uk
58,Andrew Conway,Bed,Furniture,4,1515.49,2024-02-22,Yes,South Africa
59,Kayla Johnson,Keyboard,Electronics,12,2495.1,2024-07-10,Yes,Brazil
60,Dawn Barry,Smartphone,Electronics,6,2242.82,2024-02-05,No,Italy
61,Darlene Ortiz,Glue Stick,Stationery,3,1849.84,2025-12-04,Yes,Australia
62,Anna Richardson,Hat,Clothing,3,1211.31,2025-08-09,Yes,Japan
63,Joanne Ramsey,Laptop,Electronics,9,1952.07,2026-10-16,Yes,Singapore
64,George Nguyen,Stapler,Stationery,4,1346.03,2024-03-28,Yes,Argentina
65,Logan Ingram,Jacket,Clothing,2,1579.66,2026-03-09,No,Argentina
66,Brian Novak,Jacket,Clothing,6,1330.97,2024-06-15,No,Netherlands
67,April Koch,Pen,Stationery,3,57.91,2024-11-22,Yes,Australia
68,Dustin Patterson,Smartphone,Electronics,9,2390.96,2026-06-15,Yes,Netherlands
69,Veronica Pitts,Scarf,Clothing,8,355.59,2024-07-28,Yes,Germany
70,Erica Bennett,Sneakers,Clothing,2,1523.35,2024-02-06,No,Argentina
71,Paul Davis,Bottled Water,Food & Beverage,14,1991.93,2026-02-27,No,Canada
72,Holly Thompson,Printer,Electronics,3,483.17,2024-03-26,Yes,Mexico
73,Kristin Curtis,Tape,Stationery,9,345.51,2025-12-19,Yes,Canada
74,Richard Garcia,Office Chair,Furniture,4,965.79,2025-02-13,Yes,Italy
75,Raymond Torres,Eraser,Stationery,5,285.02,2025-05-03,No,Mexico
76,Elizabeth Jones,Stapler,Stationery,9,69.69,2026-03-29,Yes,France
77,Shannon Figueroa,Hat,Clothing,14,2009.39,2024-02-21,No,Uae
78,Austin Pena,Pen,Stationery,13,683.59,2025-12-27,No,Brazil
79,Abigail Schwartz,Stapler,Stationery,9,1754.44,2026-07-07,No,Brazil
80,Andrea Martinez,Tablet,Electronics,4,1530.31,2026-05-21,No,Australia
81,Brandy Gay,Smartphone,Electronics,15,1420.28,2024-08-09,Yes,United States
82,Dr. Sabrina Lynch DDS,Standing Desk,Furniture,3,770.88,2026-10-05,No,India
83,Sandra Carney,Bed,Furniture,14,999.98,2024-10-25,Yes,Spain
84,Brittany Hooper,Bookshelf,Furniture,1,1535.99,2026-04-19,Yes,Italy
85,Ryan Joseph,Tablet,Electronics,2,2167.27,2026-05-08,No,United States
86,Kimberly Christian,Printer,Electronics,7,502.76,2024-04-04,No,China
87,Heather Davis,USB Drive,Electronics,6,1926.02,2025-07-03,No,France
88,Katie Carlson MD,Tape,Stationery,15,1781.25,2025-10-29,Yes,South Korea
89,Andrew Lowe,Dining Table,Furniture,14,646.81,2024-04-21,Yes,France
90,Eric Cisneros,File Cabinet,Furniture,2,293.18,2024-08-12,No,Uae
91,Edward Cox,Sofa,Furniture,13,1223.41,2025-03-17,Yes,South Africa
92,Jessica Burns,Scarf,Clothing,13,6.76,2026-03-18,No,Italy
93,Ashlee Swanson,Webcam,Electronics,5,1561.67,2026-03-04,No,Australia
94,Samantha Hamilton,Sofa,Furniture,15,2219.73,2025-07-29,Yes,Japan
95,Michael Green,Dining Table,Furniture,2,139.66,2024-04-04,No,Germany
96,Lynn Wilson,Desk Lamp,Furniture,15,1184.3,2025-02-05,Yes,Uk
97,Mary Willis,Bookshelf,Furniture,6,156.79,2026-03-03,Yes,South Africa
98,Diane Smith,Snack Bar,Food & Beverage,2,1586.21,2025-06-16,No,United States
99,Jennifer Haynes,Pen,Stationery,8,427.68,2026-10-21,No,Italy
100,Christopher Leonard,Mouse,Electronics,9,356.15,2024-08-31,Yes,Germany
101,Bobby Barr,Green Tea,Food & Beverage,5,1784.24,2024-10-29,Yes,Germany
102,Jeffrey Oliver,Jeans,Clothing,15,1639.89,2026-07-25,No,Spain
103,Shelly Hunter,Laptop,Electronics,1,2314.66,2024-06-09,Yes,Germany
104,Anthony Morris,Bottled Water,Food & Beverage,7,2256.05,2024-10-16,No,Brazil
105,Andre Morgan,Bread,Food & Beverage,11,2412.94,2026-10-06,Yes,Spain
106,Tanner Hernandez,Dining Table,Furniture,14,1956.87,2024-05-27,Yes,Singapore
107,Larry Hamilton,Tape,Stationery,6,1015.88,2024-12-28,No,Uk
108,Katherine Duke,Bed,Furniture,1,1109.97,2024-03-16,Yes,Japan
109,Kimberly Brown,Jeans,Clothing,3,1665.19,2024-12-13,No,India
110,Zoe Davis,Juice,Food & Beverage,2,2493.47,2026-12-08,Yes,Spain
111,Manuel Cooper,Jeans,Clothing,3,115.07,2025-08-17,Yes,Australia
112,Erica Knight,Jacket,Clothing,12,1924.34,2026-02-03,Yes,Canada
113,Kevin Spencer,Bread,Food & Beverage,9,396.2,2025-08-09,Yes,Italy
114,Kenneth Briggs,Green Tea,Food & Beverage,3,1893.97,2025-07-07,Yes,Italy
115,Teresa Brady,Scarf,Clothing,3,248.53,2025-06-17,Yes,Spain
116,Jeremy Boone,Glue Stick,Stationery,5,326.93,2024-12-15,Yes,United States
117,Jessica Wilson,Green Tea,Food & Beverage,15,2278.72,2025-05-31,No,South Korea
118,Jessica Alexander,Jeans,Clothing,2,598.27,2026-03-06,Yes,Mexico
119,Wendy Alexander,Scarf,Clothing,5,847.4,2024-09-25,Yes,South Africa
120,Michael Miller,Sneakers,Clothing,13,1481.32,2025-06-17,Yes,Sweden
121,Victoria Peterson,Coffee Beans,Food & Beverage,7,2342.35,2025-04-17,No,Uae
122,Heather Bridges,Eraser,Stationery,4,2433.91,2026-06-26,No,Brazil
123,Jessica Smith,Socks,Clothing,12,1951.31,2026-12-28,No,Australia
124,Christine Bartlett,Sofa,Furniture,15,1027.95,2025-01-11,No,South Korea
125,Jeanette Miller,USB Drive,Electronics,7,923.21,2025-11-21,No,Germany
126,Michael Gomez,Bed,Furniture,1,333.93,2026-05-31,No,United States
127,Mr. Mark Hensley,Keyboard,Electronics,13,643.17,2024-02-27,No,South Korea
128,Brittney Torres,T-Shirt,Clothing,9,578.91,2024-02-26,Yes,India
129,Richard Rice,Scarf,Clothing,3,1756.45,2024-12-28,Yes,Italy
130,Maria Johnson,Notebook,Stationery,11,580.19,2026-07-28,No,Argentina
131,Daniel Gilbert,Bed,Furniture,8,2431.82,2024-12-12,Yes,Singapore
132,Brooke Shields,Ruler,Stationery,14,808.87,2026-07-17,Yes,Sweden
133,Sarah Baker,Juice,Food & Beverage,8,1220.02,2025-02-03,Yes,South Korea
134,Jimmy Price,USB Drive,Electronics,2,779.0,2025-06-16,Yes,Netherlands
135,Audrey Carrillo,Pencil,Stationery,1,963.07,2025-05-01,Yes,Spain
136,Johnny Thomas,Bed,Furniture,9,1752.87,2024-08-10,Yes,Mexico
137,Edward Haas,Snack Bar,Food & Beverage,6,2235.21,2024-12-12,Yes,United States
138,Daniel Miller,Jacket,Clothing,2,443.74,2025-03-19,No,China
139,Mr. Troy Floyd,Sofa,Furniture,15,2037.67,2024-12-16,Yes,Netherlands
140,Laura Silva,Desk Lamp,Furniture,4,2394.46,2025-10-10,Yes,Singapore
141,Anita White,Juice,Food & Beverage,2,1124.99,2024-05-02,Yes,Italy
142,Kathy Smith,Bread,Food & Beverage,13,1340.09,2025-02-21,Yes,Sweden
143,Rachel Perry,Green Tea,Food & Beverage,5,1742.76,2024-11-07,Yes,Spain
144,Lisa Watson,Headphones,Electronics,13,420.0,2026-01-24,No,India
145,Victoria Ortiz,Bread,Food & Beverage,4,2334.64,2026-05-15,No,Canada
146,Jonathan Cole,Green Tea,Food & Beverage,2,2480.71,2026-09-21,No,South Korea
147,Adam Joseph,Dining Table,Furniture,6,1823.28,2026-03-24,Yes,South Africa
148,Robert Martinez,Snack Bar,Food & Beverage,3,1047.05,2026-11-14,No,Canada
149,Crystal Wilson,Socks,Clothing,4,260.8,2025-12-17,Yes,Italy
150,Daniel Hall,Juice,Food & Beverage,15,1780.24,2026-06-02,Yes,Spain
151,Timothy Nelson,Pen,Stationery,11,1329.94,2025-04-27,Yes,Uk
152,Marilyn Brown,Scarf,Clothing,5,684.22,2026-07-20,Yes,Netherlands
153,Jose Vance,Sofa,Furniture,3,1396.63,2026-06-19,Yes,Argentina
154,Amy Morrison,Coffee Beans,Food & Beverage,3,1952.52,2025-06-14,Yes,Spain
155,Michelle Pacheco,Pen,Stationery,9,634.08,2025-01-13,No,China
156,Victoria Smith,Standing Desk,Furniture,15,2455.06,2026-10-15,Yes,Spain
157,Crystal Mason,Smartphone,Electronics,15,530.27,2026-01-31,No,Mexico
158,Paul Frost,Scarf,Clothing,8,2159.0,2024-05-28,Yes,Japan
159,Anthony Hernandez,Mouse,Electronics,2,2401.91,2024-12-24,Yes,Singapore
160,John Perkins,Green Tea,Food & Beverage,8,2189.67,2025-02-02,No,Sweden
161,Heather Ramirez,Eraser,Stationery,2,461.38,2026-07-08,Yes,Japan
162,Kelly Williams,Mouse,Electronics,14,2300.27,2026-12-28,No,Italy
163,Angel Sharp,Headphones,Electronics,3,303.96,2024-12-14,Yes,Singapore
164,Kimberly Davidson,Sofa,Furniture,9,1978.86,2024-01-10,No,Sweden
165,Dustin Fuentes,Green Tea,Food & Beverage,4,1114.78,2025-07-14,Yes,Italy
166,Stephen Conley,Mouse,Electronics,2,1740.74,2025-05-03,Yes,South Korea
167,Timothy Robles,Bread,Food & Beverage,1,902.65,2026-05-23,Yes,Germany
168,Heather Alexander,Coffee Beans,Food & Beverage,2,745.93,2026-09-23,Yes,Sweden
169,Heidi Baker,File Cabinet,Furniture,7,2469.2,2024-11-03,Yes,Mexico
170,Joshua Murray,Green Tea,Food & Beverage,10,1298.83,2026-08-28,Yes,Brazil
171,John Reed,Ruler,Stationery,8,1202.42,2024-04-09,No,Canada
172,Tammy Stevens,Office Chair,Furniture,11,1520.65,2025-02-12,No,Japan
173,Terri Melton,Bottled Water,Food & Beverage,12,2021.7,2025-11-21,No,Italy
174,Amanda Davis,Standing Desk,Furniture,1,1017.67,2024-03-27,No,Germany
175,Ryan Hall,Standing Desk,Furniture,5,1181.99,2026-12-19,No,Brazil
176,Angela Ryan,Hat,Clothing,9,1140.58,2024-10-17,Yes,Uk
177,John Lam,Mouse,Electronics,8,1876.0,2024-01-20,Yes,Argentina
178,Joseph Gay,Snack Bar,Food & Beverage,14,312.83,2025-10-02,Yes,Japan
179,Stephanie Clark,Jeans,Clothing,12,415.94,2024-03-01,Yes,Australia
180,Troy Lyons,USB Drive,Electronics,12,507.6,2026-10-26,Yes,Spain
181,Matthew Trevino,Jacket,Clothing,10,45.79,2024-04-29,No,Canada
182,Linda Harmon,Webcam,Electronics,2,948.6,2024-05-16,No,South Korea
183,Mark James,Jacket,Clothing,1,517.71,2026-04-17,Yes,Germany
184,Ryan Mcknight,Printer,Electronics,13,38.45,2025-06-12,No,South Korea
185,Andrew Neal,Coffee Beans,Food & Beverage,15,63.33,2024-04-30,Yes,Germany
186,Benjamin Chapman,Bread,Food & Beverage,9,406.62,2025-07-11,No,Netherlands
187,Ariel Powell,Smartphone,Electronics,3,274.94,2024-12-29,Yes,Italy
188,Jonathan Mclean,Laptop,Electronics,3,316.68,2026-03-13,No,Spain
189,Robert Dawson,Stapler,Stationery,3,1407.46,2026-04-29,Yes,Brazil
190,Jonathan Roach,Juice,Food & Beverage,8,1254.47,2026-10-26,Yes,South Africa
191,Angela Young,Sneakers,Clothing,6,845.62,2025-04-27,No,Italy
192,Mackenzie Perez,Tablet,Electronics,12,1549.25,2024-07-08,Yes,China
193,Kelsey Galvan,Pen,Stationery,9,1100.55,2025-08-03,No,Singapore
194,Nicholas Johnson,Green Tea,Food & Beverage,4,1766.05,2026-06-29,Yes,South Korea
195,Bridget Rogers,Bed,Furniture,2,2330.11,2025-01-08,Yes,China
196,Joseph Wade,Stapler,Stationery,14,1708.69,2025-08-27,Yes,Uae
197,Melissa Burgess,Jacket,Clothing,8,749.37,2024-04-10,Yes,Canada
198,Sharon Roman MD,Green Tea,Food & Beverage,15,1321.78,2026-07-05,Yes,Brazil
199,Meagan Dean,Snack Bar,Food & Beverage,2,1113.41,2025-11-08,Yes,Spain
200,Carol House,Notebook,Stationery,14,2114.21,2024-09-10,Yes,China
201,Doris Hayden,Jeans,Clothing,12,1837.68,2024-10-04,No,South Africa
202,Michael Peterson,Glue Stick,Stationery,13,1175.31,2025-09-29,Yes,United States
203,Hannah Murphy,Coffee Beans,Food & Beverage,3,1340.89,2026-04-01,Yes,South Korea
204,Austin White,Sofa,Furniture,9,1440.21,2025-09-18,Yes,South Africa
205,Emily Mitchell,Office Chair,Furniture,9,1658.45,2026-10-18,Yes,Netherlands
206,Kenneth Wood,T-Shirt,Clothing,13,2166.14,2026-01-14,Yes,South Africa
207,Monica Smith,Green Tea,Food & Beverage,7,965.37,2026-07-23,Yes,Brazil
208,Adriana Gaines,Mouse,Electronics,14,27.44,2025-08-09,No,Netherlands
209,Elizabeth Lopez,Scarf,Clothing,1,950.82,2025-07-10,No,France
210,Albert Brown,Scarf,Clothing,15,987.36,2025-12-05,Yes,Italy
211,Gwendolyn Mendoza,Printer,Electronics,6,1249.46,2024-04-02,No,Singapore
212,Shelly Morgan,File Cabinet,Furniture,2,1382.32,2025-02-28,Yes,Spain
213,Ryan Castillo,Coffee Beans,Food & Beverage,3,1203.77,2025-03-17,Yes,Singapore
214,James Wade,Bookshelf,Furniture,2,1822.26,2026-03-17,No,Spain
215,Jason Petty,Desk Lamp,Furniture,6,1496.04,2025-07-02,Yes,Singapore
216,Willie Keller,Bottled Water,Food & Beverage,13,2195.72,2025-09-14,Yes,Singapore
217,Kimberly Barber,Jeans,Clothing,1,1257.15,2024-01-21,No,Uk
218,Debbie Miller DDS,Tape,Stationery,13,814.01,2025-06-11,Yes,Japan
219,Christine Jones,Printer,Electronics,7,1388.87,2025-11-09,Yes,India
220,Heidi Gentry,Desk Lamp,Furniture,9,2406.06,2024-03-15,No,Australia
221,Mary Schultz,Hat,Clothing,11,399.86,2024-04-22,Yes,Mexico
222,Mary Robinson,File Cabinet,Furniture,9,1216.27,2025-03-15,Yes,United States
223,Brooke Sanchez,Stapler,Stationery,9,2241.55,2024-10-25,Yes,Sweden
224,Melissa Williams,Office Chair,Furniture,15,220.62,2024-10-10,No,Japan
225,Mr. Ronald Barrett MD,Ruler,Stationery,12,703.37,2024-05-02,Yes,United States
226,Christopher Wagner,Glue Stick,Stationery,8,981.49,2026-01-08,Yes,South Korea
227,Kelly Scott,Standing Desk,Furniture,7,1563.09,2026-03-28,Yes,India
228,John Page,Tape,Stationery,11,1885.52,2025-12-12,Yes,Argentina
229,Victor Kirk,Green Tea,Food & Beverage,10,617.37,2024-01-25,Yes,Netherlands
230,Kirsten Smith,Coffee Beans,Food & Beverage,12,1005.13,2025-09-07,No,Mexico
231,Daniel Patton,Headphones,Electronics,7,1420.91,2025-05-04,No,Germany
232,William Hawkins,Sneakers,Clothing,2,123.45,2024-08-10,No,Australia
233,Stephanie Cooper,Bed,Furniture,15,1811.54,2026-01-23,Yes,Japan
234,James Dunn,Jeans,Clothing,6,727.15,2025-12-11,Yes,Uae
235,Anne Smith,Jacket,Clothing,14,853.9,2025-07-22,Yes,Brazil
236,Julia Snyder,Bed,Furniture,8,1783.54,2025-05-24,No,Netherlands
237,Erik Lee,Ruler,Stationery,11,1771.29,2025-05-07,Yes,France
238,James Jordan,Eraser,Stationery,1,787.99,2025-05-29,Yes,Netherlands
239,Madison Trujillo,Jeans,Clothing,5,1508.89,2026-05-26,Yes,Spain
240,Melinda Moore,Tape,Stationery,13,1182.11,2026-09-27,Yes,Australia
241,Allison Barker,Bookshelf,Furniture,2,2475.9,2025-03-24,Yes,Italy
242,Jennifer Kelly,Green Tea,Food & Beverage,11,2321.33,2024-11-12,No,Uk
243,Thomas Bryant,Laptop,Electronics,3,1446.16,2024-01-11,Yes,Japan
244,Shannon Moreno,Notebook,Stationery,6,1818.21,2025-03-03,Yes,Brazil
245,Thomas Warren,Jacket,Clothing,4,196.9,2026-11-23,No,Canada
246,Lori Coffey,Office Chair,Furniture,6,1315.18,2024-02-26,Yes,South Africa
247,Nicole Smith,Sofa,Furniture,4,1419.42,2024-10-17,Yes,Canada
248,Mary Baker,Laptop,Electronics,10,1276.24,2026-06-12,No,Netherlands
249,Anthony Nelson,Webcam,Electronics,4,108.7,2026-08-05,No,Canada
250,Stephanie Jenkins,Jeans,Clothing,12,2398.48,2026-08-17,Yes,Netherlands
251,Jeffrey Paul,Bread,Food & Beverage,15,1749.16,2025-12-15,Yes,Italy
252,Michael Avila,Stapler,Stationery,2,1382.34,2025-10-18,Yes,Sweden
253,Hector Sloan,Hat,Clothing,4,400.26,2025-05-21,No,Italy
254,Kenneth Hines,Bottled Water,Food & Beverage,13,787.41,2026-12-19,No,Australia
255,Cory Taylor,Headphones,Electronics,7,891.11,2024-10-05,No,Spain
256,Charles Graham,Monitor,Electronics,4,2069.75,2026-04-20,Yes,Germany
257,Lisa Harris,Green Tea,Food & Beverage,2,2298.68,2025-11-30,Yes,Uae
258,Linda Gibson,Office Chair,Furniture,12,140.69,2025-11-18,Yes,Uk
259,Mr. Steven Phelps,Bookshelf,Furniture,14,1759.32,2025-08-04,Yes,Canada
260,Erin Hanson,Sneakers,Clothing,15,1217.54,2025-10-15,No,South Korea
261,Stephanie Murphy,Green Tea,Food & Beverage,7,2429.58,2024-07-04,No,Germany
262,Alyssa Burch,Bed,Furniture,10,1806.4,2026-08-03,Yes,India
263,Alicia Bass,Eraser,Stationery,8,1835.0,2026-05-08,Yes,Brazil
264,Bruce Lawson,Printer,Electronics,4,2390.8,2025-06-03,No,Australia
265,Jerry Curtis,Bed,Furniture,5,1137.66,2025-09-24,Yes,Uk
266,David Sherman,Pencil,Stationery,8,1892.79,2026-08-08,Yes,Argentina
267,Jason Mccoy,Socks,Clothing,12,1028.39,2024-01-19,No,India
268,Jillian Cruz,Bookshelf,Furniture,11,1488.39,2025-09-21,Yes,India
269,Heather Potter,Jeans,Clothing,9,844.58,2024-01-19,Yes,Japan
270,Austin Lewis,Bottled Water,Food & Beverage,8,1926.48,2026-09-27,Yes,Brazil
271,Laura Rodriguez,Bread,Food & Beverage,13,320.53,2024-11-18,Yes,Singapore
272,Tanya Francis,Socks,Clothing,8,1881.88,2024-12-29,Yes,India
273,Joseph Bell,Hat,Clothing,12,1527.29,2025-08-02,Yes,Uk
274,Meredith Hamilton,T-Shirt,Clothing,5,2170.45,2026-08-13,Yes,United States
275,Jason Ward,Coffee Beans,Food & Beverage,6,592.25,2026-02-28,No,Uae
276,Courtney Henderson,T-Shirt,Clothing,7,799.31,2026-07-01,Yes,Italy
277,Mark Green,File Cabinet,Furniture,13,2008.63,2025-02-04,No,Canada
278,Jesse Turner,Headphones,Electronics,10,143.3,2026-01-31,Yes,Singapore
279,Craig Avila,Socks,Clothing,13,1639.77,2024-09-16,No,Brazil
280,Christopher Floyd,Jacket,Clothing,15,2019.57,2025-05-26,Yes,Australia
281,Jennifer Pierce,Desk Lamp,Furniture,8,1971.17,2025-01-08,Yes,South Korea
282,James Hall,Office Chair,Furniture,6,1466.98,2024-03-30,Yes,Mexico
283,Brandon Waller,Eraser,Stationery,10,2104.22,2025-03-12,No,United States
284,Michael Smith,Eraser,Stationery,13,695.33,2026-04-07,Yes,Mexico
285,Heather Hoffman,Glue Stick,Stationery,4,1525.7,2026-11-09,Yes,Brazil
286,Alicia Long,Headphones,Electronics,7,95.63,2025-02-09,Yes,Uae
287,Samuel Sanchez,Jacket,Clothing,1,1376.93,2026-02-26,No,Spain
288,Stephanie Wilkinson,File Cabinet,Furniture,1,1352.21,2025-07-03,Yes,Japan
289,Warren Mullins,Dining Table,Furniture,12,1372.35,2026-03-31,No,South Korea
290,Tracey Davis,Pen,Stationery,4,1519.87,2026-05-20,Yes,Italy
291,Susan Lewis,Pen,Stationery,1,1719.31,2026-12-18,Yes,Italy
292,Rita Mosley,Sofa,Furniture,8,619.31,2026-08-15,Yes,Netherlands
293,Shannon Medina,Headphones,Electronics,9,1583.85,2026-08-27,No,Spain
294,Dr. Tonya Moses,Green Tea,Food & Beverage,4,1222.85,2026-10-03,Yes,South Africa
295,Michael Benjamin,Tablet,Electronics,11,2291.75,2025-10-01,No,South Korea
296,Kevin Alexander,Sofa,Furniture,11,985.7,2024-01-30,Yes,Uae
297,Tamara Johnson,Tablet,Electronics,8,676.57,2025-10-04,Yes,Argentina
298,Michael Peters,Notebook,Stationery,14,83.29,2025-12-02,Yes,South Korea
299,Elizabeth Richard,Jacket,Clothing,9,1561.42,2026-12-09,Yes,Singapore
300,Carrie Yu,Tape,Stationery,12,2374.29,2026-08-10,Yes,Canada
301,Bonnie Johnson,Laptop,Electronics,7,1648.98,2025-08-27,No,Sweden
302,Dennis Hicks,Bed,Furniture,2,1199.88,2025-03-12,Yes,Brazil
303,Michelle Reynolds,Green Tea,Food & Beverage,10,2435.39,2025-12-03,No,Mexico
304,Catherine Brown,Webcam,Electronics,15,456.68,2024-06-10,Yes,China
305,Mr. Justin Warner MD,Printer,Electronics,13,2174.04,2024-01-23,Yes,Japan
306,Robert Hoffman,Tablet,Electronics,4,100.56,2024-04-27,Yes,Sweden
307,Christopher Montoya,Green Tea,Food & Beverage,9,47.36,2024-04-09,Yes,China
308,Jessica Hardin,Snack Bar,Food & Beverage,11,715.85,2026-05-29,Yes,United States
309,Melissa Perez MD,Scarf,Clothing,1,1027.32,2025-06-07,Yes,Singapore
310,Jonathan Garcia,Sofa,Furniture,15,2254.83,2026-09-30,Yes,Australia
311,Kristina Mason,Bed,Furniture,4,1099.26,2025-08-15,Yes,Netherlands
312,Robert Reynolds,Snack Bar,Food & Beverage,5,476.0,2026-04-10,Yes,United States
313,Gary Russo,Dining Table,Furniture,9,2126.37,2024-05-17,Yes,Argentina
314,Laura Roth MD,Juice,Food & Beverage,12,2280.32,2026-08-06,Yes,Uae
315,Tonya Burton,Office Chair,Furniture,13,516.23,2025-12-11,No,Brazil
316,Laura Sheppard,Tape,Stationery,10,872.69,2025-12-09,Yes,China
317,Sherry Parks,Standing Desk,Furniture,4,2239.86,2026-01-24,No,Uae
318,Randy Clark,Green Tea,Food & Beverage,9,312.06,2024-02-02,No,Sweden
319,Meagan Herring,Bottled Water,Food & Beverage,2,1594.77,2026-07-14,Yes,Italy
320,Tyler Smith,Glue Stick,Stationery,8,526.42,2025-02-03,Yes,United States
321,Eric Alvarez,Green Tea,Food & Beverage,3,758.32,2024-09-06,Yes,United States
322,Victoria Sosa,Glue Stick,Stationery,8,2495.93,2026-10-28,Yes,Spain
323,Donald Reeves,Juice,Food & Beverage,7,1923.04,2024-06-13,No,China
324,Felicia Sullivan,Notebook,Stationery,12,1090.22,2025-11-25,Yes,China
325,Michael Gross,File Cabinet,Furniture,5,601.92,2026-12-31,Yes,Brazil
326,Edwin Allen,Socks,Clothing,1,1750.62,2026-07-29,No,Uae
327,Erin Powell,Standing Desk,Furniture,12,983.51,2024-02-02,No,Uk
328,Teresa Clark,Glue Stick,Stationery,10,756.25,2024-11-12,Yes,Canada
329,Cameron Hall,Jeans,Clothing,3,570.51,2026-12-19,Yes,Italy
330,Krista Kelly,Sneakers,Clothing,11,1461.93,2024-11-22,No,Uae
331,Harry Pennington,Smartphone,Electronics,4,1062.86,2026-07-23,Yes,Spain
332,Jennifer Dunn,Sofa,Furniture,3,399.82,2026-10-02,Yes,Uae
333,Jacob Lewis,Sneakers,Clothing,11,500.28,2026-08-03,Yes,Singapore
334,Gregory Sparks,Desk Lamp,Furniture,13,1105.67,2025-02-07,Yes,Netherlands
335,Lisa Alexander,USB Drive,Electronics,9,328.53,2025-05-04,Yes,Mexico
336,Tanner White,Keyboard,Electronics,2,322.27,2025-01-10,No,Uae
337,Amanda Luna,Smartphone,Electronics,14,374.78,2024-12-24,Yes,Sweden
338,David White,Bookshelf,Furniture,6,262.18,2026-04-11,No,Spain
339,Jennifer Stephens,Green Tea,Food & Beverage,9,793.31,2025-12-22,Yes,Mexico
340,Pamela Burke,File Cabinet,Furniture,10,466.26,2025-01-15,Yes,Germany
341,Eric Gonzalez,Desk Lamp,Furniture,12,213.54,2024-05-03,Yes,Italy
342,Michael Peters,Office Chair,Furniture,12,1216.63,2025-02-16,Yes,Brazil
343,Dr. Melissa Wheeler,Bed,Furniture,2,1741.7,2024-02-26,Yes,France
344,Dennis Edwards,Laptop,Electronics,7,370.94,2024-08-07,Yes,Spain
345,Timothy Lewis,Jacket,Clothing,12,373.11,2025-06-06,Yes,Mexico
346,Christine Nichols,Printer,Electronics,1,147.09,2024-06-10,Yes,Uae
347,Tamara Wood,Scarf,Clothing,5,1784.28,2025-10-18,Yes,Mexico
348,Larry Franco,Sneakers,Clothing,12,213.35,2024-12-02,Yes,Germany
349,Angelica Hurst,Socks,Clothing,13,2431.21,2025-12-24,Yes,Uk
350,David Torres,Dining Table,Furniture,1,1455.36,2026-01-11,Yes,Uae
351,Timothy Poole,File Cabinet,Furniture,14,301.84,2026-06-02,No,South Africa
352,Dr. Anthony Sandoval,Smartphone,Electronics,15,1468.94,2024-01-16,Yes,Singapore
353,Deanna Hammond,Bed,Furniture,5,1354.0,2026-08-23,Yes,South Korea
354,James Brown,Jacket,Clothing,1,1610.21,2025-10-05,Yes,Netherlands
355,Anthony Fisher,Green Tea,Food & Beverage,13,478.55,2026-01-28,Yes,Germany
356,Shawn Doyle,Eraser,Stationery,9,1189.55,2025-06-15,Yes,India
357,Robert Hernandez,Office Chair,Furniture,11,1511.58,2026-02-11,Yes,India
358,Erica Chambers,Socks,Clothing,4,1606.03,2026-02-02,No,Canada
359,Peggy Ford,Jacket,Clothing,7,2187.27,2025-01-22,Yes,Netherlands
360,Roy Hester,Notebook,Stationery,14,1092.66,2025-12-04,Yes,Australia
361,Meredith Oliver,Office Chair,Furniture,11,49.78,2026-05-11,No,Australia
362,Thomas French,T-Shirt,Clothing,12,751.63,2025-12-12,Yes,Argentina
363,Vincent Hodge,Green Tea,Food & Beverage,4,1413.55,2024-03-12,No,Germany
364,Joseph Moses,Bookshelf,Furniture,11,2299.35,2026-01-25,Yes,Netherlands
365,Brett Crawford,T-Shirt,Clothing,13,307.39,2025-03-11,Yes,Uk
366,Nathan Thomas,Pen,Stationery,4,1149.51,2025-11-18,Yes,South Africa
367,Angela Daniel,File Cabinet,Furniture,5,2440.89,2024-07-19,Yes,Netherlands
368,Nicholas Sanders,T-Shirt,Clothing,13,702.26,2026-02-13,Yes,Uk
369,Timothy Newman,Headphones,Electronics,4,792.04,2025-09-13,Yes,Uk
370,Tiffany Haley,Headphones,Electronics,6,186.5,2024-04-26,Yes,France
371,Nancy Mcgee,Pencil,Stationery,9,1848.09,2025-03-09,Yes,Germany
372,Gregory White,Notebook,Stationery,6,1133.33,2026-01-29,No,Japan
373,Whitney Daniel,Tape,Stationery,7,2298.31,2025-08-23,Yes,Italy
374,Adrian Vega,Bottled Water,Food & Beverage,5,1156.65,2025-04-01,No,Japan
375,Sherry Patton,Coffee Beans,Food & Beverage,3,1184.26,2026-03-12,Yes,Canada
376,Allison Petty,Mouse,Electronics,12,1996.81,2026-10-18,Yes,Singapore
377,Lisa Burns,Notebook,Stationery,11,1347.4,2026-04-25,Yes,Italy
378,Michael Ashley,Sneakers,Clothing,12,1536.8,2026-05-17,Yes,India
379,Kelsey Hall,USB Drive,Electronics,6,703.17,2024-06-04,No,Sweden
380,Karen Madden,Tape,Stationery,13,110.77,2025-04-29,Yes,Uk
381,Mackenzie Smith,Socks,Clothing,14,382.36,2024-02-02,Yes,Germany
382,Frederick King,Bread,Food & Beverage,1,218.82,2024-05-03,No,South Korea
383,Jennifer Clements,Sneakers,Clothing,12,2084.16,2026-01-31,Yes,South Korea
384,Terry Allen,Bed,Furniture,6,2369.56,2025-01-15,Yes,Uae
385,Jason Jackson,Eraser,Stationery,12,1252.26,2026-11-08,Yes,Mexico
386,Kayla Bennett,Snack Bar,Food & Beverage,14,1638.02,2024-04-20,No,Brazil
387,Kelly Foster,Coffee Beans,Food & Beverage,14,1593.63,2024-04-14,Yes,Uk
388,Olivia Evans,Snack Bar,Food & Beverage,9,2209.95,2025-06-05,Yes,India
389,Courtney Ramirez,Mouse,Electronics,6,2269.86,2024-03-29,Yes,South Korea
390,Jeremiah Moore,Tablet,Electronics,11,444.42,2024-11-06,No,Australia
391,Wesley Miller,Notebook,Stationery,14,679.19,2026-01-03,Yes,South Africa
392,Chad Diaz,Bottled Water,Food & Beverage,12,1970.8,2026-10-11,Yes,China
393,Abigail Parks,T-Shirt,Clothing,3,1474.12,2025-03-23,No,Netherlands
394,Theodore Lane,Bottled Water,Food & Beverage,14,19.2,2026-02-21,Yes,Spain
395,Lawrence Martin,Bookshelf,Furniture,11,1457.01,2026-07-14,Yes,Brazil
396,Virginia Stevens,Bottled Water,Food & Beverage,13,529.01,2026-04-05,Yes,Australia
397,Debra Gomez,Smartphone,Electronics,2,1188.62,2025-08-26,Yes,Argentina
398,Mary Barnett,Eraser,Stationery,2,1524.22,2026-10-30,Yes,Sweden
399,Robert Reid,Tape,Stationery,7,1162.85,2025-05-04,No,Singapore
400,Lisa Martinez,Headphones,Electronics,13,765.88,2025-01-11,Yes,Italy
401,Robert Brown,Smartphone,Electronics,12,616.88,2025-03-04,Yes,Brazil
402,Dr. Douglas Davis,Pen,Stationery,9,1092.11,2024-10-14,Yes,Singapore
403,Gabriella Thomas,Bottled Water,Food & Beverage,3,84.46,2025-02-09,Yes,France
404,Dr. Timothy Warren,Webcam,Electronics,2,2427.68,2024-05-13,No,India
405,Michael Horton,Bottled Water,Food & Beverage,14,2000.24,2024-08-05,No,Uae
406,Amy Bryant,Office Chair,Furniture,1,839.47,2025-06-15,No,Uk
407,Jessica Blair,Jacket,Clothing,11,2326.81,2024-08-16,Yes,France
408,Kristi Gilbert,Hat,Clothing,13,1587.08,2025-04-08,No,Singapore
409,Amanda Griffin,Standing Desk,Furniture,7,190.01,2026-08-17,Yes,Sweden
410,Matthew Bowen,Bottled Water,Food & Beverage,7,2099.13,2026-01-19,Yes,Italy
411,Christopher Rivera,Mouse,Electronics,3,652.5,2026-04-07,No,Canada
412,Tyler Robbins,Laptop,Electronics,1,1253.58,2024-11-03,Yes,South Africa
413,Joshua Perkins,Dining Table,Furniture,3,1433.94,2026-10-24,Yes,South Africa
414,Emily Morgan,Sofa,Furniture,3,420.63,2025-08-19,Yes,Spain
415,Adrian Beasley,Monitor,Electronics,4,496.51,2025-01-18,No,Italy
416,Cheryl Larson,Pencil,Stationery,15,2109.19,2024-07-10,No,Italy
417,Chris Esparza,Keyboard,Electronics,4,2271.14,2024-07-15,No,Canada
418,Amy Horn,Office Chair,Furniture,12,225.21,2024-04-13,Yes,Spain
419,Joshua Wang,Bottled Water,Food & Beverage,8,2131.69,2024-03-06,Yes,India
420,Kristen Wilson,Eraser,Stationery,12,1853.04,2026-03-26,Yes,Italy
421,Brandy Phelps,Tablet,Electronics,10,350.15,2026-02-07,Yes,Argentina
422,Renee Jones,Jacket,Clothing,2,2243.95,2026-01-31,Yes,Uk
423,Noah Saunders,Sofa,Furniture,12,1985.14,2024-12-09,Yes,Germany
424,Stephanie Mosley,Mouse,Electronics,10,200.41,2025-06-01,Yes,Italy
425,Timothy Schultz,Socks,Clothing,12,1118.49,2025-02-18,Yes,Mexico
426,Alyssa Decker,Bed,Furniture,8,1973.32,2026-08-06,Yes,Netherlands
427,Shelly Hahn,Eraser,Stationery,11,641.27,2026-06-13,Yes,Brazil
428,Mr. Walter Massey,Glue Stick,Stationery,3,2001.96,2025-08-10,Yes,China
429,Sharon Murphy,Sneakers,Clothing,11,1486.53,2026-07-01,Yes,Japan
430,Timothy Roth,Hat,Clothing,14,2137.15,2024-11-20,No,South Korea
431,Deborah Richardson,Sofa,Furniture,12,735.8,2026-02-14,No,Italy
432,Kristina Tucker,Dining Table,Furniture,11,995.85,2024-06-26,No,Australia
433,Jamie Larson,Glue Stick,Stationery,9,2491.42,2025-10-14,Yes,Singapore
434,Aaron Morgan,Glue Stick,Stationery,7,1291.34,2024-09-28,Yes,Netherlands
435,Kerry Rogers,Pen,Stationery,4,2258.59,2026-09-14,Yes,Uk
436,Donna Smith,Pen,Stationery,8,2323.98,2025-01-26,Yes,Uae
437,Jared Wright,Scarf,Clothing,11,302.95,2026-07-30,Yes,India
438,Christopher Berry,Sneakers,Clothing,8,1248.38,2025-07-18,Yes,Australia
439,Rebecca Love,Hat,Clothing,14,113.51,2025-01-13,Yes,Brazil
440,Christy Obrien,Snack Bar,Food & Beverage,10,2177.08,2025-08-11,Yes,India
441,Mark Bullock,Laptop,Electronics,12,1996.13,2025-12-03,No,Uk
442,Paula Mclaughlin,Snack Bar,Food & Beverage,15,974.59,2026-04-29,Yes,Germany
443,Lisa Calhoun,Jacket,Clothing,14,1500.06,2026-04-07,No,Brazil
444,Denise Krueger,Pen,Stationery,11,449.0,2026-01-02,Yes,Spain
445,Zachary Wilson,Standing Desk,Furniture,14,1540.6,2024-05-02,Yes,South Africa
446,Julie Robles,Socks,Clothing,3,177.02,2025-01-20,Yes,Sweden
447,Angela Thomas,Sofa,Furniture,9,875.59,2026-02-07,Yes,Sweden
448,Richard Davis,Ruler,Stationery,15,1911.97,2026-02-28,Yes,Japan
449,Andrew Thompson,USB Drive,Electronics,12,2013.3,2026-10-06,Yes,Uk
450,Spencer Bell,Bed,Furniture,2,1052.2,2025-04-15,Yes,Italy
451,Clifford Salinas,Stapler,Stationery,5,2229.2,2024-11-29,Yes,China
452,Casey Graham,Stapler,Stationery,6,2104.75,2024-05-13,Yes,India
453,Adam Fox,Glue Stick,Stationery,10,1056.1,2026-09-02,Yes,Uae
454,Cynthia Bolton,Sneakers,Clothing,7,214.15,2026-05-14,No,Mexico
455,Eugene Harris,Pen,Stationery,4,1124.43,2024-06-12,Yes,Spain
456,Roger Thomas,Office Chair,Furniture,6,2171.24,2025-10-12,Yes,Argentina
457,Cheryl Stark,Headphones,Electronics,1,1703.02,2024-06-28,No,South Africa
458,Evan Miller,Snack Bar,Food & Beverage,5,1870.78,2026-12-17,Yes,South Africa
459,Megan Collins,Bed,Furniture,1,1461.3,2025-01-09,Yes,Canada
460,Mr. Marc Austin MD,Green Tea,Food & Beverage,2,1697.91,2025-04-20,No,Spain
461,Paige Cooper,Sofa,Furniture,10,1301.53,2025-08-12,No,Netherlands
462,Collin Young,Green Tea,Food & Beverage,12,2045.72,2025-01-30,Yes,Uk
463,Sean Jones,Jacket,Clothing,9,2124.05,2024-01-24,No,Canada
464,Kari Thomas,Sofa,Furniture,7,89.31,2026-12-14,No,Brazil
465,Kelly Castro,File Cabinet,Furniture,2,101.08,2024-07-14,Yes,South Africa
466,Chris Smith,Snack Bar,Food & Beverage,7,930.57,2026-04-05,Yes,Canada
467,Michael Parker,Sneakers,Clothing,3,466.09,2026-11-15,Yes,Italy
468,Robert Phillips,T-Shirt,Clothing,5,1627.0,2025-06-08,Yes,South Africa
469,Shaun Watson,Snack Bar,Food & Beverage,11,2341.08,2025-09-17,Yes,Italy
470,Scott Nixon,Bed,Furniture,12,2422.35,2026-10-09,Yes,Argentina
471,Nathaniel Moore,Notebook,Stationery,5,2385.29,2024-04-25,Yes,Australia
472,Courtney Hunt,Snack Bar,Food & Beverage,14,1178.25,2024-12-11,No,India
473,Todd Shaw,Ruler,Stationery,2,2276.91,2024-09-13,Yes,Uk
474,Michelle Holland,File Cabinet,Furniture,1,980.7,2024-07-01,Yes,Australia
475,Austin Harrell,Laptop,Electronics,6,853.05,2026-05-30,Yes,Netherlands
476,Dawn Garcia,Stapler,Stationery,8,1966.01,2025-06-05,Yes,Mexico
477,Manuel Hutchinson,Pen,Stationery,2,326.48,2025-08-29,Yes,France
478,Hannah Ware,Hat,Clothing,7,577.03,2024-07-09,Yes,Japan
479,Tammy Schwartz,Scarf,Clothing,15,781.13,2024-01-07,Yes,India
480,Joshua Kim,Headphones,Electronics,8,2151.27,2026-03-15,No,United States
481,Annette Kelly,Ruler,Stationery,13,2463.34,2025-12-12,No,Brazil
482,Crystal Greene,Printer,Electronics,4,1913.31,2026-03-28,Yes,India
483,Mrs. Sarah Spencer,Bookshelf,Furniture,2,1202.56,2026-10-17,No,Canada
484,Alexandra Rogers,Tablet,Electronics,9,1392.67,2024-11-10,Yes,Italy
485,Vanessa Collins,Tablet,Electronics,7,171.68,2025-05-23,Yes,Australia
486,Laura Chandler,Juice,Food & Beverage,4,1425.66,2026-08-24,Yes,Argentina
487,Heather Stein,Pencil,Stationery,7,1864.2,2024-12-11,Yes,Italy
488,Craig Jones,Bottled Water,Food & Beverage,4,885.51,2026-02-01,No,Germany
489,Diana Smith,Scarf,Clothing,7,1474.85,2026-09-30,Yes,Spain
490,Kara Luna,Bottled Water,Food & Beverage,8,1126.25,2026-02-03,Yes,Germany
491,Gregory Lopez,USB Drive,Electronics,13,156.69,2025-12-25,Yes,India
492,Sherri Torres,Juice,Food & Beverage,14,445.06,2025-03-04,Yes,India
493,Joy Cole,Desk Lamp,Furniture,13,1948.86,2024-11-10,No,South Korea
494,Emily Martinez,Desk Lamp,Furniture,1,615.1,2025-02-22,Yes,Brazil
495,Miss Kristin Smith,Jeans,Clothing,10,1743.05,2026-07-16,No,Singapore
496,Karen Smith,T-Shirt,Clothing,15,2134.97,2026-11-15,Yes,South Africa
497,Joshua Wright,Bed,Furniture,9,1871.88,2024-08-31,Yes,South Africa
498,Cody King,Bookshelf,Furniture,11,87.46,2024-03-16,No,Argentina
499,Elizabeth Miller,Desk Lamp,Furniture,12,1076.7,2026-04-21,No,Sweden
500,Amber Glover,File Cabinet,Furniture,11,408.66,2024-11-04,Yes,South Korea
501,Stephanie Garcia,Bookshelf,Furniture,6,688.07,2024-10-17,Yes,China
502,Angel Roberts,Dining Table,Furniture,12,2463.89,2026-10-08,Yes,Singapore
503,Taylor Cross,Laptop,Electronics,8,1090.78,2024-10-31,Yes,Sweden
504,Derrick Fox DDS,Coffee Beans,Food & Beverage,3,821.5,2025-03-19,Yes,Netherlands
505,Amber Wagner,Juice,Food & Beverage,6,1849.15,2025-12-08,No,South Africa
506,Brian Ferguson,Coffee Beans,Food & Beverage,2,1079.04,2025-05-19,No,Argentina
507,Adam Camacho,Jacket,Clothing,13,1470.52,2025-05-04,Yes,Mexico
508,Louis Bailey,Standing Desk,Furniture,13,33.93,2025-07-12,Yes,Italy
509,Dr. Robin Kennedy,Juice,Food & Beverage,6,1491.27,2025-01-30,Yes,India
510,James Smith,Tablet,Electronics,12,1603.52,2026-09-28,Yes,South Africa
511,Vincent Dunn,Printer,Electronics,6,2411.5,2024-02-02,No,Spain
512,Thomas Williams,Standing Desk,Furniture,3,1911.71,2025-01-29,Yes,Spain
513,Elizabeth Lee,Jacket,Clothing,10,1114.18,2024-11-23,No,Australia
514,Mr. David Castillo MD,Desk Lamp,Furniture,2,2287.18,2025-03-23,Yes,Singapore
515,Tracey Boyd,Keyboard,Electronics,14,1833.62,2024-07-30,Yes,France
516,Greg Hayden,USB Drive,Electronics,5,46.39,2024-02-12,Yes,Australia
517,Michael Collins,Coffee Beans,Food & Beverage,13,1208.88,2026-11-01,No,Spain
518,David Duncan,Scarf,Clothing,8,1851.93,2026-02-22,Yes,Canada
519,Diane Alexander,Notebook,Stationery,4,1791.2,2024-06-30,Yes,South Africa
520,Kimberly Jennings,Tablet,Electronics,10,2186.52,2025-11-02,No,Sweden
521,Stephen Campbell,Scarf,Clothing,14,1088.66,2026-10-25,Yes,Sweden
522,Dawn Simpson,Ruler,Stationery,8,871.16,2024-09-09,Yes,Germany
523,Rhonda Mcclain,Dining Table,Furniture,9,1478.38,2025-09-17,No,United States
524,Brandy Wilson,Eraser,Stationery,3,2415.32,2024-12-08,Yes,Germany
525,Lauren Tran,Ruler,Stationery,13,395.25,2026-07-02,No,Netherlands
526,Melissa Barber,Office Chair,Furniture,13,692.3,2024-02-29,No,United States
527,Sonya Howard,Coffee Beans,Food & Beverage,14,1797.88,2024-08-02,Yes,Italy
528,Charles Webb,Hat,Clothing,11,2145.86,2024-10-13,Yes,Australia
529,Jared Beltran,Scarf,Clothing,4,1920.26,2024-08-25,Yes,China
530,Sherri Malone,Juice,Food & Beverage,2,2298.71,2026-09-28,Yes,Argentina
531,Kyle Williams,Snack Bar,Food & Beverage,9,1677.15,2026-03-01,Yes,India
532,John Mclaughlin,Mouse,Electronics,9,461.11,2024-09-13,Yes,Mexico
533,Katrina Simon,Notebook,Stationery,2,2127.62,2025-06-17,Yes,Canada
534,Kristen Lindsey,Socks,Clothing,8,2014.58,2025-09-06,Yes,Sweden
535,Brian Wood,Stapler,Stationery,12,2327.09,2024-08-08,No,United States
536,Dr. Aaron Martin Jr.,Scarf,Clothing,6,1636.45,2025-01-29,No,United States
537,Rebecca Murray,Headphones,Electronics,2,678.59,2024-06-15,Yes,Singapore
538,Joshua Vaughn,Bread,Food & Beverage,3,2153.31,2026-10-03,Yes,Australia
539,Darlene Cook,Ruler,Stationery,15,1650.15,2026-10-06,No,Australia
540,Kenneth Evans,Dining Table,Furniture,14,2385.4,2026-09-27,Yes,Australia
541,Brian Olson,Office Chair,Furniture,9,410.76,2024-03-01,Yes,Brazil
542,Hannah Ramsey,Office Chair,Furniture,5,80.86,2026-06-13,No,China
543,Oscar Barber,USB Drive,Electronics,4,457.39,2024-11-15,Yes,Canada
544,Kelly Lopez,Stapler,Stationery,11,2393.76,2026-08-22,Yes,Netherlands
545,Sarah Davis,Tape,Stationery,13,172.48,2026-12-18,No,Italy
546,Jennifer Johnston,File Cabinet,Furniture,13,76.87,2024-06-15,Yes,Brazil
547,Christine Thomas,Bottled Water,Food & Beverage,4,1446.93,2026-05-04,Yes,Netherlands
548,Sharon Gordon,Sneakers,Clothing,3,2094.26,2024-05-31,Yes,Japan
549,Craig Flowers PhD,Ruler,Stationery,14,635.55,2025-05-14,No,Singapore
550,Michelle Thomas DVM,Monitor,Electronics,14,251.4,2025-06-19,Yes,Uae
551,Mrs. Melissa Chavez,Juice,Food & Beverage,1,708.69,2024-08-21,Yes,Canada
552,Cory Barnes,Desk Lamp,Furniture,11,1477.28,2024-11-18,Yes,Spain
553,Christy Hebert,Office Chair,Furniture,15,1660.64,2026-02-07,Yes,Canada
554,Tyler Jones,Sneakers,Clothing,11,1377.78,2025-05-30,Yes,China
555,Kathryn Watson,Keyboard,Electronics,5,1486.33,2025-08-03,Yes,Italy
556,Jacqueline Solomon,File Cabinet,Furniture,14,1339.77,2026-04-26,No,Japan
557,Michael Suarez,Smartphone,Electronics,4,1672.33,2025-04-04,Yes,South Korea
558,Alexander Ross,Monitor,Electronics,6,474.8,2026-07-07,Yes,Mexico
559,Justin Stout,Socks,Clothing,9,1382.82,2025-04-30,Yes,Singapore
560,Christopher King,Jacket,Clothing,14,369.71,2025-09-02,Yes,Sweden
561,Andrew Smith,Bottled Water,Food & Beverage,13,797.03,2025-11-02,Yes,Spain
562,Anthony Fletcher,Hat,Clothing,11,557.87,2025-01-22,No,Mexico
563,Sharon Smith,Juice,Food & Beverage,9,2208.51,2026-10-31,Yes,South Africa
564,Kellie Quinn,Juice,Food & Beverage,9,2096.44,2026-10-22,Yes,Australia
565,Rhonda Turner,Headphones,Electronics,3,991.02,2024-04-12,Yes,Argentina
566,Joseph Rivera,Office Chair,Furniture,13,1492.99,2026-04-03,Yes,China
567,Sue Swanson,Printer,Electronics,4,304.26,2026-10-24,Yes,Uk
568,Christopher Green,Sneakers,Clothing,15,2491.12,2026-10-26,Yes,Japan
569,James Elliott MD,Jeans,Clothing,15,1038.31,2024-07-09,Yes,Sweden
570,Dean Miller,Bottled Water,Food & Beverage,1,834.16,2026-10-11,Yes,South Korea
571,Victoria Martinez,Mouse,Electronics,5,742.7,2025-10-06,No,Uae
572,Amy Silva,Laptop,Electronics,1,432.69,2024-12-08,Yes,China
573,Brenda Soto,Stapler,Stationery,3,1746.2,2026-07-06,Yes,Australia
574,Glen Coleman,File Cabinet,Furniture,15,2195.54,2024-01-28,No,Australia
575,Teresa Fuller,Pencil,Stationery,15,1562.1,2025-10-28,Yes,Brazil
576,Megan Miller,Bread,Food & Beverage,9,205.65,2025-12-19,Yes,Sweden
577,Melissa Garcia,Dining Table,Furniture,10,347.87,2024-04-19,No,India
578,Jessica Nolan,Green Tea,Food & Beverage,9,192.54,2024-11-12,Yes,Brazil
579,Virginia Martinez,Bed,Furniture,12,1835.39,2025-05-31,Yes,Brazil
580,Amy Ramirez,Socks,Clothing,5,1752.7,2025-04-23,Yes,Spain
581,Mary Mann,Hat,Clothing,13,907.1,2025-12-27,No,Netherlands
582,Michelle Nelson,USB Drive,Electronics,3,2448.94,2026-09-13,No,Argentina
583,John Olson,T-Shirt,Clothing,15,1416.02,2024-06-13,Yes,United States
584,Jamie Bowen,Printer,Electronics,9,2058.05,2024-08-08,Yes,Australia
585,Patrick Parks,Webcam,Electronics,7,1191.83,2025-04-29,Yes,Germany
586,Joshua Palmer,Notebook,Stationery,8,2489.62,2026-05-13,Yes,Brazil
587,Amber Lyons,Laptop,Electronics,3,119.56,2024-05-18,No,Netherlands
588,Ashley Allen,Juice,Food & Beverage,1,2073.39,2026-01-05,Yes,South Africa
589,Lisa Davidson,Sneakers,Clothing,12,1888.28,2026-08-17,Yes,South Korea
590,Jenna Christian,Office Chair,Furniture,2,2146.72,2026-08-05,Yes,United States
591,Michelle Lynch,Eraser,Stationery,11,1553.32,2026-01-17,No,France
592,Dana Snow,Jeans,Clothing,13,1770.11,2025-10-11,Yes,India
593,Jeremy Robinson,Bed,Furniture,6,948.1,2026-01-03,No,Sweden
594,Paul Craig,Standing Desk,Furniture,12,1935.0,2026-06-15,Yes,India
595,Mary Newman,Bookshelf,Furniture,10,1138.71,2025-07-06,Yes,Canada
596,Misty Stevenson,Green Tea,Food & Beverage,10,617.6,2025-06-05,Yes,Australia
597,Sarah Sparks,Scarf,Clothing,13,1722.48,2024-10-30,Yes,Netherlands
598,Dawn Lopez,Green Tea,Food & Beverage,13,441.52,2025-12-15,Yes,United States
599,Nathaniel Prince,Dining Table,Furniture,1,645.78,2026-09-08,Yes,Spain
600,Antonio Hammond,Sneakers,Clothing,14,1921.17,2026-11-30,Yes,Sweden
601,Dr. Andrew Sampson MD,Bread,Food & Beverage,15,399.65,2026-04-16,Yes,Spain
602,Christina Davis,Desk Lamp,Furniture,9,968.68,2025-05-03,Yes,Argentina
603,Susan Sanders,Bread,Food & Beverage,9,1078.07,2024-10-08,No,Japan
604,John Singh,Ruler,Stationery,7,1963.11,2025-09-19,Yes,Canada
605,Nathan Robinson,Mouse,Electronics,6,1276.39,2025-12-11,Yes,Italy
606,Rachel Hunter,Mouse,Electronics,8,185.59,2025-10-18,Yes,Uae
607,Jose Smith,Scarf,Clothing,1,2037.91,2025-06-21,Yes,Mexico
608,Kaitlin Kline,Glue Stick,Stationery,12,2346.2,2025-02-19,No,South Korea
609,Ashley Luna,Jacket,Clothing,10,2479.6,2026-01-17,Yes,United States
610,Joseph Chandler,Coffee Beans,Food & Beverage,5,707.59,2024-05-10,Yes,Uae
611,Craig Morales,Coffee Beans,Food & Beverage,12,686.26,2026-03-31,Yes,Germany
612,Cheryl Mcdaniel,Standing Desk,Furniture,1,1986.91,2024-07-19,Yes,Netherlands
613,Stuart Stevens,Glue Stick,Stationery,1,2254.88,2026-09-09,Yes,Netherlands
614,David Lynch,Pen,Stationery,3,746.03,2025-06-25,No,Singapore
615,Joseph Hale,Tablet,Electronics,9,713.63,2026-04-20,Yes,Canada
616,Nicholas Barnett,Stapler,Stationery,10,2082.53,2024-08-29,Yes,Japan
617,Joanna Mann,Bookshelf,Furniture,15,1531.57,2025-03-04,Yes,South Africa
618,Kristen Wilson,Coffee Beans,Food & Beverage,12,1088.21,2026-07-16,Yes,South Korea
619,Darrell Munoz,Monitor,Electronics,15,1040.77,2025-08-04,No,Netherlands
620,Mary Wall,Green Tea,Food & Beverage,11,591.31,2024-09-19,No,United States
621,Laura Smith,T-Shirt,Clothing,15,2463.65,2026-05-28,Yes,Japan
622,Matthew Walsh,Stapler,Stationery,3,387.26,2026-05-18,Yes,China
623,Walter Watson,T-Shirt,Clothing,1,2144.8,2024-09-06,Yes,South Korea
624,Robert Santos,Monitor,Electronics,13,320.88,2024-09-26,Yes,Germany
625,Donna Smith,Sneakers,Clothing,8,2301.23,2025-07-23,Yes,France
626,James Gilmore,Desk Lamp,Furniture,2,1973.98,2026-09-25,Yes,Uae
627,Mary Carroll,Sofa,Furniture,3,1650.88,2026-06-30,No,Uae
628,James Lee,Coffee Beans,Food & Beverage,14,664.95,2025-04-23,Yes,South Africa
629,Steven Gomez,Smartphone,Electronics,13,191.85,2025-04-30,Yes,France
630,Steven Williams,Tablet,Electronics,5,1866.37,2026-08-07,Yes,Italy
631,David Dean,Notebook,Stationery,2,1803.08,2026-06-02,Yes,Uae
632,Lisa Taylor,Stapler,Stationery,11,1461.79,2025-10-10,No,Italy
633,Matthew Collins,Bookshelf,Furniture,15,1525.49,2025-05-26,No,Australia
634,Nicholas Gilmore PhD,Sofa,Furniture,7,2282.16,2024-10-24,Yes,Italy
635,Kenneth Brown,Bread,Food & Beverage,6,54.66,2024-02-20,Yes,Canada
636,Matthew Griffith,Juice,Food & Beverage,2,752.81,2026-06-24,No,Singapore
637,Krista Hamilton,Standing Desk,Furniture,11,2202.05,2024-01-10,Yes,Spain
638,Brandon Alexander,Jacket,Clothing,10,1317.77,2026-04-07,Yes,Brazil
639,Donna Skinner,Standing Desk,Furniture,11,763.56,2026-07-03,Yes,Germany
640,Janice Marshall,Mouse,Electronics,10,2101.64,2025-07-11,Yes,France
641,Stacy Garza,Eraser,Stationery,9,602.58,2024-09-19,No,India
642,Norma Nicholson,Pen,Stationery,13,360.18,2024-11-29,Yes,Japan
643,David Robinson,Smartphone,Electronics,12,1268.34,2025-12-05,No,Germany
644,Nathaniel Williams,Hat,Clothing,12,1671.69,2024-03-02,Yes,France
645,Debra Stewart,Keyboard,Electronics,13,1855.91,2026-10-08,No,Uk
646,Nathaniel Greene,Notebook,Stationery,6,312.39,2025-08-12,No,Uk
647,Marc Lynch,Bread,Food & Beverage,10,2307.59,2025-06-13,Yes,Uk
648,Laurie Saunders,Dining Table,Furniture,5,1357.77,2025-04-17,Yes,United States
649,James Yang,Snack Bar,Food & Beverage,10,2138.88,2024-05-30,No,South Korea
650,Ms. Jill Cooper,Ruler,Stationery,12,2191.86,2025-12-18,Yes,Sweden
651,Laura Gomez,Ruler,Stationery,7,820.22,2025-01-17,Yes,Japan
652,Bryan Stephens,Coffee Beans,Food & Beverage,15,484.91,2024-08-22,Yes,Japan
653,Sharon Guerrero,Desk Lamp,Furniture,14,1041.47,2024-01-22,Yes,Sweden
654,Brendan Williams,Scarf,Clothing,1,2177.9,2026-09-16,Yes,India
655,Elizabeth Anderson,Standing Desk,Furniture,8,780.73,2024-12-29,Yes,Italy
656,Brittany Lucero,Printer,Electronics,11,2446.96,2024-10-29,Yes,Brazil
657,Charles Branch,Pen,Stationery,15,1455.31,2025-06-01,Yes,Singapore
658,John Perez,Bread,Food & Beverage,10,1797.38,2026-05-31,No,South Africa
659,Matthew Vargas,Bottled Water,Food & Beverage,8,66.5,2024-08-07,Yes,South Africa
660,Steven Williams,Scarf,Clothing,13,476.54,2026-05-22,Yes,United States
661,Steven Rogers,Snack Bar,Food & Beverage,9,267.19,2025-10-24,Yes,Argentina
662,Michelle Blair,T-Shirt,Clothing,8,675.99,2025-10-19,Yes,France
663,Lisa Smith DVM,Ruler,Stationery,10,2039.46,2025-05-15,No,South Africa
664,Kevin Andersen,Socks,Clothing,10,1522.01,2026-05-09,Yes,Canada
665,Kim Parker,Stapler,Stationery,2,1813.46,2025-07-03,Yes,Sweden
666,Jonathan Nelson,Bookshelf,Furniture,6,2154.39,2026-09-18,Yes,South Korea
667,Kayla Roberson,Coffee Beans,Food & Beverage,5,2086.41,2025-09-02,Yes,Italy
668,Deanna Solis,Desk Lamp,Furniture,13,2357.31,2026-04-15,No,South Africa
669,Stephanie Johnson,Dining Table,Furniture,13,1805.39,2024-06-07,No,Argentina
670,Jose Jefferson,Stapler,Stationery,5,315.8,2025-01-25,Yes,Spain
671,David Porter,Office Chair,Furniture,9,874.05,2024-09-04,Yes,Uae
672,Michelle Cantu,Bread,Food & Beverage,4,691.76,2026-06-26,No,India
673,Jennifer Walters,Bread,Food & Beverage,14,2346.52,2024-05-23,Yes,Uk
674,Heather Avery,Scarf,Clothing,9,326.56,2024-12-02,No,Italy
675,Andrew Smith,T-Shirt,Clothing,1,816.33,2025-12-22,No,China
676,Jeffrey Wilson,Jacket,Clothing,10,1552.8,2025-07-07,No,South Africa
677,Brittany Rodriguez,Bed,Furniture,13,996.43,2025-06-19,No,Argentina
678,Victor Park,Printer,Electronics,14,1558.53,2026-11-13,Yes,France
679,Samantha Brandt,Mouse,Electronics,5,2356.33,2024-12-17,No,Mexico
680,Ryan Smith,Pen,Stationery,4,2293.59,2026-08-11,No,Uae
681,George Lee,Smartphone,Electronics,12,1192.01,2026-09-24,Yes,Germany
682,Christina Miller,Hat,Clothing,6,172.53,2025-09-29,Yes,Japan
683,Samantha Villa,Eraser,Stationery,11,2457.15,2024-04-27,Yes,China
684,Kayla Nichols,Sofa,Furniture,8,2474.63,2025-11-10,Yes,Italy
685,Zachary Parsons,Stapler,Stationery,14,1026.62,2024-01-23,Yes,Sweden
686,Robert Rodriguez,Jeans,Clothing,1,2176.69,2024-10-21,Yes,Germany
687,Daniel Mcdonald,Pen,Stationery,5,82.05,2024-01-05,No,Sweden
688,Daniel Sanders,Coffee Beans,Food & Beverage,13,664.88,2024-02-28,Yes,Brazil
689,Greg Watson,Sneakers,Clothing,1,304.01,2025-05-08,No,Netherlands
690,Jennifer Cruz,Jacket,Clothing,11,357.59,2024-09-01,Yes,Spain
691,Tyler Schmitt,Monitor,Electronics,10,1054.25,2025-01-25,Yes,Australia
692,Joel Green,Sofa,Furniture,2,1937.26,2024-07-12,No,India
693,Clifford Schwartz,Bed,Furniture,11,1068.97,2025-10-13,Yes,Sweden
694,Angie Meyer,Dining Table,Furniture,13,1582.72,2025-06-12,No,Uk
695,April Johnson,Green Tea,Food & Beverage,12,455.03,2026-07-30,Yes,Singapore
696,Michael Barrera,T-Shirt,Clothing,7,1083.65,2026-10-05,Yes,Canada
697,Taylor Hernandez,Green Tea,Food & Beverage,5,704.76,2024-11-19,Yes,Uae
698,Jeffrey Washington,Stapler,Stationery,4,693.73,2025-08-12,No,United States
699,Joel Mcdonald,Headphones,Electronics,15,180.9,2025-03-01,No,France
700,Isaiah Owen,Tablet,Electronics,7,1741.71,2024-06-23,No,Uae
701,Wendy Pierce,File Cabinet,Furniture,4,469.02,2024-12-31,No,France
702,Kevin Smith,Juice,Food & Beverage,14,2065.81,2025-01-22,No,France
703,Justin Woods,Juice,Food & Beverage,7,2199.75,2026-01-16,Yes,Spain
704,Patricia Phillips,Sneakers,Clothing,1,1487.33,2024-09-21,Yes,Uk
705,Henry Sullivan,Green Tea,Food & Beverage,8,1075.32,2025-02-14,No,Netherlands
706,Jeffrey Gomez,Office Chair,Furniture,14,469.44,2024-12-30,No,Netherlands
707,April Hunter,Smartphone,Electronics,7,1464.26,2024-10-01,Yes,Germany
708,Haley Stone,Socks,Clothing,4,2471.18,2024-01-22,Yes,China
709,Catherine Michael,Socks,Clothing,15,954.27,2024-07-31,No,Canada
710,Cameron Odonnell,Standing Desk,Furniture,11,1277.43,2026-07-22,No,United States
711,Lori Johnson,Desk Lamp,Furniture,11,2252.1,2025-12-29,No,Brazil
712,Jeffery Mccarty,Notebook,Stationery,1,289.51,2026-11-05,No,Italy
713,Jeffrey Allen,Sofa,Furniture,9,1552.61,2024-09-02,Yes,Spain
714,Mrs. Jane Park PhD,Jeans,Clothing,14,1030.84,2026-08-07,No,Argentina
715,Thomas Russell,USB Drive,Electronics,14,1765.61,2026-09-08,Yes,South Korea
716,David Mcconnell,Jeans,Clothing,15,1534.51,2025-11-23,No,France
717,Melody Patel,Stapler,Stationery,12,1532.92,2024-05-11,Yes,Canada
718,Kathryn Brooks,Green Tea,Food & Beverage,6,764.88,2025-10-04,Yes,Mexico
719,Sandra Fuller,Office Chair,Furniture,14,949.85,2026-08-02,Yes,Italy
720,Brad Holden,Ruler,Stationery,1,1891.76,2024-12-21,Yes,Sweden
721,Patrick Chavez,Notebook,Stationery,13,255.5,2024-08-01,No,Australia
722,Shawn Bates,USB Drive,Electronics,12,2346.14,2025-03-29,No,South Africa
723,Phillip Ryan,Tape,Stationery,6,301.27,2026-05-14,No,Sweden
724,Megan Davis,Bed,Furniture,8,2158.18,2024-04-25,No,Netherlands
725,Mr. Jason Stephens,Coffee Beans,Food & Beverage,7,2485.08,2026-09-21,No,Uae
726,Madison Green,Jeans,Clothing,9,530.49,2024-07-18,No,India
727,Aaron Warren,Sneakers,Clothing,12,1674.51,2026-03-28,No,Mexico
728,Mr. Gregory Meyers,Socks,Clothing,12,649.07,2026-04-25,Yes,India
729,Lori Hall,Ruler,Stationery,12,1215.1,2026-02-10,Yes,Canada
730,Alan Hill,Hat,Clothing,1,1323.41,2026-08-25,No,Italy
731,Richard Alexander,Sneakers,Clothing,8,903.03,2025-03-28,No,Brazil
732,Danielle Jackson,Coffee Beans,Food & Beverage,7,9.51,2024-11-02,Yes,Brazil
733,Seth Brown,Coffee Beans,Food & Beverage,9,1382.14,2025-05-13,Yes,Sweden
734,Frank Marquez,Bottled Water,Food & Beverage,10,1107.6,2026-05-19,Yes,Spain
735,Stephen Parker,Eraser,Stationery,4,1767.1,2026-03-12,No,Germany
736,Gabrielle Sutton,Standing Desk,Furniture,12,901.76,2024-01-06,Yes,Singapore
737,Mr. Raymond Jones,USB Drive,Electronics,4,979.91,2025-04-25,Yes,South Africa
738,Nancy Figueroa,Smartphone,Electronics,6,1800.63,2024-08-24,Yes,Japan
739,Christina Brown,Bed,Furniture,2,647.04,2025-12-08,No,United States
740,Courtney Barker,Dining Table,Furniture,2,1391.36,2026-06-17,No,United States
741,Haley Li,Dining Table,Furniture,13,1049.44,2024-01-02,Yes,Sweden
742,Brian Richards,Desk Lamp,Furniture,2,26.7,2025-03-19,Yes,Brazil
743,Angela King,Coffee Beans,Food & Beverage,7,708.3,2026-12-02,Yes,Sweden
744,Katherine Doyle,Snack Bar,Food & Beverage,10,2304.87,2026-10-03,No,Canada
745,Stacy Hahn MD,Bookshelf,Furniture,11,118.2,2024-08-12,Yes,Netherlands
746,Keith Shaffer,Glue Stick,Stationery,12,571.46,2024-12-21,No,South Korea
747,Brandon Decker,Jacket,Clothing,7,712.07,2024-01-10,Yes,Australia
748,Tracey Mckinney,Green Tea,Food & Beverage,5,2224.71,2024-07-02,Yes,France
749,Jerry Turner,Coffee Beans,Food & Beverage,8,1722.74,2025-05-01,Yes,Uae
750,Jill Barker,Snack Bar,Food & Beverage,10,999.82,2025-07-28,Yes,South Africa
751,Jade Mcgee,Jeans,Clothing,7,231.63,2024-11-26,No,France
752,Donna Smith,Notebook,Stationery,2,1764.86,2026-11-25,No,Argentina
753,Samantha Odonnell,Socks,Clothing,8,919.67,2024-07-09,Yes,South Korea
754,Crystal Walker,Notebook,Stationery,15,1403.86,2025-04-04,Yes,Japan
755,Christina Coleman,T-Shirt,Clothing,15,2178.17,2026-01-29,No,Netherlands
756,Brandon Silva,Pen,Stationery,15,682.0,2026-09-09,No,United States
757,Joshua Brown,Scarf,Clothing,3,2243.75,2026-04-11,Yes,Netherlands
758,Brittany Carney,Smartphone,Electronics,6,1034.06,2024-10-06,No,South Korea
759,Molly Campbell,Notebook,Stationery,2,1417.39,2024-10-13,Yes,Italy
760,Jason Mcguire,Tape,Stationery,9,822.4,2026-02-03,Yes,Uae
761,Megan Davis,T-Shirt,Clothing,12,358.95,2026-10-24,Yes,Singapore
762,Anthony Perez,Tablet,Electronics,4,724.24,2024-04-19,Yes,India
763,Jason Schmidt,Tablet,Electronics,8,653.1,2024-12-22,Yes,Uae
764,William Liu,Bottled Water,Food & Beverage,10,879.89,2024-11-09,No,South Africa
765,John Miller,Office Chair,Furniture,5,1246.94,2026-09-15,Yes,Australia
766,Bruce Jones,Tape,Stationery,5,307.29,2025-08-13,Yes,Mexico
767,Kenneth Brown,Sneakers,Clothing,9,2214.07,2025-11-24,Yes,Germany
768,Stephen Martinez,Bookshelf,Furniture,8,853.4,2024-04-11,No,Italy
769,Robert Murray,Printer,Electronics,12,906.93,2026-02-28,Yes,Argentina
770,Mr. Edward Wright DVM,Scarf,Clothing,9,854.34,2025-03-26,Yes,Uk
771,Debra Mcclain,T-Shirt,Clothing,13,2042.93,2026-05-08,Yes,Italy
772,Andrew Snow,Eraser,Stationery,14,433.39,2026-09-07,Yes,South Korea
773,Donald Barnes,Eraser,Stationery,2,904.55,2024-03-26,Yes,Brazil
774,Adam Gonzalez,Sneakers,Clothing,3,1167.05,2024-11-13,Yes,Germany
775,Nicole Evans,Jacket,Clothing,10,1346.05,2026-01-28,Yes,India
776,Joseph Newton,Bread,Food & Beverage,13,294.51,2024-08-21,No,India
777,Dana Brown,Jeans,Clothing,10,68.36,2024-11-17,Yes,South Africa
778,Samantha King,Laptop,Electronics,11,396.9,2026-09-18,No,Germany
779,Diana Russell,Keyboard,Electronics,13,1169.25,2026-07-15,Yes,Spain
780,Tammy Gordon,T-Shirt,Clothing,14,1055.88,2025-03-15,Yes,Netherlands
781,Eric Gill,Bread,Food & Beverage,8,958.41,2024-03-09,Yes,Japan
782,Matthew Baker,Webcam,Electronics,13,924.26,2025-06-08,Yes,Canada
783,Lori Watson,Glue Stick,Stationery,1,543.73,2025-12-01,Yes,Japan
784,Julie Schneider,Pencil,Stationery,12,2222.73,2026-09-10,Yes,South Korea
785,Carolyn Boone,Juice,Food & Beverage,5,1677.69,2024-08-11,No,Uk
786,Colton Rodriguez,Dining Table,Furniture,6,797.63,2025-11-20,Yes,Mexico
787,Jessica Randall,Standing Desk,Furniture,7,2197.76,2026-07-26,Yes,Brazil
788,Julie Salazar,Bookshelf,Furniture,14,730.34,2025-07-05,No,South Korea
789,Michael Jacobs,Snack Bar,Food & Beverage,4,1770.27,2026-08-04,No,Uk
790,Blake Underwood,Tape,Stationery,7,2205.1,2025-10-11,Yes,Argentina
791,Sandra Evans,Desk Lamp,Furniture,6,1111.1,2024-02-15,No,Netherlands
792,Robert Montgomery,Snack Bar,Food & Beverage,10,759.47,2025-12-22,Yes,Italy
793,Cody Long,Stapler,Stationery,4,831.38,2025-01-05,Yes,Italy
794,Alicia Carter,File Cabinet,Furniture,3,2178.57,2025-05-12,Yes,Italy
795,Christian Silva,Monitor,Electronics,14,858.22,2026-11-17,Yes,Mexico
796,Joseph Kaiser,Scarf,Clothing,15,1540.74,2024-04-11,Yes,China
797,Todd Allen,Jacket,Clothing,3,83.66,2025-05-18,Yes,Uk
798,Rebecca Flores,Tape,Stationery,13,602.24,2024-12-06,Yes,Canada
799,Kathleen Moreno,Printer,Electronics,14,1232.75,2025-06-23,Yes,Netherlands
800,Joel Hardy,Jeans,Clothing,6,1804.39,2024-11-18,Yes,Argentina
801,Laura Rodriguez,Desk Lamp,Furniture,14,359.05,2026-05-06,Yes,Spain
802,Charles Erickson,Pen,Stationery,6,1952.0,2024-01-18,Yes,Sweden
803,Ryan Greene,Scarf,Clothing,7,1441.04,2024-01-16,Yes,Argentina
804,Kyle Massey,Dining Table,Furniture,1,1991.1,2025-08-10,No,Japan
805,Holly Rich,Mouse,Electronics,11,1144.48,2024-09-01,Yes,Australia
806,Dennis Porter,File Cabinet,Furniture,4,2164.75,2024-02-22,No,Germany
807,Joseph Kirby,Keyboard,Electronics,1,960.96,2026-06-06,Yes,Canada
808,Zachary Miller,Dining Table,Furniture,1,926.87,2025-04-15,Yes,Australia
809,Julie Benton,Mouse,Electronics,14,212.93,2024-10-31,Yes,Argentina
810,Emma Reid,Bread,Food & Beverage,13,230.49,2025-04-02,Yes,Mexico
811,Christine Moore,Socks,Clothing,6,1668.68,2024-06-14,Yes,Australia
812,Christopher Nunez,T-Shirt,Clothing,8,1891.45,2024-11-16,Yes,China
813,Michael Mitchell,Standing Desk,Furniture,9,2348.55,2025-04-03,Yes,China
814,Robert Warren,Ruler,Stationery,2,1870.17,2026-07-28,No,South Africa
815,Cameron Turner,Coffee Beans,Food & Beverage,13,1800.02,2025-06-04,Yes,China
816,William Henderson,Desk Lamp,Furniture,13,204.69,2025-04-01,Yes,Spain
817,Tara Alvarez,USB Drive,Electronics,8,2175.71,2025-11-21,Yes,Australia
818,Patrick Wilson,Sneakers,Clothing,11,1433.1,2024-02-13,Yes,India
819,Rodney Gomez,Coffee Beans,Food & Beverage,15,665.33,2026-06-13,No,Spain
820,Amanda Davidson,Notebook,Stationery,11,2331.98,2024-09-29,Yes,Italy
821,Kelli Reid,Standing Desk,Furniture,7,2056.28,2024-09-30,No,United States
822,Anthony Edwards,Hat,Clothing,8,1226.95,2024-03-13,Yes,Spain
823,Erica Dillon,Pencil,Stationery,11,581.48,2026-02-08,Yes,Uae
824,Brian Alexander,Bed,Furniture,10,2211.96,2026-09-16,Yes,Spain
825,Jennifer Smith,Eraser,Stationery,9,1153.53,2024-08-01,Yes,South Africa
826,Troy Mcbride,Juice,Food & Beverage,3,376.02,2025-09-10,Yes,Netherlands
827,Michael Martin,Dining Table,Furniture,3,1454.7,2025-05-08,Yes,China
828,Michelle Barber,Coffee Beans,Food & Beverage,4,512.7,2024-11-03,No,Mexico
829,Deborah Osborne,Standing Desk,Furniture,10,1091.21,2024-04-11,No,France
830,Jennifer Cannon,Hat,Clothing,4,373.65,2025-03-16,No,United States
831,Kevin Hunt,Pen,Stationery,15,1869.54,2024-06-08,No,Singapore
832,Edgar Davis,Snack Bar,Food & Beverage,14,2425.46,2025-12-30,Yes,South Africa
833,Daniel Morales,Notebook,Stationery,2,1095.19,2025-12-01,Yes,United States
834,Troy Acevedo,Stapler,Stationery,6,219.2,2025-06-01,Yes,Uae
835,Lindsay Reyes DDS,Stapler,Stationery,3,2199.32,2026-09-13,Yes,Netherlands
836,Shawn Rogers MD,Pencil,Stationery,1,504.85,2026-02-12,Yes,Brazil
837,Raymond Mathews,Pencil,Stationery,2,927.57,2024-05-05,Yes,South Korea
838,Bobby Williams Jr.,Eraser,Stationery,8,1658.21,2024-09-14,No,United States
839,Angela Carlson,Smartphone,Electronics,4,2348.11,2026-10-11,Yes,Sweden
840,Mario Lewis,Bread,Food & Beverage,12,151.76,2026-04-12,No,Spain
841,Colin Lambert,Jacket,Clothing,11,971.0,2024-08-06,Yes,South Africa
842,Kari Jacobs,File Cabinet,Furniture,8,971.01,2025-08-31,Yes,South Korea
843,Carol Perez,USB Drive,Electronics,10,1209.97,2025-04-23,Yes,Argentina
844,Patricia Martin,Glue Stick,Stationery,13,1515.76,2024-05-04,Yes,United States
845,Edward Pearson,Bookshelf,Furniture,7,1390.73,2024-04-16,Yes,Sweden
846,Rebecca Harmon,Green Tea,Food & Beverage,4,379.44,2026-12-26,Yes,India
847,Mrs. Michelle Gonzales,Headphones,Electronics,4,268.87,2026-06-20,No,Argentina
848,Kara Chase,Smartphone,Electronics,8,1116.81,2025-01-26,Yes,Brazil
849,Natalie Mills,Pencil,Stationery,7,1098.92,2024-07-28,No,India
850,Heather Davis,Bottled Water,Food & Beverage,9,2272.61,2024-03-15,No,Argentina
851,Justin Haas,Scarf,Clothing,11,534.44,2025-09-04,Yes,Singapore
852,Allison Cole,Coffee Beans,Food & Beverage,4,1411.98,2024-07-22,Yes,Sweden
853,Hector Deleon,Sneakers,Clothing,13,551.07,2025-10-02,Yes,Italy
854,Derek Tyler,Eraser,Stationery,13,2068.52,2025-01-24,No,Australia
855,Patricia Lee,Standing Desk,Furniture,11,65.05,2024-12-31,Yes,Mexico
856,Nicole Garcia,Scarf,Clothing,11,886.86,2024-11-07,Yes,South Korea
857,Joshua Patterson,Bottled Water,Food & Beverage,7,755.38,2025-02-24,Yes,United States
858,Carrie Gutierrez,Monitor,Electronics,1,319.04,2026-05-03,Yes,Argentina
859,Meagan Ruiz,Glue Stick,Stationery,7,920.12,2026-12-20,No,China
860,Scott Warren,Office Chair,Furniture,12,1525.13,2024-04-14,Yes,United States
861,Maria Perez,USB Drive,Electronics,14,1901.29,2024-07-16,Yes,Australia
862,Heather Johnson,USB Drive,Electronics,3,996.89,2025-04-24,Yes,Canada
863,Pamela Thompson,Sneakers,Clothing,7,2175.99,2024-01-13,Yes,South Africa
864,Stacy Vincent,Monitor,Electronics,6,1226.37,2024-02-19,Yes,Singapore
865,Jodi Harris,Bread,Food & Beverage,8,651.35,2026-10-06,Yes,Spain
866,Karen Lam,Bread,Food & Beverage,13,1271.59,2026-05-20,Yes,Uk
867,Andrew Thompson,Keyboard,Electronics,13,1876.72,2025-01-30,Yes,Italy
868,Heather Weber,Snack Bar,Food & Beverage,7,2493.46,2026-02-13,No,Italy
869,Kenneth Johnson,Keyboard,Electronics,9,1984.41,2026-03-22,Yes,South Africa
870,Jonathan Morton,Coffee Beans,Food & Beverage,12,1462.27,2024-05-09,Yes,South Africa
871,Mary Flores,T-Shirt,Clothing,8,2276.61,2026-09-23,Yes,Uae
872,Vanessa Parker,Stapler,Stationery,7,1426.14,2025-10-04,No,Sweden
873,Rodney Wu,Green Tea,Food & Beverage,8,1773.12,2026-08-07,Yes,Spain
874,Molly Washington,Headphones,Electronics,6,1837.62,2024-07-17,Yes,Uae
875,Stephanie Green,Bottled Water,Food & Beverage,7,53.64,2024-07-07,Yes,Spain
876,Jamie Smith,Sneakers,Clothing,6,1829.39,2025-10-10,Yes,United States
877,Steven Bennett,Pencil,Stationery,12,1613.12,2024-07-05,No,Italy
878,Whitney Werner,Bread,Food & Beverage,13,1939.15,2024-08-07,Yes,United States
879,Troy Richardson,Tape,Stationery,11,2160.01,2025-01-06,No,Uk
880,Alicia Pacheco,Juice,Food & Beverage,3,317.9,2026-12-29,Yes,South Africa
881,Laura Harrell,Smartphone,Electronics,3,908.0,2026-09-20,Yes,Spain
882,Brian Hansen,Webcam,Electronics,15,1003.98,2026-08-20,Yes,Spain
883,Karen Jones,Bottled Water,Food & Beverage,12,1347.93,2026-09-10,Yes,South Korea
884,Susan Clark,USB Drive,Electronics,8,1227.99,2026-10-17,Yes,Uae
885,Lisa Carpenter,Printer,Electronics,14,2112.33,2024-08-23,Yes,Mexico
886,Manuel Rodriguez,Keyboard,Electronics,8,184.72,2026-04-26,Yes,Brazil
887,Brittany Brown,Glue Stick,Stationery,7,54.34,2024-03-15,Yes,India
888,Devin Rocha,Snack Bar,Food & Beverage,9,53.56,2024-12-22,No,Brazil
889,Michelle Adams,Notebook,Stationery,10,1572.92,2026-12-10,No,Italy
890,David Brown,Coffee Beans,Food & Beverage,14,1968.52,2025-02-17,Yes,Sweden
891,David Charles,Scarf,Clothing,3,460.99,2025-04-26,Yes,Germany
892,Deborah Cruz,Dining Table,Furniture,4,2163.19,2024-03-02,No,Germany
893,Nicole Page,Bottled Water,Food & Beverage,9,1909.79,2025-11-18,Yes,Canada
894,Bianca Hernandez,Juice,Food & Beverage,8,183.71,2024-06-05,Yes,Italy
895,Hannah Lawrence,Socks,Clothing,12,1070.45,2026-08-31,No,Uk
896,Brent Bender,Keyboard,Electronics,15,1450.52,2026-09-04,Yes,Australia
897,Paul Malone,Coffee Beans,Food & Beverage,10,1375.67,2025-12-14,Yes,India
898,Brandon Moss,Notebook,Stationery,3,769.62,2026-07-23,Yes,Brazil
899,Christine Dickson,Bed,Furniture,14,1544.4,2026-01-11,Yes,India
900,Mark Davis,Tape,Stationery,3,1617.96,2026-10-08,Yes,Australia
901,Destiny Molina,Bottled Water,Food & Beverage,2,475.5,2026-07-06,No,Japan
902,Lawrence White,Jeans,Clothing,4,160.82,2025-07-15,Yes,Brazil
903,Brian Smith,Snack Bar,Food & Beverage,11,511.37,2024-12-22,Yes,Netherlands
904,Kimberly King,Jeans,Clothing,7,423.69,2024-03-09,No,China
905,Anthony Lee,Monitor,Electronics,12,116.7,2025-02-28,No,Netherlands
906,Kristin Harrison,Coffee Beans,Food & Beverage,5,1092.82,2026-12-27,Yes,Sweden
907,Andrew Baird,Jeans,Clothing,15,141.15,2025-05-11,No,Singapore
908,Sharon Taylor,T-Shirt,Clothing,5,593.25,2025-12-14,No,India
909,Bobby Carlson,Hat,Clothing,7,1923.91,2024-01-27,No,Argentina
910,Angela Wolf,Hat,Clothing,2,1269.42,2024-07-11,No,Japan
911,Dr. Melissa Edwards DVM,Laptop,Electronics,14,477.15,2026-09-02,Yes,Germany
912,Christopher Zamora,Desk Lamp,Furniture,1,1416.52,2026-04-12,Yes,Sweden
913,Erik King,Monitor,Electronics,1,1422.9,2026-10-14,Yes,Japan
914,Carl Duncan,Hat,Clothing,11,2332.05,2024-06-11,Yes,India
915,Ann Blankenship,USB Drive,Electronics,13,1806.44,2024-11-04,Yes,Uae
916,Zachary Rios,Desk Lamp,Furniture,10,1370.22,2026-02-16,Yes,South Korea
917,Gregory Thornton,Juice,Food & Beverage,14,2433.68,2024-08-22,Yes,Sweden
918,Matthew Nichols,Keyboard,Electronics,1,87.62,2026-12-05,No,Australia
919,Matthew Vargas,Bookshelf,Furniture,9,1659.22,2025-02-27,Yes,Mexico
920,Anthony Lee,Jeans,Clothing,9,789.65,2024-03-25,Yes,France
921,Curtis Bailey,Bookshelf,Furniture,9,1929.82,2025-05-02,Yes,Mexico
922,Elizabeth Howard,Jeans,Clothing,15,920.14,2025-01-27,Yes,South Africa
923,Traci Jefferson,Bread,Food & Beverage,8,2422.76,2024-05-17,Yes,Australia
924,Michael Evans,Ruler,Stationery,2,2222.19,2026-05-16,No,Germany
925,Paige Ferguson,Tablet,Electronics,4,140.06,2025-07-14,Yes,Spain
926,James Snyder,Sneakers,Clothing,11,490.56,2024-11-17,No,Uk
927,Jacob Garcia,Bookshelf,Furniture,9,1699.27,2026-05-12,No,France
928,Erica Collins,Monitor,Electronics,12,265.37,2026-12-12,No,Spain
929,Michael Reyes,Office Chair,Furniture,2,1674.78,2024-02-25,Yes,Germany
930,Sarah Johnson,Bread,Food & Beverage,7,1022.67,2026-11-16,No,China
931,Karen Watson,Stapler,Stationery,1,1104.09,2024-09-08,No,Brazil
932,Michael Henry Jr.,Pen,Stationery,10,1734.32,2026-08-19,No,South Korea
933,Cynthia Cunningham,Jacket,Clothing,4,766.5,2024-10-17,Yes,United States
934,Mr. Michael Wilson,Jeans,Clothing,12,2239.47,2025-04-19,Yes,Japan
935,James Martin,Jeans,Clothing,12,1160.07,2025-07-26,Yes,France
936,Chad Nguyen,Pen,Stationery,6,1066.41,2024-10-12,No,Mexico
937,Mr. John Peterson,Sofa,Furniture,12,1024.12,2026-10-19,Yes,Sweden
938,Joseph Fowler,Bookshelf,Furniture,1,1243.5,2025-05-18,Yes,Australia
939,Ryan Haney,Headphones,Electronics,3,1626.89,2026-07-11,Yes,Canada
940,Megan Watkins,Glue Stick,Stationery,14,969.81,2026-09-27,No,India
941,Sandra Leonard,Pencil,Stationery,6,167.26,2026-11-08,Yes,Singapore
942,Mark Glover DVM,Monitor,Electronics,5,748.17,2024-03-20,Yes,Argentina
943,Larry Davis,Sofa,Furniture,1,1678.72,2024-03-30,No,Germany
944,James Johnson,Sofa,Furniture,10,2040.45,2026-10-12,No,Argentina
945,John Elliott,Eraser,Stationery,15,1903.5,2025-09-10,Yes,France
946,Juan Bush,Ruler,Stationery,1,1470.93,2025-12-25,Yes,Italy
947,Sharon Clay,Pencil,Stationery,8,925.67,2025-02-19,Yes,Sweden
948,Thomas Schwartz,Keyboard,Electronics,11,698.99,2025-10-25,Yes,Spain
949,Willie Stein,Eraser,Stationery,15,150.46,2026-07-25,No,India
950,Tracy Thornton,Tablet,Electronics,11,920.36,2026-12-06,Yes,United States
951,Sean Benson,Mouse,Electronics,1,1197.82,2025-04-19,Yes,Uk
952,Thomas Graham,Pencil,Stationery,3,612.6,2026-09-02,Yes,South Africa
953,Richard Bishop,Bottled Water,Food & Beverage,5,2014.34,2025-07-16,Yes,Spain
954,Cody Green MD,Green Tea,Food & Beverage,3,732.19,2024-07-12,Yes,Uae
955,Mary Rosario,Bookshelf,Furniture,13,52.4,2024-08-14,Yes,Australia
956,Gavin Moon,Keyboard,Electronics,6,1466.73,2026-06-18,Yes,Brazil
957,Raymond Wright,Tape,Stationery,15,2256.24,2025-06-08,Yes,France
958,Mr. Kyle Rodriguez,Tablet,Electronics,13,970.95,2025-11-29,No,Sweden
959,Steven Brown,Webcam,Electronics,1,1902.05,2026-12-14,Yes,Brazil
960,Andrew Palmer,Monitor,Electronics,6,2304.01,2025-01-27,No,Germany
961,Michael Davis,Keyboard,Electronics,15,656.09,2024-10-17,Yes,Uae
962,Gary Moore,Sneakers,Clothing,5,68.79,2026-04-25,Yes,India
963,Christina Lara,Bed,Furniture,7,2278.62,2026-12-10,Yes,China
964,Christopher Tran,USB Drive,Electronics,8,560.61,2026-03-23,No,Australia
965,Justin Mason,Scarf,Clothing,4,197.81,2025-02-23,Yes,Japan
966,Jasmine Wise,Bread,Food & Beverage,2,285.75,2026-12-16,Yes,China
967,Jeremiah Wright,File Cabinet,Furniture,6,1004.88,2026-05-09,Yes,Japan
968,Joe Chan,Jacket,Clothing,3,1265.04,2024-10-12,Yes,Argentina
969,Charles Neal,Glue Stick,Stationery,10,993.53,2026-05-23,No,India
970,Natalie Reed,Bread,Food & Beverage,8,193.98,2026-09-10,Yes,Argentina
971,Jennifer Wells,Mouse,Electronics,11,2464.52,2026-04-10,Yes,South Africa
972,Edward Frank,Tablet,Electronics,6,2498.2,2024-03-24,Yes,Australia
973,Lisa Brown,Ruler,Stationery,12,1667.22,2024-02-22,Yes,China
974,Juan Cherry,Smartphone,Electronics,7,2101.65,2024-06-08,No,Argentina
975,Charles Carter,Stapler,Stationery,8,814.28,2026-08-31,No,Italy
976,Holly Benson,Pen,Stationery,9,474.47,2024-06-09,Yes,Germany
977,Nichole Jones,Laptop,Electronics,6,1022.57,2025-05-21,Yes,Japan
978,Erika Douglas,Scarf,Clothing,14,490.29,2024-04-30,No,France
979,Gina Ware,File Cabinet,Furniture,9,1017.27,2025-11-26,No,Australia
980,Richard Jones,Snack Bar,Food & Beverage,12,2363.54,2024-01-14,Yes,Argentina
981,Brittany Moore,Webcam,Electronics,11,466.75,2024-11-06,Yes,Japan
982,Benjamin Stewart,Sneakers,Clothing,5,1288.25,2024-03-03,Yes,Mexico
983,Tracey Clarke,Webcam,Electronics,13,832.45,2026-06-09,Yes,Mexico
984,Henry Mcdowell,Office Chair,Furniture,1,2251.47,2025-01-09,Yes,Mexico
985,Gabriel Martinez,Scarf,Clothing,13,733.03,2026-03-24,No,Singapore
986,Miss Mary Ortiz,Laptop,Electronics,8,222.03,2026-04-03,Yes,Sweden
987,Natalie Williams,Coffee Beans,Food & Beverage,3,1966.91,2024-08-16,Yes,Argentina
988,Ryan Rogers,Snack Bar,Food & Beverage,10,2008.63,2024-12-16,No,Singapore
989,Edward Li,Eraser,Stationery,10,2478.52,2026-04-27,Yes,Netherlands
990,Dennis Hernandez,Scarf,Clothing,7,2065.72,2026-07-26,Yes,Uae
991,Ronnie Johnson,T-Shirt,Clothing,2,298.07,2024-05-26,No,Netherlands
992,Andrew Dunlap,Snack Bar,Food & Beverage,9,201.29,2025-06-14,Yes,Singapore
993,Katherine Robbins,Notebook,Stationery,1,2284.52,2026-12-13,Yes,Brazil
994,Phillip Salazar,Desk Lamp,Furniture,1,699.25,2024-06-23,No,Spain
995,Adam Cannon,Bread,Food & Beverage,14,688.41,2026-03-06,Yes,South Africa
996,Mark Key,Bed,Furniture,8,224.09,2026-01-24,Yes,Canada
997,Ryan Trevino,Bottled Water,Food & Beverage,3,1121.5,2024-11-01,No,Germany
998,Samantha Nelson,File Cabinet,Furniture,8,1611.34,2026-11-09,No,Uae
999,Erica Castaneda,Juice,Food & Beverage,9,2355.17,2025-06-19,No,Sweden
1000,Michael Little,Jacket,Clothing,8,610.63,2026-08-19,Yes,United States
1001,Miss Kim Campbell,File Cabinet,Furniture,2,982.75,2024-01-10,Yes,Germany
1002,Julie Jones,Bread,Food & Beverage,8,2217.85,2025-12-03,Yes,South Africa
1003,Edward Benton,Hat,Clothing,1,71.55,2024-12-03,No,France
1004,Melinda Wallace,Socks,Clothing,10,1545.6,2025-01-14,Yes,India
1005,Miguel Russell,Bed,Furniture,13,692.21,2024-01-29,No,South Africa
1006,Lorraine Nelson,Keyboard,Electronics,1,2159.5,2025-07-31,Yes,Spain
1007,Kimberly King,Keyboard,Electronics,2,2312.08,2025-12-26,Yes,Germany
1008,John Patterson,Office Chair,Furniture,1,760.65,2026-06-03,Yes,South Africa
1009,Amanda Thomas,Office Chair,Furniture,1,2219.6,2026-01-08,Yes,Sweden
1010,Daniel Diaz,Sneakers,Clothing,6,865.65,2026-12-24,Yes,South Korea
1011,Adam Lindsey,Sofa,Furniture,3,1280.88,2026-03-18,No,Argentina
1012,Donald Flores,Scarf,Clothing,10,1362.44,2024-10-26,No,Sweden
1013,Andrew Lopez,Notebook,Stationery,4,2498.98,2025-04-26,No,Japan
1014,Jason Yoder,Keyboard,Electronics,7,1928.4,2024-02-24,Yes,Netherlands
1015,Alicia Brady,Bed,Furniture,2,804.6,2026-11-25,Yes,Mexico
1016,Thomas Harris,Smartphone,Electronics,11,1555.25,2026-11-16,No,India
1017,Hunter Curtis,Headphones,Electronics,8,1381.98,2025-06-08,No,United States
1018,Jessica Vaughan,Smartphone,Electronics,14,1061.51,2026-05-10,Yes,South Africa
1019,Jacqueline Reid,Sofa,Furniture,12,845.13,2024-03-15,No,Uae
1020,Jesse Garcia,Smartphone,Electronics,12,2253.42,2026-08-06,Yes,Uk
1021,Anthony Gutierrez,Tape,Stationery,7,2162.47,2026-06-27,No,China
1022,Theresa Mcdonald,Snack Bar,Food & Beverage,6,949.27,2025-08-13,Yes,India
1023,Christopher Green,Ruler,Stationery,8,1355.67,2026-06-15,Yes,Uae
1024,Melanie Walters,Bookshelf,Furniture,5,1200.37,2026-01-29,Yes,Uk
1025,James Petty,Tape,Stationery,9,240.87,2024-09-17,No,Japan
1026,Mrs. Christine Taylor,Hat,Clothing,7,1501.66,2026-12-08,Yes,Brazil
1027,Shelby Jefferson,Smartphone,Electronics,6,1492.9,2025-09-25,No,Singapore
1028,Elizabeth Smith,Glue Stick,Stationery,2,2093.67,2025-07-30,Yes,India
1029,Daniel Davidson,Juice,Food & Beverage,10,1582.85,2025-10-05,Yes,Mexico
1030,Laura Cardenas,Standing Desk,Furniture,7,71.51,2025-01-08,Yes,Italy
1031,Rick Sullivan,Hat,Clothing,3,60.87,2024-06-02,Yes,Brazil
1032,Amy Marshall,Dining Table,Furniture,4,524.61,2025-05-20,Yes,Argentina
1033,Edgar Brown,Hat,Clothing,11,2320.59,2026-02-01,Yes,Australia
1034,Connie Maddox,Eraser,Stationery,15,1174.83,2025-04-27,Yes,South Africa
1035,Anthony Warren,Scarf,Clothing,10,2400.16,2026-12-29,Yes,United States
1036,Steven Williams,Webcam,Electronics,12,311.29,2026-02-28,No,China
1037,Thomas Howell,Coffee Beans,Food & Beverage,15,1066.52,2026-10-13,Yes,Sweden
1038,James Christensen,Snack Bar,Food & Beverage,10,1867.26,2024-05-09,Yes,Spain
1039,Jeffery Moreno,Bed,Furniture,8,206.93,2026-04-02,No,Australia
1040,Justin Tran,Standing Desk,Furniture,4,965.49,2026-02-21,Yes,Netherlands
1041,Henry Perez,Tablet,Electronics,3,1339.27,2024-07-14,Yes,France
1042,Gina Davis,Office Chair,Furniture,12,530.95,2026-01-21,No,South Africa
1043,Carolyn Hernandez,Dining Table,Furniture,2,1433.0,2024-02-12,Yes,United States
1044,Cheryl Johnson,Dining Table,Furniture,10,2189.64,2025-07-03,Yes,Netherlands
1045,Vincent Taylor,Snack Bar,Food & Beverage,12,2221.03,2025-11-13,No,Argentina
1046,Matthew Robinson,Coffee Beans,Food & Beverage,8,1284.9,2026-06-23,No,Argentina
1047,Holly Benitez,Hat,Clothing,3,1013.27,2024-05-19,No,Sweden
1048,Christopher Peters,Juice,Food & Beverage,14,1280.41,2025-02-19,Yes,Sweden
1049,Tiffany Noble,Bookshelf,Furniture,15,880.15,2025-10-01,No,China
1050,Christina Cortez,Pencil,Stationery,14,1604.97,2025-12-14,Yes,France
1051,Andrew Brown,Headphones,Electronics,12,1199.07,2026-12-22,Yes,Uae
1052,James Matthews,Glue Stick,Stationery,9,16.09,2024-01-17,No,Argentina
1053,Alan Hickman,Jeans,Clothing,10,1417.92,2024-04-27,Yes,Japan
1054,Marc Chang,Dining Table,Furniture,12,1066.27,2026-03-24,No,Canada
1055,Kimberly Henry,T-Shirt,Clothing,14,267.2,2026-02-26,Yes,Sweden
1056,Bradley Smith,Pencil,Stationery,5,2215.17,2025-01-26,No,Australia
1057,Megan Gardner,Glue Stick,Stationery,3,2428.32,2026-10-30,Yes,Uae
1058,William Juarez,Sofa,Furniture,13,939.8,2025-04-26,Yes,Sweden
1059,Cynthia Green,Bed,Furniture,11,1787.89,2026-12-18,Yes,Sweden
1060,Paul Burnett,Juice,Food & Beverage,8,663.94,2026-06-11,Yes,Argentina
1061,Tiffany White,Socks,Clothing,7,957.26,2025-02-19,Yes,Japan
1062,Jennifer Yoder,Pen,Stationery,12,1018.05,2024-01-24,Yes,Brazil
1063,Sarah Ramirez,USB Drive,Electronics,7,772.02,2024-10-18,Yes,Germany
1064,Madeline Cook,Bread,Food & Beverage,11,811.74,2024-11-11,Yes,Netherlands
1065,Dr. Tracy Walker,Coffee Beans,Food & Beverage,3,1821.15,2026-02-16,No,South Korea
1066,Mr. Joshua Miller,Tablet,Electronics,8,2265.44,2024-04-16,Yes,Italy
1067,John Tyler,Bottled Water,Food & Beverage,2,1086.73,2024-07-19,Yes,Italy
1068,David Mcgrath,Sneakers,Clothing,8,2428.75,2026-04-28,No,Mexico
1069,Melanie Oconnell,Jeans,Clothing,1,2064.37,2024-06-17,No,India
1070,Rodney White,T-Shirt,Clothing,15,2382.38,2026-11-06,No,Brazil
1071,Joshua Weber,Glue Stick,Stationery,10,1196.75,2026-08-31,Yes,Canada
1072,James Carter,Printer,Electronics,13,1045.72,2026-11-18,Yes,Canada
1073,Dylan Swanson,Stapler,Stationery,4,943.59,2026-06-27,Yes,United States
1074,Robert Willis,Sofa,Furniture,7,576.32,2024-06-26,Yes,Japan
1075,Allison Williams,Jacket,Clothing,7,813.31,2025-09-13,Yes,South Africa
1076,Thomas Boyd,Keyboard,Electronics,2,200.16,2026-06-21,Yes,Italy
1077,Richard Kaiser,Pencil,Stationery,3,1804.92,2024-05-22,Yes,Canada
1078,Karen Sullivan,Bottled Water,Food & Beverage,10,1648.28,2025-05-20,No,United States
1079,Clifford Miller,Printer,Electronics,8,171.23,2024-07-03,Yes,Uae
1080,Julie Villegas,Jeans,Clothing,12,2287.28,2026-06-29,Yes,Brazil
1081,Sabrina Diaz,Hat,Clothing,5,231.98,2025-02-21,Yes,Japan
1082,Curtis Sellers,Bread,Food & Beverage,9,2249.35,2026-04-07,Yes,Netherlands
1083,Richard Lee,Standing Desk,Furniture,6,786.7,2026-11-06,No,Spain
1084,Roberto Randolph,Pen,Stationery,10,882.13,2024-06-06,No,Singapore
1085,Gregory Larsen,Webcam,Electronics,4,2231.83,2025-09-01,Yes,South Korea
1086,Mary Phillips,Printer,Electronics,2,1399.27,2024-03-10,Yes,France
1087,Brian Hughes,Coffee Beans,Food & Beverage,10,2280.03,2026-02-20,Yes,Uae
1088,Joel Castro,Stapler,Stationery,4,1553.41,2024-07-21,No,Germany
1089,Roger Wilkinson,Bread,Food & Beverage,9,1898.8,2025-11-30,No,Brazil
1090,Kimberly Hoffman,Tape,Stationery,10,1020.9,2024-04-18,Yes,Japan
1091,Savannah Perez,Smartphone,Electronics,12,138.66,2024-01-02,Yes,Singapore
1092,Gary Watkins,Desk Lamp,Furniture,6,1899.51,2024-03-04,No,France
1093,Michelle King,Socks,Clothing,7,550.47,2026-11-12,Yes,South Africa
1094,Karen Howell,Green Tea,Food & Beverage,12,2188.34,2025-11-16,Yes,Uae
1095,John Marquez,Notebook,Stationery,13,749.51,2026-10-05,No,Canada
1096,James Payne,Printer,Electronics,1,1839.55,2025-10-17,No,Japan
1097,Sharon Mejia,T-Shirt,Clothing,11,334.67,2024-10-27,Yes,Singapore
1098,Robert Erickson,Scarf,Clothing,13,216.44,2024-12-27,Yes,Australia
1099,Julia Anderson,Jeans,Clothing,7,1066.0,2025-01-29,Yes,Italy
1100,Shawn Stephens,Office Chair,Furniture,5,2162.98,2024-12-13,No,France
1101,Thomas Ramirez,USB Drive,Electronics,1,393.38,2024-01-02,No,Netherlands
1102,Sonya Durham,Bottled Water,Food & Beverage,5,1850.87,2026-02-12,Yes,Spain
1103,Megan Smith,Office Chair,Furniture,8,1348.34,2025-07-12,Yes,South Korea
1104,Ian Brown,T-Shirt,Clothing,3,852.13,2025-10-27,No,South Korea
1105,Mr. Micheal Wilkinson MD,T-Shirt,Clothing,3,1961.25,2024-01-02,No,Mexico
1106,Amanda Stephens,Webcam,Electronics,2,1925.62,2026-08-13,Yes,Italy
1107,Laura Walters,Green Tea,Food & Beverage,11,1598.47,2024-08-05,No,Japan
1108,Megan Morrow,Bookshelf,Furniture,14,1313.62,2026-01-27,Yes,Singapore
1109,Stacey Howard,Bottled Water,Food & Beverage,6,1268.47,2024-01-23,Yes,South Korea
1110,Shane Johnson,Snack Bar,Food & Beverage,3,1492.77,2024-05-30,Yes,India
1111,Seth Cooper,Scarf,Clothing,6,1573.12,2025-02-01,No,United States
1112,Derek Evans,Bread,Food & Beverage,15,475.04,2024-09-23,Yes,Italy
1113,David Richardson,Socks,Clothing,1,1518.1,2026-02-11,No,Italy
1114,Michael Roberts,Tablet,Electronics,15,1116.47,2024-10-17,Yes,Italy
1115,Benjamin Ellis,Sofa,Furniture,14,1338.82,2026-10-25,No,United States
1116,Allison Nichols,File Cabinet,Furniture,3,1735.85,2024-04-29,Yes,Netherlands
1117,Jane Mcfarland,Glue Stick,Stationery,6,147.11,2024-12-27,Yes,Australia
1118,Brandy Hayden,Glue Stick,Stationery,7,1657.38,2024-05-03,Yes,China
1119,Jennifer Nolan,Jeans,Clothing,11,6.94,2025-06-19,No,Germany
1120,Vincent Tucker,Headphones,Electronics,6,257.75,2025-07-14,Yes,Italy
1121,Kenneth Torres,Coffee Beans,Food & Beverage,6,1932.03,2025-09-20,No,China
1122,Jeanne Hall,Bed,Furniture,14,987.58,2025-06-24,Yes,Brazil
1123,Henry Bailey,Ruler,Stationery,11,2020.81,2025-01-19,No,Sweden
1124,Patricia Shah,Webcam,Electronics,4,1028.68,2024-12-10,Yes,Spain
1125,Mr. Marcus Lane PhD,File Cabinet,Furniture,6,2121.71,2026-01-22,Yes,Germany
1126,Scott Stanley,Tape,Stationery,13,1908.7,2024-10-24,Yes,Uae
1127,Thomas Peck,File Cabinet,Furniture,14,183.14,2025-08-11,No,France
1128,Samantha Stanley,Dining Table,Furniture,15,1388.11,2024-01-18,Yes,United States
1129,Karl Armstrong,Glue Stick,Stationery,12,1762.08,2025-05-18,No,United States
1130,Joe Rivera,Office Chair,Furniture,2,2244.15,2025-08-20,Yes,Japan
1131,James Morris,Socks,Clothing,13,443.79,2026-04-05,Yes,South Korea
1132,Miranda Barron,Webcam,Electronics,4,1416.09,2025-11-06,Yes,Canada
1133,Jamie Smith,Bed,Furniture,5,1521.22,2024-02-20,Yes,France
1134,Fernando Sanchez,Sneakers,Clothing,5,443.2,2025-03-20,No,United States
1135,Jamie Howard,Smartphone,Electronics,7,1602.73,2026-05-28,Yes,Italy
1136,Jasmin Gallagher,Bookshelf,Furniture,1,1019.63,2025-01-27,Yes,Argentina
1137,Dana Mcguire,Bread,Food & Beverage,11,1576.17,2024-07-30,Yes,Netherlands
1138,Anthony Pope,Bottled Water,Food & Beverage,3,583.27,2025-02-08,Yes,South Africa
1139,Lauren Swanson,Green Tea,Food & Beverage,12,2336.09,2025-02-01,Yes,India
1140,Timothy Adams,Eraser,Stationery,15,2082.77,2026-02-12,No,Canada
1141,Jessica Bartlett,Coffee Beans,Food & Beverage,6,1962.82,2026-05-03,No,Mexico
1142,Linda Waters,Green Tea,Food & Beverage,4,2038.28,2026-04-12,Yes,South Africa
1143,Jessica Riley,USB Drive,Electronics,11,1318.97,2024-12-10,No,India
1144,Danielle Jackson,Desk Lamp,Furniture,11,1819.51,2025-02-04,Yes,Brazil
1145,Brian Sanchez,Coffee Beans,Food & Beverage,11,7.53,2025-05-31,No,Uk
1146,Kimberly Walker DVM,Juice,Food & Beverage,3,453.35,2024-04-14,Yes,Italy
1147,Kevin Rich,File Cabinet,Furniture,10,1816.04,2026-02-25,Yes,Japan
1148,Deborah Goodwin,Juice,Food & Beverage,14,430.21,2025-08-21,Yes,Canada
1149,Robert Taylor,Desk Lamp,Furniture,9,708.29,2026-02-09,No,South Africa
1150,Christopher Pittman,USB Drive,Electronics,8,994.12,2024-05-19,No,Japan
1151,Lisa Marsh,Laptop,Electronics,2,2210.17,2026-07-21,Yes,South Korea
1152,Brenda Howell,Tablet,Electronics,15,1259.49,2025-06-17,Yes,Sweden
1153,Gary Gill,Stapler,Stationery,10,2473.5,2024-06-15,Yes,South Korea
1154,Kelly Herman,Scarf,Clothing,2,906.94,2024-07-16,Yes,Brazil
1155,Jonathan Hoover,Monitor,Electronics,9,2211.46,2025-12-25,Yes,Germany
1156,Jessica Abbott,Dining Table,Furniture,15,272.11,2026-02-01,No,China
1157,Alexis Browning,USB Drive,Electronics,4,487.7,2025-06-06,No,South Africa
1158,Angela Green,Sofa,Furniture,7,1036.06,2026-08-23,Yes,Canada
1159,Amy Crawford,Pencil,Stationery,11,148.35,2025-08-17,Yes,Brazil
1160,Bethany Smith,Ruler,Stationery,8,231.59,2024-07-01,Yes,Canada
1161,Jamie Williams,Tape,Stationery,14,1637.67,2026-10-13,Yes,France
1162,Leslie Greene,Headphones,Electronics,13,2180.58,2026-06-05,Yes,Netherlands
1163,Larry Barrera,Scarf,Clothing,11,406.88,2024-09-12,No,United States
1164,Jordan Dunn,Eraser,Stationery,12,2037.66,2025-09-29,No,Uae
1165,Allison Forbes,Sofa,Furniture,1,1163.48,2026-04-09,Yes,Uae
1166,Christopher Payne,Notebook,Stationery,9,2139.31,2024-11-05,Yes,France
1167,Joyce Burgess,Jeans,Clothing,14,300.11,2025-09-01,Yes,Singapore
1168,Victoria Burns,Jeans,Clothing,4,1733.9,2026-09-02,Yes,France
1169,Kurt Collins,Juice,Food & Beverage,3,1207.96,2024-12-20,No,Uae
1170,Peter Massey,Headphones,Electronics,14,2166.98,2026-05-11,Yes,South Africa
1171,Amanda Salas,Bed,Furniture,2,2300.76,2024-08-09,Yes,South Korea
1172,Shaun Quinn,Dining Table,Furniture,5,452.03,2025-10-20,Yes,South Korea
1173,Natalie Roberts,Mouse,Electronics,5,2001.58,2024-03-30,No,Uk
1174,Justin Davis,Scarf,Clothing,8,900.15,2026-01-23,Yes,Australia
1175,Christopher Wolf,Pen,Stationery,9,61.02,2024-04-15,No,Sweden
1176,Kelsey Hudson,Bread,Food & Beverage,14,608.58,2025-08-08,Yes,Sweden
1177,Michelle Vargas,Tablet,Electronics,12,2001.47,2024-12-19,Yes,Canada
1178,Garrett Burke,Jeans,Clothing,3,1005.7,2024-04-17,Yes,Uae
1179,Tiffany Johnson,Laptop,Electronics,2,800.8,2025-11-15,Yes,China
1180,Christina Rice,Stapler,Stationery,13,300.79,2026-02-26,Yes,Uae
1181,Kelsey Reeves,Pen,Stationery,15,2202.54,2025-04-18,Yes,Japan
1182,Charles Gill,Coffee Beans,Food & Beverage,12,1921.29,2024-05-27,Yes,South Africa
1183,Melanie Ramirez,Laptop,Electronics,9,2011.7,2025-11-15,Yes,Netherlands
1184,Nathaniel Munoz,Coffee Beans,Food & Beverage,13,706.31,2026-02-04,Yes,United States
1185,Elaine Thomas,Scarf,Clothing,11,2275.94,2025-06-13,Yes,Argentina
1186,Grace Rowe,Dining Table,Furniture,8,816.72,2025-07-30,No,South Africa
1187,Theresa Martinez,Office Chair,Furniture,10,1285.6,2026-04-27,Yes,South Korea
1188,Brittany Huffman,Tape,Stationery,8,72.36,2024-02-06,Yes,Uae
1189,Donald Reyes,Scarf,Clothing,12,111.33,2026-07-08,Yes,Singapore
1190,Todd Moody,Bed,Furniture,9,1242.42,2024-12-04,Yes,Australia
1191,Michele Williams,Pencil,Stationery,1,916.05,2025-11-26,Yes,Netherlands
1192,James Kelley,Jeans,Clothing,11,2200.42,2025-04-20,Yes,France
1193,Mackenzie Mejia,Office Chair,Furniture,8,2463.88,2026-12-21,No,Uk
1194,Fernando Miller,Eraser,Stationery,7,1560.55,2025-01-04,No,Spain
1195,Gabrielle Mcclure,Pen,Stationery,2,1630.25,2024-12-29,No,Singapore
1196,Tommy Allen,Hat,Clothing,7,2428.56,2025-06-23,Yes,Singapore
1197,Melissa Ford MD,Scarf,Clothing,2,1066.23,2024-09-08,No,South Korea
1198,Maria Gutierrez,Socks,Clothing,8,1312.47,2025-12-17,Yes,France
1199,Leah Salazar,Dining Table,Furniture,15,2369.09,2026-12-28,Yes,Netherlands
1200,Michael Daniels,Pencil,Stationery,10,1407.88,2026-08-28,Yes,India
1201,Elizabeth Singleton,T-Shirt,Clothing,14,821.21,2024-10-13,No,South Korea
1202,Lori Mcgrath,Desk Lamp,Furniture,4,866.31,2026-12-23,Yes,Singapore
1203,Jonathan Clark,Pencil,Stationery,6,71.97,2025-11-04,Yes,South Africa
1204,Deborah Collier,Sofa,Furniture,8,2173.29,2024-08-08,Yes,China
1205,Daniel Harris,Bottled Water,Food & Beverage,14,1119.22,2026-01-11,Yes,Sweden
1206,Mrs. Amanda Flores,Stapler,Stationery,1,1417.72,2025-01-05,Yes,Spain
1207,Steven Sanford,File Cabinet,Furniture,10,1424.04,2024-10-18,No,Uae
1208,Angela Wong,Juice,Food & Beverage,10,2249.26,2025-10-07,Yes,Italy
1209,Travis Costa,Bottled Water,Food & Beverage,15,2398.44,2025-05-02,Yes,Brazil
1210,Jack Contreras,Pen,Stationery,8,2119.71,2026-01-08,No,Italy
1211,Ashley Goodman,Pen,Stationery,14,2031.36,2025-12-16,No,Singapore
1212,Michael Cummings,Bottled Water,Food & Beverage,14,327.37,2026-12-27,No,Germany
1213,Sean Morse,Green Tea,Food & Beverage,8,189.02,2026-06-15,Yes,United States
1214,Aaron Flores,Jeans,Clothing,4,1142.44,2025-12-22,No,France
1215,Michelle Jordan,Smartphone,Electronics,2,203.52,2024-10-06,Yes,Singapore
1216,Richard Bowen,Bottled Water,Food & Beverage,14,159.0,2025-08-20,Yes,Mexico
1217,Betty Bell,Bread,Food & Beverage,12,101.11,2024-04-10,Yes,Italy
1218,Gregory Stokes,File Cabinet,Furniture,5,77.2,2026-12-28,No,United States
1219,Stacy Smith,Bed,Furniture,6,709.56,2025-10-26,Yes,Singapore
1220,Adam Brown,Jeans,Clothing,13,1974.56,2026-10-03,Yes,Spain
1221,Michael Forbes,Scarf,Clothing,14,2231.04,2025-05-15,Yes,South Africa
1222,William Blankenship,Jacket,Clothing,3,1020.34,2025-08-28,No,Sweden
1223,Ian Freeman,Jacket,Clothing,2,873.61,2024-03-10,No,South Africa
1224,Molly Monroe,Jacket,Clothing,6,1991.55,2025-10-08,Yes,Japan
1225,Amy Mitchell,Tape,Stationery,14,2069.99,2024-03-10,Yes,France
1226,Andre Lowe,Notebook,Stationery,1,1059.84,2024-07-16,Yes,Sweden
1227,Brenda Sullivan,Sneakers,Clothing,2,421.09,2026-06-06,Yes,Brazil
1228,Michelle Cortez,File Cabinet,Furniture,6,1592.86,2025-05-28,Yes,Japan
1229,Jamie Smith,Tablet,Electronics,6,1002.54,2024-09-29,Yes,India
1230,Jennifer Dean,Jeans,Clothing,1,1503.05,2025-07-26,Yes,South Korea
1231,Karen Williams,Eraser,Stationery,7,1626.9,2026-02-19,Yes,Sweden
1232,John Taylor,Dining Table,Furniture,10,858.52,2024-12-31,Yes,Argentina
1233,Andrew Rodriguez,Sneakers,Clothing,6,1751.12,2025-12-18,Yes,Germany
1234,Robert Wright DVM,Bread,Food & Beverage,10,62.0,2026-04-22,Yes,Brazil
1235,Jeremy Buckley,Bed,Furniture,6,1743.47,2025-03-18,Yes,Singapore
1236,Lori Reeves,Office Chair,Furniture,5,315.55,2024-11-04,Yes,Japan
1237,Sandra Nelson,T-Shirt,Clothing,12,1729.58,2024-01-09,No,China
1238,Karen Watson,Bed,Furniture,9,2063.62,2026-04-02,No,Uae
1239,Emily Brown,Sneakers,Clothing,7,551.02,2024-07-16,Yes,Australia
1240,Victor Henderson,Bottled Water,Food & Beverage,11,2320.88,2026-09-10,Yes,China
1241,Andrew Fuller,Bottled Water,Food & Beverage,12,2284.84,2026-01-05,Yes,France
1242,Whitney Jordan,Notebook,Stationery,14,149.27,2024-02-15,Yes,Netherlands
1243,Gina Durham,Standing Desk,Furniture,7,197.88,2026-10-08,Yes,Argentina
1244,Corey Gilbert,Tape,Stationery,2,1055.25,2025-05-26,Yes,Uae
1245,Ms. Brittany Nguyen,Pencil,Stationery,13,1778.93,2025-07-02,Yes,Singapore
1246,Sean Villanueva,Monitor,Electronics,1,405.77,2025-02-27,Yes,United States
1247,Joshua Chang,Monitor,Electronics,3,517.57,2026-06-14,Yes,Australia
1248,Erica Weber,Standing Desk,Furniture,5,1027.0,2025-01-06,Yes,China
1249,Vicki Myers,Tape,Stationery,11,311.43,2024-04-06,Yes,United States
1250,David Bowman,Bed,Furniture,13,1427.16,2026-05-29,No,Italy
1251,Patricia Mills,Coffee Beans,Food & Beverage,9,2171.63,2025-05-16,No,France
1252,Loretta Murray,Juice,Food & Beverage,13,703.82,2024-09-04,No,Germany
1253,Daniel Lang,Eraser,Stationery,15,2337.49,2024-04-13,No,Germany
1254,Larry Hatfield,File Cabinet,Furniture,11,1893.45,2026-12-18,No,France
1255,Jesus Aguirre,Sofa,Furniture,8,2000.46,2026-08-12,Yes,Uae
1256,Eric Jones,Hat,Clothing,15,1270.18,2026-12-07,No,Singapore
1257,Jonathan Garcia,Office Chair,Furniture,15,872.0,2025-12-03,No,Spain
1258,Nancy Novak,Office Chair,Furniture,7,1852.52,2024-09-21,Yes,Uae
1259,Bradley White,Stapler,Stationery,5,317.05,2024-12-15,Yes,Italy
1260,Ms. Erin Watson,Green Tea,Food & Beverage,11,1900.1,2026-08-01,Yes,Canada
1261,Steve Mckenzie,Dining Table,Furniture,12,426.89,2025-01-12,Yes,Netherlands
1262,Mrs. Carmen Foster MD,T-Shirt,Clothing,11,1839.89,2026-04-30,No,United States
1263,Henry Adams,Webcam,Electronics,15,87.72,2026-11-26,Yes,Singapore
1264,James Ware,Eraser,Stationery,15,1600.33,2025-12-19,Yes,United States
1265,Maria Barber,Headphones,Electronics,7,497.66,2024-05-01,Yes,Singapore
1266,Mr. Donald Wise,Snack Bar,Food & Beverage,9,940.64,2024-11-04,Yes,Italy
1267,Alan Parsons,Tablet,Electronics,14,351.78,2024-08-18,Yes,Uae
1268,Matthew Franco,Tape,Stationery,10,1466.63,2024-04-19,Yes,South Korea
1269,Anita Lowery,Headphones,Electronics,10,986.47,2026-05-29,Yes,Netherlands
1270,Eric Malone,Sneakers,Clothing,1,555.23,2026-03-27,Yes,Netherlands
1271,Eric Sanchez,Bed,Furniture,13,36.45,2026-03-04,Yes,Argentina
1272,Lisa Smith,Glue Stick,Stationery,13,850.31,2024-05-16,Yes,Netherlands
1273,Joseph Casey,Green Tea,Food & Beverage,15,754.24,2025-05-04,Yes,Germany
1274,Bryan Jackson,Green Tea,Food & Beverage,3,1448.95,2026-02-09,No,Italy
1275,Caroline Harper,Jeans,Clothing,9,539.14,2024-11-30,Yes,Japan
1276,Austin Patterson,Snack Bar,Food & Beverage,15,769.78,2025-10-30,No,Sweden
1277,Victor Carr,Bread,Food & Beverage,5,102.62,2024-05-07,No,Argentina
1278,Adam Gibson,Stapler,Stationery,8,155.49,2026-02-18,No,France
1279,Kathleen Jensen,Notebook,Stationery,11,2377.62,2025-11-08,No,Sweden
1280,Shane Floyd,USB Drive,Electronics,6,610.48,2026-10-12,Yes,Spain
1281,Ronald Vasquez,Bread,Food & Beverage,7,1383.39,2025-12-11,Yes,Italy
1282,Heidi Jackson,Scarf,Clothing,9,1297.07,2024-03-17,Yes,South Korea
1283,Jacob Beasley,Socks,Clothing,4,2459.98,2026-06-10,Yes,Australia
1284,Brenda Mack,Office Chair,Furniture,3,77.5,2024-07-02,Yes,South Korea
1285,Lucas Hicks,Hat,Clothing,11,309.53,2025-07-15,Yes,United States
1286,Krystal Hansen,Tape,Stationery,8,1025.0,2026-07-02,Yes,Germany
1287,Anthony Serrano,Green Tea,Food & Beverage,8,2462.68,2025-08-02,No,South Korea
1288,Kristina Woods,Coffee Beans,Food & Beverage,7,730.43,2024-03-25,Yes,China
1289,Rebecca Brown,Desk Lamp,Furniture,7,1647.99,2026-12-24,Yes,Sweden
1290,Kelly Sellers MD,Juice,Food & Beverage,13,2013.5,2026-05-25,No,Brazil
1291,Brian Mcdonald,Notebook,Stationery,3,598.38,2024-12-25,Yes,Italy
1292,Kimberly Roy,Hat,Clothing,2,2360.61,2025-04-25,No,Brazil
1293,Alexander Carroll,Juice,Food & Beverage,13,1473.56,2025-01-07,Yes,Japan
1294,Gwendolyn Marshall,Sneakers,Clothing,2,547.79,2025-08-06,Yes,Italy
1295,Joseph White,Bottled Water,Food & Beverage,5,1351.26,2026-12-29,Yes,Italy
1296,Pamela Miller,Standing Desk,Furniture,15,587.47,2025-08-14,Yes,Canada
1297,Mrs. Kendra Howell,Ruler,Stationery,3,504.35,2024-05-11,Yes,Italy
1298,Christine Livingston,Scarf,Clothing,4,2004.01,2025-03-17,Yes,Sweden
1299,Anthony Jones,Green Tea,Food & Beverage,14,1465.0,2026-06-12,Yes,Italy
1300,Morgan Lane,Notebook,Stationery,12,1445.54,2024-08-28,Yes,Japan
1301,Mark Santos,Tape,Stationery,2,1878.57,2025-01-14,Yes,Uk
1302,Tiffany Heath,Socks,Clothing,12,2124.24,2024-05-17,Yes,Australia
1303,Joseph Melton,Smartphone,Electronics,10,654.54,2025-07-02,Yes,Argentina
1304,Jordan King,Hat,Clothing,10,1853.6,2024-12-12,Yes,Germany
1305,Michelle Jordan,Monitor,Electronics,2,80.95,2024-02-13,No,Canada
1306,Taylor Lin,Sneakers,Clothing,10,230.22,2026-05-23,No,Uk
1307,Margaret King,Printer,Electronics,10,2399.48,2026-08-22,Yes,South Africa
1308,Suzanne Johnson,Juice,Food & Beverage,14,1512.44,2024-01-31,No,Singapore
1309,Jesse Williams,Tape,Stationery,8,1177.37,2026-03-24,No,Italy
1310,Yolanda Woods,Bread,Food & Beverage,8,512.72,2024-02-08,Yes,France
1311,Joseph Washington,Bread,Food & Beverage,9,1628.45,2025-08-19,No,Spain
1312,Timothy Lowe,Scarf,Clothing,7,2447.65,2024-10-05,Yes,Australia
1313,Kenneth Jones,Glue Stick,Stationery,2,2074.23,2024-10-11,Yes,Uae
1314,Jessica Sanchez,T-Shirt,Clothing,9,1280.21,2025-12-15,Yes,Canada
1315,Tammy Mcclure,Jeans,Clothing,5,2058.6,2025-06-18,No,Japan
1316,Betty Peck,Coffee Beans,Food & Beverage,2,1425.75,2024-04-16,Yes,Italy
1317,Adam Smith,Coffee Beans,Food & Beverage,15,1258.74,2026-04-02,Yes,Canada
1318,Ronald Stein,Ruler,Stationery,4,1897.88,2026-04-29,No,Germany
1319,John Valentine,Snack Bar,Food & Beverage,14,619.84,2025-02-23,No,Brazil
1320,Erik Walsh,Snack Bar,Food & Beverage,11,209.88,2025-06-10,Yes,India
1321,Micheal Mullen,Eraser,Stationery,14,1711.44,2024-01-27,Yes,France
1322,Brian Riley,Standing Desk,Furniture,13,1154.55,2026-09-06,No,South Africa
1323,Lisa Walters,Hat,Clothing,7,89.05,2026-02-25,No,Australia
1324,Nicole Diaz,Stapler,Stationery,4,1410.4,2025-04-07,Yes,Germany
1325,Rebecca Clark,Sneakers,Clothing,13,1669.35,2026-01-23,Yes,Singapore
1326,Bradley Cole,Pencil,Stationery,15,126.17,2024-03-26,Yes,South Korea
1327,Amy Moss,Bottled Water,Food & Beverage,2,1082.5,2026-02-19,Yes,Brazil
1328,Jean Cooley,File Cabinet,Furniture,11,424.45,2025-01-04,Yes,South Korea
1329,Steven Wells,Bread,Food & Beverage,6,1545.51,2025-11-28,No,South Korea
1330,Lori Flores,Sneakers,Clothing,3,1936.31,2025-06-24,Yes,India
1331,Tonya Anderson,Juice,Food & Beverage,15,2320.34,2025-10-10,Yes,Netherlands
1332,Michael King,Tape,Stationery,3,288.3,2025-07-14,Yes,Uk
1333,Marc Frederick,Pen,Stationery,8,1062.49,2026-01-17,Yes,United States
1334,Ethan Allen,USB Drive,Electronics,1,1810.71,2025-02-26,Yes,Uk
1335,Brianna Ramirez,Stapler,Stationery,13,2431.37,2024-09-13,Yes,Japan
1336,Michael Bishop,Pencil,Stationery,5,738.93,2025-03-31,Yes,Mexico
1337,Katie Nelson,Bread,Food & Beverage,5,1495.0,2024-09-29,No,Uk
1338,Stephanie Flores,Bookshelf,Furniture,12,2171.02,2024-01-14,No,China
1339,Austin Lambert,Stapler,Stationery,1,1854.09,2024-04-23,Yes,Argentina
1340,Robert Petersen,Stapler,Stationery,9,154.8,2026-01-11,Yes,South Korea
1341,Elizabeth Turner,Webcam,Electronics,9,902.87,2024-11-04,Yes,Germany
1342,Debbie Page,Office Chair,Furniture,4,2480.3,2026-03-22,Yes,Uae
1343,Duane Rice,Snack Bar,Food & Beverage,14,320.0,2025-11-26,Yes,Argentina
1344,Kimberly Forbes,Printer,Electronics,5,108.09,2025-08-23,Yes,South Korea
1345,Rachael Martinez,Sofa,Furniture,6,1009.93,2026-06-09,No,Singapore
1346,Joshua Mccormick,Notebook,Stationery,2,1730.92,2025-03-13,Yes,Germany
1347,Jose Combs,Bread,Food & Beverage,2,1765.49,2025-04-05,Yes,China
1348,Brianna Ford,Bottled Water,Food & Beverage,4,210.74,2024-12-26,Yes,Japan
1349,Joshua Peterson,Dining Table,Furniture,8,536.99,2026-08-22,Yes,Japan
1350,Donna Brown,Hat,Clothing,8,1155.42,2026-08-14,Yes,United States
1351,Kimberly Barnes,Snack Bar,Food & Beverage,15,1474.78,2025-12-03,Yes,South Africa
1352,Morgan Jones DDS,Pencil,Stationery,4,665.66,2026-02-07,Yes,United States
1353,Ryan Hudson,Socks,Clothing,10,255.95,2024-01-23,Yes,Mexico
1354,Seth Brock,Bread,Food & Beverage,1,1916.39,2026-01-13,No,South Korea
1355,Robert Fletcher,Sneakers,Clothing,5,624.56,2024-03-11,No,Germany
1356,David Aguilar,Stapler,Stationery,12,2294.66,2025-01-01,Yes,Spain
1357,Kenneth Garcia,Bed,Furniture,3,872.24,2026-01-01,No,Singapore
1358,Michelle Sanchez,Headphones,Electronics,7,911.49,2026-03-12,Yes,Argentina
1359,Lisa Hood,Bed,Furniture,14,515.9,2026-06-20,Yes,Mexico
1360,Rose Wright,Sofa,Furniture,14,2001.25,2025-05-04,No,South Korea
1361,Gwendolyn Murphy,Stapler,Stationery,14,2070.78,2025-11-01,Yes,Uk
1362,Diane Miller,Socks,Clothing,15,235.89,2026-04-08,Yes,Uk
1363,Mary Taylor,Socks,Clothing,9,755.4,2024-06-17,Yes,Uk
1364,Steven Nguyen,Desk Lamp,Furniture,6,531.07,2024-07-24,Yes,France
1365,Jessica Colon,Bottled Water,Food & Beverage,1,551.05,2025-09-05,Yes,Spain
1366,Brian Thompson,Ruler,Stationery,14,899.88,2025-07-14,Yes,Mexico
1367,Belinda Sosa,Snack Bar,Food & Beverage,2,761.45,2026-11-12,Yes,Spain
1368,Stacie Terry,Sofa,Furniture,10,1402.73,2025-04-26,Yes,China
1369,Lori Knight,USB Drive,Electronics,1,2272.71,2024-04-27,Yes,France
1370,Zachary King,Printer,Electronics,15,981.63,2025-01-08,Yes,Singapore
1371,Claire Clark,Sneakers,Clothing,15,308.01,2026-05-22,Yes,Australia
1372,Tammy Davis,Jeans,Clothing,9,1143.63,2026-02-22,Yes,Spain
1373,Carrie James,T-Shirt,Clothing,13,1197.62,2025-05-21,No,Japan
1374,Hayden Brown,Socks,Clothing,11,1870.61,2024-06-23,Yes,India
1375,Lindsey Kim,Bread,Food & Beverage,11,1838.68,2026-10-17,Yes,Australia
1376,Molly Sanders,Juice,Food & Beverage,2,1270.38,2024-06-01,Yes,Italy
1377,Rachael Roberts,Bread,Food & Beverage,9,2110.6,2024-05-05,No,Brazil
1378,Monique Moreno,Coffee Beans,Food & Beverage,10,455.88,2024-08-04,Yes,Canada
1379,Mitchell Palmer,Pencil,Stationery,8,2199.85,2026-02-10,Yes,Netherlands
1380,Monique Carter,Webcam,Electronics,7,1051.87,2025-11-04,Yes,Argentina
1381,Mark Potter,Green Tea,Food & Beverage,8,2447.52,2024-02-28,Yes,South Africa
1382,Michael Osborne,T-Shirt,Clothing,9,249.76,2025-10-19,Yes,South Africa
1383,Cynthia Ayala,Monitor,Electronics,4,130.79,2024-02-04,Yes,Sweden
1384,Erin Higgins,Green Tea,Food & Beverage,4,2077.04,2024-06-12,Yes,Spain
1385,Erin Joyce,Headphones,Electronics,3,1461.08,2025-04-16,Yes,Brazil
1386,Steven George,Printer,Electronics,9,1580.93,2025-06-12,No,South Korea
1387,Jennifer Stuart,Tape,Stationery,5,1623.13,2025-06-13,Yes,Germany
1388,Miss Sheryl Pratt MD,T-Shirt,Clothing,2,2016.4,2025-04-20,Yes,Italy
1389,Caleb Park,Eraser,Stationery,15,1294.57,2026-10-14,Yes,Germany
1390,Molly Bennett,Bookshelf,Furniture,3,2230.07,2025-04-27,No,United States
1391,Lisa Mays,Eraser,Stationery,12,1823.42,2025-02-06,Yes,Sweden
1392,Karen Trevino,Juice,Food & Beverage,3,1866.32,2024-09-07,Yes,France
1393,Amanda Wyatt,Sofa,Furniture,1,2220.35,2024-12-27,Yes,Netherlands
1394,Kathleen Price,Pen,Stationery,2,2282.78,2026-02-23,No,South Korea
1395,James Jackson,Bread,Food & Beverage,8,1287.29,2025-05-03,Yes,Canada
1396,Erin Ortega,Green Tea,Food & Beverage,12,1429.78,2025-06-04,No,Italy
1397,Elizabeth Hunter,Juice,Food & Beverage,11,694.68,2026-09-29,No,Australia
1398,Jaime Jones,Green Tea,Food & Beverage,10,985.87,2025-08-17,Yes,South Korea
1399,Mike Avery,Juice,Food & Beverage,7,1857.2,2024-10-17,Yes,India
1400,Ashley Jones,Office Chair,Furniture,4,2262.21,2024-12-13,No,Mexico
1401,Brandon Stone,Mouse,Electronics,7,1986.86,2024-11-15,No,Japan
1402,Steven Smith,Ruler,Stationery,7,710.83,2026-02-03,Yes,South Korea
1403,Karen Fisher,Keyboard,Electronics,4,747.39,2025-06-15,Yes,Brazil
1404,Jon Harris,Dining Table,Furniture,11,311.23,2024-11-05,Yes,Australia
1405,Christine Benton,Office Chair,Furniture,2,1718.76,2024-05-30,No,Singapore
1406,James Leonard,Glue Stick,Stationery,13,1321.33,2025-12-02,Yes,Italy
1407,Ryan Spence,Keyboard,Electronics,12,1873.82,2024-08-16,Yes,China
1408,Andrea Mccarthy,Socks,Clothing,11,1759.99,2024-07-27,Yes,China
1409,Peter Simon,Desk Lamp,Furniture,1,1635.39,2024-10-01,No,China
1410,Denise Brown,USB Drive,Electronics,6,863.38,2024-02-08,No,Argentina
1411,Michael Walton,USB Drive,Electronics,3,510.2,2025-02-09,No,Germany
1412,James Taylor,Tablet,Electronics,2,119.5,2024-09-23,No,Germany
1413,Sharon Bennett,Office Chair,Furniture,9,349.09,2026-08-06,Yes,Brazil
1414,Diana Hays,Ruler,Stationery,3,72.7,2025-05-03,No,Netherlands
1415,Brad Brown,Standing Desk,Furniture,12,1566.51,2025-10-06,Yes,India
1416,Julie Patel,Office Chair,Furniture,7,17.8,2024-10-23,No,France
1417,Ryan Jones,Office Chair,Furniture,4,1995.76,2025-07-08,Yes,Spain
1418,Rachel Coleman,File Cabinet,Furniture,9,2233.94,2024-05-05,No,Sweden
1419,Travis Wolfe,Printer,Electronics,2,798.87,2025-04-02,Yes,Germany
1420,Noah Ochoa,Ruler,Stationery,5,2129.28,2024-09-09,Yes,South Africa
1421,Kendra Hudson,Tablet,Electronics,11,423.68,2024-02-03,Yes,Spain
1422,James Barr,Sneakers,Clothing,7,796.24,2026-01-24,Yes,Uk
1423,Melissa Palmer,Ruler,Stationery,12,942.99,2025-03-30,Yes,Germany
1424,Danny Payne,Juice,Food & Beverage,11,806.49,2024-04-26,No,Spain
1425,Amanda Evans,Bottled Water,Food & Beverage,4,792.1,2025-01-18,No,South Korea
1426,Kiara Miller,Laptop,Electronics,5,992.57,2024-07-29,No,Singapore
1427,Miss Janet Fischer,Ruler,Stationery,15,1792.59,2025-07-21,Yes,Uae
1428,Jenna Reed,File Cabinet,Furniture,6,2490.63,2026-06-17,Yes,Brazil
1429,Jodi Kennedy,Keyboard,Electronics,3,460.39,2024-05-28,Yes,Sweden
1430,Robert Larson,File Cabinet,Furniture,12,903.66,2026-12-27,No,Argentina
1431,Brenda Burke,Dining Table,Furniture,7,662.82,2025-10-08,No,Argentina
1432,Jeffrey Larsen,Standing Desk,Furniture,12,1573.87,2025-01-19,Yes,Uk
1433,Travis Anderson,Tablet,Electronics,15,1028.57,2025-01-08,No,Sweden
1434,Robert Brewer,Pen,Stationery,9,1669.61,2024-09-15,Yes,Netherlands
1435,Chad Salazar,Coffee Beans,Food & Beverage,3,2311.25,2025-02-11,Yes,China
1436,Dr. Ashley Hayes,Sofa,Furniture,10,473.94,2026-08-29,No,Uk
1437,Joel Gilbert,Pen,Stationery,8,1721.38,2026-07-25,No,Spain
1438,Paul Khan,Jeans,Clothing,13,723.81,2025-02-27,No,Uae
1439,Daniel Robinson,Bookshelf,Furniture,3,1302.2,2026-12-02,Yes,Singapore
1440,Michael Maldonado,Tablet,Electronics,4,114.15,2024-02-08,Yes,Uk
1441,Roger Williams,Glue Stick,Stationery,15,592.58,2025-05-28,No,Germany
1442,Trevor Bradford,USB Drive,Electronics,15,1351.71,2026-09-02,Yes,China
1443,Daniel Miller,Printer,Electronics,8,637.44,2025-12-03,Yes,Australia
1444,Michael Stewart,Mouse,Electronics,8,2238.12,2025-07-14,Yes,China
1445,Jamie Werner,Sofa,Furniture,10,2338.78,2024-05-07,Yes,South Africa
1446,Jane Obrien,Desk Lamp,Furniture,15,2137.6,2026-12-24,Yes,India
1447,Bradley Johnson,Smartphone,Electronics,11,286.6,2025-05-15,Yes,Japan
1448,Lee Henry,Stapler,Stationery,14,620.77,2025-08-23,Yes,China
1449,Jennifer Hoffman,Bed,Furniture,10,2419.89,2026-08-04,Yes,France
1450,Joseph Contreras,Ruler,Stationery,3,669.94,2025-01-26,No,Uk
1451,Karen Taylor,Pen,Stationery,10,488.66,2024-07-11,Yes,China
1452,Glenn Villarreal,Laptop,Electronics,14,1003.89,2025-07-10,Yes,Argentina
1453,Megan Hall,USB Drive,Electronics,14,542.88,2025-05-09,No,South Korea
1454,Michelle Marquez,Juice,Food & Beverage,7,548.16,2026-03-11,No,Germany
1455,Elizabeth Calderon,T-Shirt,Clothing,4,1059.13,2026-07-18,Yes,Brazil
1456,Teresa Franklin,Monitor,Electronics,7,2242.02,2025-03-19,Yes,Uk
1457,Kyle Young,USB Drive,Electronics,5,1649.63,2025-02-18,No,Australia
1458,Emily Cochran,T-Shirt,Clothing,4,454.92,2024-06-09,Yes,Singapore
1459,Neil Holmes,Office Chair,Furniture,5,744.08,2024-06-23,No,Argentina
1460,Peggy Sharp,Bottled Water,Food & Beverage,7,1992.47,2026-12-28,No,Sweden
1461,Mark Griffin,Glue Stick,Stationery,15,1037.93,2024-05-19,Yes,South Korea
1462,William Stewart,Juice,Food & Beverage,14,2186.48,2025-11-21,Yes,Canada
1463,Amanda Scott,Socks,Clothing,14,135.82,2025-03-02,Yes,Japan
1464,Wesley Jordan,Bed,Furniture,11,554.37,2026-06-22,No,Sweden
1465,Teresa Wong,Standing Desk,Furniture,9,371.85,2025-03-04,No,South Korea
1466,Mary Rodriguez,Juice,Food & Beverage,4,187.23,2025-02-15,Yes,Germany
1467,Derrick Cain,Scarf,Clothing,8,1298.79,2026-06-27,No,Canada
1468,Paul Avila,Webcam,Electronics,10,1625.9,2024-06-16,Yes,Spain
1469,Kyle Ryan,Ruler,Stationery,8,1830.09,2026-10-04,Yes,Uk
1470,James King,T-Shirt,Clothing,10,346.46,2025-03-16,Yes,Sweden
1471,Timothy Ball,Socks,Clothing,11,2153.82,2024-03-28,No,United States
1472,Margaret Baker,Bottled Water,Food & Beverage,2,2174.55,2025-09-13,Yes,Argentina
1473,Chris Summers,Bottled Water,Food & Beverage,6,2497.7,2025-08-15,Yes,Germany
1474,Kathy Burke,Green Tea,Food & Beverage,1,1532.21,2024-07-21,Yes,South Korea
1475,Kelsey Castro,Sneakers,Clothing,9,2323.61,2025-04-25,Yes,Australia
1476,William Bailey,Bread,Food & Beverage,4,626.6,2025-05-09,Yes,South Africa
1477,Stephen Nguyen,Scarf,Clothing,3,289.95,2026-07-27,Yes,China
1478,Jamie Wolfe,Scarf,Clothing,11,1492.64,2025-04-22,Yes,China
1479,Margaret Smith,Printer,Electronics,4,1015.95,2026-04-28,Yes,France
1480,Tamara Christensen,Hat,Clothing,10,1430.42,2026-02-05,No,France
1481,Lynn Smith,Desk Lamp,Furniture,4,2019.58,2024-03-21,Yes,Japan
1482,Terri Erickson,Mouse,Electronics,10,914.48,2024-08-29,No,Netherlands
1483,Emily Evans,Bed,Furniture,9,1368.23,2024-11-15,No,Germany
1484,Christine Brown,Jacket,Clothing,13,1975.24,2025-01-19,Yes,France
1485,Veronica Williams,Laptop,Electronics,1,1850.32,2025-09-14,Yes,Uk
1486,Kathleen Kelly,Bookshelf,Furniture,9,1320.55,2026-03-13,No,Australia
1487,Lisa Schmidt,Sneakers,Clothing,3,1256.83,2025-03-30,Yes,South Korea
1488,Terri Lewis,Jeans,Clothing,5,1843.06,2026-07-26,Yes,South Korea
1489,Richard Baldwin,Jacket,Clothing,15,1509.83,2024-01-02,Yes,Netherlands
1490,Rickey Galloway,Eraser,Stationery,7,2428.48,2026-10-29,No,Uae
1491,Carrie Brown,Sneakers,Clothing,4,752.63,2024-09-30,Yes,Italy
1492,Kimberly Hood,Pen,Stationery,2,658.23,2026-03-03,Yes,South Africa
1493,Caleb Noble,Tablet,Electronics,4,234.29,2026-12-30,Yes,France
1494,Jim Thomas,Hat,Clothing,5,772.53,2025-03-16,No,Sweden
1495,Terri Castillo,Eraser,Stationery,13,2233.21,2025-06-17,No,Singapore
1496,Linda Booth,Glue Stick,Stationery,8,2263.07,2024-09-24,No,South Korea
1497,Amy Roman,Scarf,Clothing,12,1958.72,2024-06-03,Yes,United States
1498,Donald Ewing,Ruler,Stationery,12,1196.19,2024-09-15,Yes,Canada
1499,Kristina Carter,Standing Desk,Furniture,1,2340.68,2025-07-16,No,South Korea
1500,Alison Garcia,Juice,Food & Beverage,15,1878.95,2024-09-10,Yes,Uae
1501,Kevin Shepherd,Notebook,Stationery,11,1723.48,2026-04-07,Yes,Canada
1502,Carolyn Clark,Mouse,Electronics,8,938.21,2025-01-24,Yes,India
1503,Donna Crawford,Coffee Beans,Food & Beverage,15,1121.43,2025-04-18,No,Canada
1504,Brandon Erickson,Dining Table,Furniture,6,1259.23,2026-12-11,No,South Africa
1505,Angela Nelson,Socks,Clothing,15,1961.2,2025-05-19,Yes,Spain
1506,Joshua Gilbert,Bottled Water,Food & Beverage,6,735.75,2026-10-13,Yes,Australia
1507,Heather Anthony,Tape,Stationery,7,1195.07,2025-03-12,Yes,Australia
1508,Martha Robles,Webcam,Electronics,7,2296.75,2025-07-13,Yes,India
1509,Abigail Atkinson,Jacket,Clothing,9,1588.6,2025-07-13,Yes,Mexico
1510,James Rivers,Headphones,Electronics,11,1497.66,2024-11-15,No,Italy
1511,Susan Nichols,T-Shirt,Clothing,5,2338.7,2026-05-24,Yes,Singapore
1512,Jason Peterson,Juice,Food & Beverage,8,105.32,2024-09-28,No,Uk
1513,Crystal Blake,Smartphone,Electronics,1,522.27,2024-01-11,Yes,India
1514,Alexis Hernandez,Bread,Food & Beverage,4,1015.29,2026-10-22,No,Spain
1515,Christopher Jordan,Pencil,Stationery,3,1988.41,2024-12-18,Yes,Singapore
1516,Austin Pope,Glue Stick,Stationery,14,1064.06,2025-02-22,Yes,Australia
1517,Justin Mcgrath,Office Chair,Furniture,7,686.75,2025-06-25,Yes,Uae
1518,Tanner Hunt,Stapler,Stationery,7,880.82,2026-03-06,Yes,Uae
1519,Mr. Nicholas Osborn,Stapler,Stationery,12,1436.66,2024-01-12,Yes,Netherlands
1520,Hayden Jones,Eraser,Stationery,7,171.84,2024-12-28,Yes,India
1521,Kari Lee,File Cabinet,Furniture,1,1119.8,2025-08-11,Yes,France
1522,Michael Russell,Jeans,Clothing,15,2223.36,2026-09-25,Yes,South Korea
1523,Marc Lynch,Juice,Food & Beverage,15,2439.36,2026-03-07,No,Spain
1524,Ryan Gardner,Desk Lamp,Furniture,14,667.62,2025-05-19,Yes,Argentina
1525,Daniel Anderson MD,Bottled Water,Food & Beverage,13,452.38,2024-07-31,Yes,Brazil
1526,Guy Vaughan,Hat,Clothing,3,489.39,2026-03-23,Yes,Uk
1527,Cynthia Murphy,Desk Lamp,Furniture,9,756.55,2026-04-21,Yes,India
1528,Dr. Taylor Lamb,Tape,Stationery,12,360.51,2026-04-14,Yes,Japan
1529,Robert Dixon,Bottled Water,Food & Beverage,11,2000.23,2025-06-08,Yes,India
1530,Cody Buck,Jeans,Clothing,8,1042.38,2025-12-19,Yes,Australia
1531,Nicole Williams,File Cabinet,Furniture,13,1805.47,2026-04-16,Yes,Singapore
1532,John Cohen,Bookshelf,Furniture,9,2269.85,2026-01-13,Yes,Netherlands
1533,Lee Booker,Printer,Electronics,15,294.54,2024-01-20,Yes,Singapore
1534,Brian Duke,Pencil,Stationery,1,551.43,2025-02-22,Yes,South Africa
1535,Sharon Collins,Office Chair,Furniture,6,2141.71,2024-09-05,No,France
1536,Sarah Kirby,Green Tea,Food & Beverage,2,2324.47,2026-05-18,Yes,India
1537,James Reed,Hat,Clothing,12,661.07,2024-06-11,Yes,Sweden
1538,Lisa Wells,Bed,Furniture,3,2069.21,2026-04-12,Yes,South Africa
1539,Chad Sexton,Sneakers,Clothing,7,1220.57,2026-05-09,Yes,Sweden
1540,David Fields,Stapler,Stationery,13,1283.62,2025-08-26,Yes,Uae
1541,Rebecca Gonzales,Stapler,Stationery,2,286.98,2024-09-15,Yes,Australia
1542,Calvin Hobbs,Sneakers,Clothing,6,2207.72,2025-07-08,Yes,Mexico
1543,Matthew Grant,Hat,Clothing,12,1902.3,2024-05-29,Yes,South Africa
1544,Rachael Bell,Juice,Food & Beverage,8,1145.02,2026-05-19,Yes,France
1545,Jennifer Martin,T-Shirt,Clothing,2,246.47,2025-11-30,Yes,China
1546,Brett Blevins,Dining Table,Furniture,7,2232.8,2024-06-07,Yes,Italy
1547,Kristin Jones,File Cabinet,Furniture,10,993.13,2025-01-18,Yes,South Korea
1548,Sarah Mcdonald,Bed,Furniture,3,69.6,2024-09-08,Yes,Canada
1549,Dennis Nelson,Glue Stick,Stationery,9,1991.16,2025-04-29,Yes,India
1550,Paul Jennings,Eraser,Stationery,10,1825.07,2026-12-31,Yes,India
1551,Beverly Lewis,Coffee Beans,Food & Beverage,14,2328.43,2026-10-08,Yes,Singapore
1552,Stacy Williams,Bookshelf,Furniture,9,1334.22,2025-04-21,Yes,China
1553,Ryan Wilson,Office Chair,Furniture,1,793.77,2025-02-24,No,France
1554,Natalie Coleman,Sneakers,Clothing,9,715.04,2026-06-09,No,South Africa
1555,Alexander Drake,Snack Bar,Food & Beverage,7,403.01,2025-08-26,No,Argentina
1556,Kyle Cortez,T-Shirt,Clothing,2,1099.34,2025-09-17,No,Sweden
1557,Timothy Baker,Bookshelf,Furniture,8,1951.42,2024-01-01,Yes,China
1558,Valerie Mitchell,Jacket,Clothing,12,2270.93,2026-09-25,Yes,Argentina
1559,Courtney Bass,Laptop,Electronics,3,290.96,2026-04-02,Yes,China
1560,Charles Phillips,Tablet,Electronics,14,189.9,2026-10-27,Yes,Brazil
1561,Tammy Miller,Webcam,Electronics,2,2369.12,2026-10-01,Yes,Argentina
1562,Lori Fields,Snack Bar,Food & Beverage,9,1078.29,2025-07-22,Yes,Argentina
1563,Michael Horton,Dining Table,Furniture,14,1935.05,2026-04-09,Yes,South Korea
1564,Lisa Davidson,Standing Desk,Furniture,9,1077.34,2026-03-30,Yes,South Africa
1565,Connor Jenkins,Hat,Clothing,3,2381.54,2025-04-24,Yes,Singapore
1566,Jennifer Taylor,Juice,Food & Beverage,9,707.37,2026-01-30,Yes,Singapore
1567,Courtney Martinez,Glue Stick,Stationery,9,491.31,2026-06-24,Yes,Uae
1568,Joseph Lynch,Webcam,Electronics,6,2044.17,2026-01-12,Yes,China
1569,Jaime Mullins,Bookshelf,Furniture,6,1596.25,2026-08-07,Yes,Japan
1570,Andrew Carpenter,Bread,Food & Beverage,4,2353.58,2026-10-18,Yes,United States
1571,Wayne Hodges,Sneakers,Clothing,3,2015.22,2025-01-31,Yes,Germany
1572,Steve Lyons,Eraser,Stationery,2,2181.67,2026-04-05,No,China
1573,Danielle Grant,Ruler,Stationery,10,569.09,2026-04-25,Yes,Brazil
1574,Ebony Miles,Stapler,Stationery,5,115.78,2025-05-31,Yes,South Korea
1575,Cheryl Potter,Jacket,Clothing,5,395.94,2025-07-16,No,Netherlands
1576,Elizabeth Martin,Snack Bar,Food & Beverage,8,1577.39,2026-09-07,No,Italy
1577,Sara Robinson,Stapler,Stationery,7,2403.74,2026-11-13,Yes,Sweden
1578,Amanda Hernandez,Pen,Stationery,2,1075.44,2026-09-07,Yes,Japan
1579,Chelsea Beard,Green Tea,Food & Beverage,9,508.6,2024-08-08,Yes,Sweden
1580,Sarah Charles,Green Tea,Food & Beverage,4,990.46,2026-06-17,No,Argentina
1581,Ryan Summers,Sneakers,Clothing,12,2129.92,2025-10-18,Yes,Spain
1582,Billy Roberson,USB Drive,Electronics,8,1745.62,2025-04-23,No,India
1583,Timothy Henderson,Office Chair,Furniture,2,1627.82,2026-03-26,No,China
1584,Seth Williams,Tape,Stationery,6,2376.8,2025-08-08,Yes,China
1585,Alexandria Parrish,Bed,Furniture,10,1675.71,2025-08-02,Yes,Uk
1586,Tammy Bender,Bed,Furniture,9,1238.72,2026-11-13,Yes,Argentina
1587,Kevin Golden,Tablet,Electronics,5,2202.07,2024-11-22,Yes,Uae
1588,Julie Zhang,Bottled Water,Food & Beverage,13,309.59,2025-02-16,No,Spain
1589,Nancy Lee,Headphones,Electronics,11,2350.78,2024-08-15,Yes,Uk
1590,Edwin Nguyen,Webcam,Electronics,9,40.33,2024-07-30,Yes,Mexico
1591,Tony Jones,Dining Table,Furniture,2,664.65,2026-07-16,Yes,Japan
1592,Ms. Cynthia Warren DDS,Sneakers,Clothing,11,786.66,2026-03-19,Yes,Australia
1593,Christine Kelly,Laptop,Electronics,8,659.26,2024-03-23,Yes,Brazil
1594,James Porter,Coffee Beans,Food & Beverage,9,459.11,2026-09-10,Yes,Sweden
1595,Mary Mosley,Eraser,Stationery,10,404.77,2025-09-01,Yes,Sweden
1596,Michele Lewis,Headphones,Electronics,2,443.92,2026-06-21,No,India
1597,Terry Hopkins,Dining Table,Furniture,10,339.68,2026-05-13,Yes,Uae
1598,Joshua Fischer,Coffee Beans,Food & Beverage,10,1794.57,2025-03-23,Yes,Spain
1599,William Tucker,File Cabinet,Furniture,10,936.1,2026-06-02,Yes,Canada
1600,Molly Andrews,Tape,Stationery,13,1294.24,2025-06-09,Yes,Argentina
1601,Regina Allen,Standing Desk,Furniture,10,580.35,2026-11-20,Yes,Japan
1602,Todd Welch,Hat,Clothing,9,1575.74,2024-05-02,Yes,South Korea
1603,Maria Bolton,Stapler,Stationery,9,369.58,2026-09-23,Yes,Germany
1604,Jennifer Reynolds,Ruler,Stationery,9,286.23,2025-05-21,Yes,South Africa
1605,Michael Williams,Pencil,Stationery,3,1101.24,2024-09-13,Yes,South Korea
1606,James Beard,Standing Desk,Furniture,12,1369.79,2026-12-29,Yes,Argentina
1607,David Turner,T-Shirt,Clothing,1,384.55,2025-04-22,Yes,Brazil
1608,Christopher Gonzalez,Glue Stick,Stationery,1,1118.86,2026-08-05,Yes,France
1609,Jane Hall,Sneakers,Clothing,12,191.93,2025-03-08,Yes,India
1610,David Schultz,Tape,Stationery,12,2404.22,2026-10-09,Yes,Mexico
1611,Mr. Nicholas Estes Jr.,Jeans,Clothing,13,1273.87,2024-03-24,Yes,Singapore
1612,Mark Calhoun,Coffee Beans,Food & Beverage,12,1885.54,2024-10-21,No,Brazil
1613,Gregory Johnson,Snack Bar,Food & Beverage,10,518.52,2024-07-08,Yes,Australia
1614,Emily Fernandez,Office Chair,Furniture,8,1745.28,2025-08-11,Yes,South Africa
1615,Patrick Martin,Headphones,Electronics,15,526.97,2024-11-23,No,Mexico
1616,Glenn Clark,Smartphone,Electronics,10,873.38,2026-10-06,No,Netherlands
1617,Brian Jackson,Webcam,Electronics,9,1152.48,2026-04-01,Yes,United States
1618,Jocelyn Wise,Bread,Food & Beverage,1,122.82,2026-03-03,Yes,Sweden
1619,Kevin Jones,Socks,Clothing,8,116.23,2026-08-08,No,Brazil
1620,Anthony Taylor,Green Tea,Food & Beverage,3,1312.65,2024-01-13,Yes,Netherlands
1621,Paula Schmidt,Desk Lamp,Furniture,6,881.72,2025-11-04,No,Argentina
1622,Michael Lozano,Pencil,Stationery,1,1312.45,2025-12-21,No,China
1623,Carol Mccoy,Bread,Food & Beverage,11,1788.09,2024-11-03,Yes,Uae
1624,Brandon Andrade,Bread,Food & Beverage,6,650.07,2024-07-30,Yes,Sweden
1625,Hailey Anderson,Jacket,Clothing,3,979.17,2024-01-25,Yes,South Korea
1626,Scott Pham,Standing Desk,Furniture,5,2035.56,2026-12-03,No,China
1627,Lynn Bishop,T-Shirt,Clothing,2,2456.97,2025-03-04,Yes,France
1628,Jessica Hess,T-Shirt,Clothing,14,1855.25,2025-03-31,Yes,Canada
1629,Sheila Watkins,Juice,Food & Beverage,15,1617.15,2025-01-31,Yes,Germany
1630,Nathan Salazar,File Cabinet,Furniture,10,1819.84,2026-01-02,Yes,Italy
1631,Brandon Johnson,Bread,Food & Beverage,10,2460.21,2024-12-28,Yes,India
1632,Michael Navarro,Sofa,Furniture,12,2481.87,2026-09-10,Yes,Germany
1633,Eric Sims,Desk Lamp,Furniture,1,1343.07,2025-01-21,No,Spain
1634,Anthony Pollard,Coffee Beans,Food & Beverage,3,2017.07,2025-05-05,Yes,Australia
1635,Rachel Page,Socks,Clothing,5,136.94,2024-10-28,No,South Korea
1636,Dr. John Jackson,Coffee Beans,Food & Beverage,7,796.37,2026-05-21,Yes,France
1637,Megan Woods,Laptop,Electronics,8,885.42,2026-08-10,Yes,China
1638,William Morris DVM,Keyboard,Electronics,13,2446.25,2024-03-26,Yes,Argentina
1639,Melanie Shaw,Tape,Stationery,12,20.17,2024-08-16,No,South Korea
1640,Michele Howell,Office Chair,Furniture,9,386.28,2026-10-02,No,United States
1641,Cody Waters,Green Tea,Food & Beverage,12,834.26,2026-05-22,Yes,France
1642,Laura Jacobson,Tablet,Electronics,2,2391.86,2026-09-03,Yes,Mexico
1643,Peter Anderson,Mouse,Electronics,2,1538.04,2025-09-22,No,France
1644,Kim Brown,Bread,Food & Beverage,6,908.31,2026-01-25,No,Canada
1645,Emily Baird,Eraser,Stationery,15,1766.16,2025-11-25,No,Singapore
1646,April Rowe,Tape,Stationery,10,1834.73,2026-08-14,Yes,Uk
1647,Jane Rice DDS,Ruler,Stationery,4,1994.89,2026-08-17,Yes,Mexico
1648,Richard Jimenez,Sofa,Furniture,1,1891.36,2026-05-29,No,Canada
1649,Ray Jenkins,Scarf,Clothing,7,1706.66,2026-11-11,No,Uk
1650,Audrey Torres,Jacket,Clothing,4,1866.83,2025-06-22,Yes,Japan
1651,Anthony Harris,Sofa,Furniture,9,1594.61,2024-07-25,No,India
1652,Beth Roy,File Cabinet,Furniture,5,866.53,2024-02-07,Yes,Singapore
1653,Daniel Mcdowell,Hat,Clothing,15,1222.32,2025-12-04,No,Mexico
1654,Michelle Bell,Headphones,Electronics,9,900.03,2024-11-05,Yes,France
1655,Tammy Martinez,Jacket,Clothing,9,632.79,2025-10-30,Yes,France
1656,Elizabeth Bailey,Sneakers,Clothing,7,6.99,2026-02-22,No,Italy
1657,Shannon Clarke,Pencil,Stationery,1,675.35,2025-04-03,No,Sweden
1658,Donald Allen,Laptop,Electronics,10,995.18,2026-02-02,Yes,Canada
1659,Jessica Thompson,Printer,Electronics,11,893.46,2026-07-05,Yes,Germany
1660,Robert Smith,USB Drive,Electronics,1,519.2,2025-12-04,No,Sweden
1661,Gabriella Phillips,Hat,Clothing,3,145.22,2024-08-18,Yes,Singapore
1662,Douglas Berry,Webcam,Electronics,15,2496.74,2024-02-16,Yes,United States
1663,Linda Johnson,Coffee Beans,Food & Beverage,11,2405.32,2025-08-31,Yes,China
1664,Patricia Huffman,Pencil,Stationery,13,2113.62,2026-03-26,No,Uae
1665,Melissa Daniel,USB Drive,Electronics,4,1589.34,2024-06-14,Yes,South Africa
1666,Jon Miller,Bread,Food & Beverage,11,1736.9,2026-08-27,No,Brazil
1667,Sandra Perkins,Snack Bar,Food & Beverage,11,1400.24,2024-07-27,No,United States
1668,Luis Jones,Notebook,Stationery,3,2236.87,2025-01-09,No,Italy
1669,Kendra Hunt,Green Tea,Food & Beverage,7,115.75,2026-12-06,Yes,South Africa
1670,Brenda Huber PhD,Monitor,Electronics,4,996.62,2024-10-03,Yes,Netherlands
1671,Christopher Warren,Ruler,Stationery,11,1585.57,2026-12-27,No,Germany
1672,Ms. Cassandra Holmes,Jacket,Clothing,4,2120.7,2026-07-23,Yes,Uk
1673,Gabriela Mitchell,Jeans,Clothing,8,1629.72,2025-03-06,Yes,China
1674,Kimberly Hill,Desk Lamp,Furniture,10,1964.09,2024-07-23,No,Singapore
1675,Dominic Hubbard III,Pen,Stationery,2,1448.09,2026-12-01,Yes,India
1676,Jason Martinez,Jeans,Clothing,3,1300.38,2024-12-19,Yes,Netherlands
1677,Stephanie Maldonado,Smartphone,Electronics,15,208.6,2025-09-13,Yes,Germany
1678,Joseph Jones,Eraser,Stationery,9,1621.03,2025-04-18,Yes,Australia
1679,Christopher Brown,Pen,Stationery,15,545.88,2024-09-01,No,Argentina
1680,Erin Baker,Pencil,Stationery,8,448.45,2025-07-11,Yes,United States
1681,Maurice Padilla,Hat,Clothing,14,1924.27,2026-09-02,No,Brazil
1682,Jeremy Thomas,Stapler,Stationery,14,1331.63,2024-09-16,Yes,Mexico
1683,Donald Norman,Dining Table,Furniture,6,2165.93,2024-07-01,Yes,Uae
1684,Dawn Kelley,USB Drive,Electronics,4,2299.75,2026-07-15,Yes,France
1685,Christine Allison,Bottled Water,Food & Beverage,11,1006.89,2026-11-11,Yes,South Africa
1686,Katherine White,Laptop,Electronics,10,2451.99,2024-01-16,No,Italy
1687,Donald Hawkins,USB Drive,Electronics,9,1065.75,2024-09-16,Yes,Netherlands
1688,Emily Woods,Green Tea,Food & Beverage,13,62.38,2026-04-17,Yes,Netherlands
1689,Amanda Phillips,Webcam,Electronics,3,786.06,2024-08-23,No,Argentina
1690,Christopher Hall,USB Drive,Electronics,15,1855.39,2025-04-01,No,Germany
1691,Maria Martin,Mouse,Electronics,12,1998.43,2026-02-25,No,Spain
1692,Mark Nelson,Tape,Stationery,11,16.69,2025-03-07,Yes,France
1693,Reginald Harris,Bread,Food & Beverage,3,957.29,2024-03-08,Yes,India
1694,Nicholas Miller,Snack Bar,Food & Beverage,3,2374.47,2026-03-31,No,China
1695,John Brady,Laptop,Electronics,13,212.24,2024-04-08,Yes,Uae
1696,Roger Hicks,Webcam,Electronics,15,1224.73,2026-02-27,Yes,France
1697,Kathleen Horton,USB Drive,Electronics,14,2383.49,2024-04-02,No,Sweden
1698,Christopher Christensen,T-Shirt,Clothing,10,37.71,2025-03-17,Yes,United States
1699,Savannah Barker,Coffee Beans,Food & Beverage,13,342.68,2025-12-26,No,Argentina
1700,Mary Cox,Smartphone,Electronics,1,1831.34,2025-09-03,Yes,South Africa
1701,Maria Lawson,Sofa,Furniture,1,251.49,2026-07-30,Yes,France
1702,Jean Morgan,Pen,Stationery,14,2208.55,2026-05-29,Yes,Singapore
1703,Hannah Brown,Webcam,Electronics,15,1140.57,2026-11-14,No,United States
1704,Jonathan Smith,Dining Table,Furniture,15,2031.25,2025-05-11,Yes,China
1705,Linda Moore,Sneakers,Clothing,1,1709.09,2026-07-18,No,Argentina
1706,Stacy Navarro,Jacket,Clothing,3,2406.44,2025-03-27,Yes,Singapore
1707,Jesus Reese,Headphones,Electronics,9,135.62,2024-06-25,Yes,Uk
1708,Sarah Sanchez,Bottled Water,Food & Beverage,10,2232.14,2026-05-06,No,South Africa
1709,Heather Park,Eraser,Stationery,13,913.91,2025-01-30,Yes,Sweden
1710,Angela Elliott,Glue Stick,Stationery,6,587.54,2025-10-12,Yes,Brazil
1711,Christopher Green,Ruler,Stationery,2,1220.84,2025-12-19,Yes,Australia
1712,Sarah Webster,T-Shirt,Clothing,4,1810.03,2024-12-31,Yes,Argentina
1713,Brittany Little,Jeans,Clothing,1,2112.07,2024-07-03,No,Germany
1714,Walter Chung,Dining Table,Furniture,5,1433.06,2026-06-27,No,South Korea
1715,Cristina Evans,Office Chair,Furniture,15,2261.53,2026-01-24,Yes,Singapore
1716,Anthony Lynch,Desk Lamp,Furniture,8,1226.6,2025-10-17,Yes,Spain
1717,Kenneth Coleman,Dining Table,Furniture,4,507.23,2026-03-02,Yes,Brazil
1718,Connor Doyle,Green Tea,Food & Beverage,10,1081.7,2026-06-09,No,Singapore
1719,Michael Simmons,Sofa,Furniture,5,247.84,2025-09-10,Yes,Netherlands
1720,Natalie Parker,Keyboard,Electronics,2,1844.08,2024-06-12,Yes,Uae
1721,Courtney Green,Bottled Water,Food & Beverage,5,564.82,2026-06-25,Yes,Argentina
1722,Karen Carter,Sofa,Furniture,12,840.53,2025-10-29,Yes,Argentina
1723,Gwendolyn Fleming,Glue Stick,Stationery,12,2437.68,2026-04-05,Yes,Netherlands
1724,Devin Reynolds,Coffee Beans,Food & Beverage,10,216.94,2024-03-16,Yes,Canada
1725,Christopher Ferguson,Bread,Food & Beverage,12,1970.93,2024-05-23,Yes,Argentina
1726,Matthew Ayers,Eraser,Stationery,4,1357.71,2024-06-02,Yes,Mexico
1727,Erin Ray,Snack Bar,Food & Beverage,12,1960.89,2026-09-21,Yes,Germany
1728,Mark Kennedy,Coffee Beans,Food & Beverage,2,1102.34,2026-05-24,No,Spain
1729,Katelyn Hamilton,Snack Bar,Food & Beverage,10,372.01,2025-09-10,Yes,Italy
1730,Courtney Higgins,Pen,Stationery,11,2304.29,2024-07-19,Yes,France
1731,Stephen Williams,Scarf,Clothing,5,2037.56,2025-06-14,Yes,Uae
1732,Jessica Cole,Dining Table,Furniture,11,1653.11,2025-06-22,Yes,Singapore
1733,Sarah Owen,Smartphone,Electronics,10,1775.29,2025-11-16,Yes,South Korea
1734,Andrew Sanchez,Printer,Electronics,6,2305.39,2025-11-23,Yes,Uae
1735,Michael Garcia,Bookshelf,Furniture,7,1562.71,2025-02-10,Yes,Uae
1736,Taylor Atkinson,Eraser,Stationery,9,2212.75,2026-05-07,Yes,Uae
1737,Bradley Dougherty,Coffee Beans,Food & Beverage,6,528.02,2026-09-14,No,India
1738,Jordan Bishop,Glue Stick,Stationery,5,1922.99,2025-07-20,Yes,India
1739,Matthew Clarke,Pen,Stationery,5,2298.2,2026-03-03,Yes,Canada
1740,Mark Frederick,Dining Table,Furniture,6,437.65,2026-05-02,Yes,Australia
1741,Brittany Brown,T-Shirt,Clothing,15,594.26,2025-07-05,Yes,Australia
1742,Karen Peterson,Laptop,Electronics,14,2348.2,2024-11-06,No,Germany
1743,Krystal Silva,Juice,Food & Beverage,4,15.14,2024-04-14,Yes,Argentina
1744,Andrew Salazar,Mouse,Electronics,10,1681.26,2025-02-27,No,United States
1745,Jonathan Powell,Coffee Beans,Food & Beverage,3,1017.18,2024-08-29,Yes,India
1746,Eric Fernandez,Bottled Water,Food & Beverage,2,621.66,2025-07-29,No,Mexico
1747,Brenda Bryant,Keyboard,Electronics,6,2225.28,2025-12-14,Yes,Canada
1748,Bill Smith,Glue Stick,Stationery,6,2314.41,2026-09-20,No,China
1749,Sara Black,Pencil,Stationery,10,1685.06,2024-02-21,Yes,Mexico
1750,Monica Callahan,File Cabinet,Furniture,13,348.26,2024-01-24,No,France
1751,Julia Oliver,Monitor,Electronics,3,2062.48,2026-02-12,No,Mexico
1752,Kenneth Reeves,Pen,Stationery,13,850.19,2025-07-28,Yes,Singapore
1753,Patricia Tucker,Smartphone,Electronics,11,2247.7,2026-05-13,Yes,Singapore
1754,Leonard Johnson,Standing Desk,Furniture,2,2106.53,2024-05-15,Yes,South Africa
1755,Nathan Williams,Notebook,Stationery,6,1206.76,2026-03-08,Yes,Australia
1756,Cynthia Pena,Bookshelf,Furniture,6,233.95,2024-08-09,Yes,Australia
1757,Anita Hernandez,Bread,Food & Beverage,13,1937.19,2024-11-20,No,Japan
1758,Mark Knox,Scarf,Clothing,10,703.6,2024-08-21,Yes,Germany
1759,Austin Peters,Snack Bar,Food & Beverage,12,1870.56,2024-06-25,No,Spain
1760,Lindsey Edwards,Laptop,Electronics,9,145.63,2026-03-20,Yes,Spain
1761,Diamond Chandler,Juice,Food & Beverage,1,1848.85,2025-12-12,No,Sweden
1762,Jerry Watson,Webcam,Electronics,13,1178.08,2026-12-28,Yes,Australia
1763,Kyle Gray,Printer,Electronics,8,872.46,2024-10-08,No,Italy
1764,Justin Johnson,Dining Table,Furniture,7,651.53,2024-07-11,Yes,Uk
1765,David Mitchell,Pen,Stationery,5,933.5,2026-04-05,Yes,South Korea
1766,Sandra Gomez,Tape,Stationery,14,856.94,2024-10-02,No,South Korea
1767,Stephanie Harris,Printer,Electronics,9,2111.12,2025-01-12,Yes,Germany
1768,Vincent Dalton,Bread,Food & Beverage,2,1748.25,2026-05-02,Yes,Mexico
1769,Eric Alvarado,Jacket,Clothing,1,773.05,2025-10-10,Yes,Japan
1770,Shawn Flores,Bed,Furniture,2,1746.07,2026-03-31,Yes,Uae
1771,Jeffrey Dougherty,Tape,Stationery,6,393.08,2026-03-07,No,Germany
1772,Shane Atkins,Dining Table,Furniture,3,2129.26,2025-03-27,Yes,South Africa
1773,Lisa Brown,Webcam,Electronics,4,724.33,2025-03-23,No,India
1774,Chad Douglas,Dining Table,Furniture,13,1525.48,2026-01-13,Yes,Singapore
1775,Briana Fields,Jeans,Clothing,4,1661.23,2026-06-30,Yes,Japan
1776,Gregory Conrad,Pen,Stationery,8,2463.81,2026-06-28,Yes,India
1777,Mr. Joseph Bailey Jr.,Pen,Stationery,9,1002.06,2026-05-18,Yes,Uk
1778,Brittany Mendoza,Juice,Food & Beverage,14,904.42,2024-11-05,Yes,Canada
1779,Michael Johnson,Scarf,Clothing,12,178.3,2025-12-15,Yes,Argentina
1780,Taylor Cook,Laptop,Electronics,3,1836.17,2025-06-06,Yes,Uae
1781,Krystal Johnson,File Cabinet,Furniture,14,1971.75,2024-04-22,Yes,Uk
1782,Jeffrey Reed,Bed,Furniture,3,1611.26,2026-06-25,No,United States
1783,Jennifer White,Coffee Beans,Food & Beverage,3,2334.47,2024-03-21,Yes,Singapore
1784,Steven Brown,Scarf,Clothing,2,2214.72,2025-04-25,No,Argentina
1785,William Stephenson,Mouse,Electronics,6,451.47,2024-07-27,No,India
1786,Shelby Garcia,Ruler,Stationery,2,1633.31,2026-01-13,No,South Africa
1787,Laura Williams,Bottled Water,Food & Beverage,1,2101.97,2025-03-01,Yes,Singapore
1788,Karen Gutierrez DDS,Coffee Beans,Food & Beverage,3,292.0,2025-01-06,No,South Korea
1789,Victor Bean,Bottled Water,Food & Beverage,14,1504.48,2025-01-12,No,Netherlands
1790,Michelle Santos,Glue Stick,Stationery,12,1921.37,2025-12-22,Yes,United States
1791,Jason Tran,Pen,Stationery,7,228.12,2025-05-09,Yes,Brazil
1792,Jason Garcia,Office Chair,Furniture,14,1224.57,2026-04-21,Yes,Mexico
1793,Jason Reyes,File Cabinet,Furniture,14,523.05,2026-02-12,Yes,Argentina
1794,Sophia Yates,Desk Lamp,Furniture,15,1959.44,2026-09-19,Yes,Italy
1795,William Miller,USB Drive,Electronics,10,932.96,2025-12-14,No,Singapore
1796,Eddie Baldwin,T-Shirt,Clothing,6,142.65,2025-02-11,No,Argentina
1797,Tina Johnson,Mouse,Electronics,4,960.51,2024-12-14,No,Spain
1798,Anita Johnson,Stapler,Stationery,7,2031.98,2025-06-20,Yes,South Africa
1799,Hannah Cordova,Dining Table,Furniture,9,13.16,2025-10-23,No,Sweden
1800,Jackie Rodriguez,Tape,Stationery,4,626.73,2025-04-13,Yes,Sweden
1801,Danielle Cole,Monitor,Electronics,3,1324.02,2024-10-28,Yes,Brazil
1802,Larry Cole,Dining Table,Furniture,6,1511.21,2025-03-13,Yes,Italy
1803,Todd Bailey,Printer,Electronics,9,1491.43,2026-12-05,Yes,Australia
1804,Francisco Rubio,Scarf,Clothing,10,2080.42,2026-08-31,Yes,Spain
1805,James Schneider,Headphones,Electronics,10,2474.91,2024-07-30,Yes,Spain
1806,Mrs. Robin Mathews DVM,Monitor,Electronics,7,358.74,2026-04-03,Yes,Spain
1807,Valerie Chambers,Notebook,Stationery,7,1136.11,2026-03-22,No,South Africa
1808,Michelle Parker,Bookshelf,Furniture,4,1261.19,2026-12-15,Yes,India
1809,Dana Marquez,Eraser,Stationery,6,403.26,2026-10-23,Yes,China
1810,Christopher Olson,Printer,Electronics,7,2332.66,2025-08-17,Yes,Argentina
1811,Brent Vaughan,Standing Desk,Furniture,14,803.87,2026-10-20,Yes,Australia
1812,Jose Lambert,Green Tea,Food & Beverage,2,655.94,2026-12-16,No,Sweden
1813,Gary Wolf,Smartphone,Electronics,12,1108.16,2026-06-02,Yes,Argentina
1814,Kelly Carroll,Jacket,Clothing,4,1866.89,2024-11-18,Yes,Mexico
1815,Shelby Ramirez,Snack Bar,Food & Beverage,4,347.34,2025-12-01,Yes,Singapore
1816,Adam Mills,Desk Lamp,Furniture,7,326.01,2026-08-29,Yes,China
1817,Kimberly Goodwin,Scarf,Clothing,10,139.82,2026-10-17,Yes,Netherlands
1818,Christopher Smith,Bread,Food & Beverage,9,1066.95,2026-05-08,Yes,Argentina
1819,Barbara Dominguez,Scarf,Clothing,8,314.86,2024-12-27,Yes,Italy
1820,Alicia Miller,Mouse,Electronics,12,1042.76,2026-11-17,Yes,Netherlands
1821,Lori Fowler,Green Tea,Food & Beverage,8,964.02,2025-07-19,Yes,China
1822,Derrick Bennett,Standing Desk,Furniture,2,1527.56,2025-03-19,No,United States
1823,Blake Hansen,Monitor,Electronics,9,1530.17,2025-07-12,Yes,Uk
1824,Jeffery Fletcher,Sofa,Furniture,3,500.03,2025-10-25,Yes,Singapore
1825,Sergio Green,Socks,Clothing,15,495.86,2024-12-17,Yes,Mexico
1826,Stanley Bauer,Standing Desk,Furniture,15,1570.39,2025-08-01,Yes,Mexico
1827,Sherri Woods,Bottled Water,Food & Beverage,9,134.82,2024-10-29,Yes,Singapore
1828,Toni Kaufman,Keyboard,Electronics,4,2271.95,2025-01-30,No,United States
1829,April Willis MD,Green Tea,Food & Beverage,10,1632.83,2025-11-14,Yes,Spain
1830,Crystal Neal,Notebook,Stationery,11,990.62,2026-12-02,Yes,Japan
1831,Christine Rogers,Glue Stick,Stationery,14,2220.62,2024-04-03,No,France
1832,Tyler Franklin,USB Drive,Electronics,10,1201.78,2024-06-21,Yes,China
1833,Susan Edwards,Keyboard,Electronics,14,282.41,2026-02-16,Yes,Spain
1834,Lisa White,Socks,Clothing,8,2437.02,2026-03-23,No,Sweden
1835,Laurie Marquez,Dining Table,Furniture,4,1282.3,2026-09-13,Yes,South Korea
1836,Autumn Mendoza,Office Chair,Furniture,9,2495.74,2026-03-10,No,South Africa
1837,Toni Rivera,T-Shirt,Clothing,9,706.5,2025-10-14,No,Netherlands
1838,Samantha Cantu,Pencil,Stationery,1,2007.3,2024-06-04,No,Germany
1839,David Boyd,T-Shirt,Clothing,3,990.64,2024-05-19,Yes,Mexico
1840,Briana Hunter,Jeans,Clothing,13,2219.09,2025-07-25,No,France
1841,Matthew Wilson,Notebook,Stationery,6,359.71,2024-06-13,Yes,Netherlands
1842,David Mueller,Tablet,Electronics,6,1510.13,2025-04-14,Yes,France
1843,Jack Mercer,Pencil,Stationery,5,1962.59,2024-01-30,Yes,United States
1844,Sally Johnson,Eraser,Stationery,4,2328.77,2025-11-07,No,Uk
1845,William Warren,Notebook,Stationery,15,2372.34,2026-12-07,Yes,Uk
1846,Patricia Cooper,Printer,Electronics,4,2334.53,2026-03-08,Yes,Italy
1847,Mr. Troy Marshall,Smartphone,Electronics,9,1441.17,2026-10-25,Yes,India
1848,April Johnson,Printer,Electronics,2,1020.98,2026-06-07,Yes,South Korea
1849,Joseph Freeman,Mouse,Electronics,14,2160.65,2024-04-14,No,India
1850,Larry Snow,Keyboard,Electronics,14,2305.17,2025-05-24,Yes,Sweden
1851,Chelsea West,Eraser,Stationery,8,1844.34,2024-05-17,Yes,Argentina
1852,Pamela Stewart,Jacket,Clothing,1,212.96,2025-08-03,Yes,Argentina
1853,Marilyn Rodriguez,Coffee Beans,Food & Beverage,8,1501.38,2025-12-31,Yes,United States
1854,Tina Vega,Sofa,Furniture,8,2308.45,2025-10-16,Yes,South Africa
1855,Megan Lee,Laptop,Electronics,14,608.44,2026-06-26,Yes,France
1856,Lindsay Garrett,Eraser,Stationery,1,1933.79,2026-08-31,Yes,Japan
1857,Nicole Cline,Webcam,Electronics,10,2094.19,2026-05-03,Yes,Singapore
1858,Justin Jones,Notebook,Stationery,2,545.78,2024-05-27,Yes,Argentina
1859,Ashley Hill,Jacket,Clothing,3,1726.28,2026-10-26,Yes,South Korea
1860,John Johnson,Notebook,Stationery,12,470.27,2025-03-02,No,France
1861,Brenda Murphy,Glue Stick,Stationery,13,2485.81,2024-06-29,Yes,Uae
1862,Walter Jenkins,Jeans,Clothing,2,2346.19,2024-01-26,Yes,Uae
1863,Olivia Goodwin,Jacket,Clothing,9,1108.81,2026-03-10,No,Italy
1864,Justin Parker,Standing Desk,Furniture,12,1998.82,2025-03-14,Yes,Australia
1865,Jillian Sanders,Bottled Water,Food & Beverage,15,1517.75,2024-08-31,Yes,Singapore
1866,Michelle Boyd,Jacket,Clothing,15,2391.13,2024-05-08,No,South Korea
1867,Tony Anderson,Bottled Water,Food & Beverage,9,2127.37,2025-02-01,No,Japan
1868,Angelica Carter,Sofa,Furniture,5,1291.58,2026-04-22,Yes,South Korea
1869,Jamie Thomas,Ruler,Stationery,5,99.4,2025-11-12,Yes,Australia
1870,David Cruz,USB Drive,Electronics,9,638.0,2026-06-25,Yes,Italy
1871,Meghan Myers,Desk Lamp,Furniture,7,2022.01,2024-07-11,Yes,Canada
1872,Barry Johnson,Pencil,Stationery,4,95.76,2024-01-17,No,Canada
1873,James Coleman,Smartphone,Electronics,8,161.38,2024-06-16,No,Singapore
1874,Daisy Garcia,Laptop,Electronics,3,700.7,2025-04-02,No,Mexico
1875,William Bright,Sofa,Furniture,14,67.98,2025-02-16,Yes,Singapore
1876,James Brooks,T-Shirt,Clothing,13,648.03,2024-12-27,Yes,United States
1877,Nicole Baxter,Coffee Beans,Food & Beverage,15,861.08,2026-09-18,No,Spain
1878,John Weeks,Standing Desk,Furniture,14,2304.12,2025-04-07,No,South Africa
1879,Karen Cantrell,Printer,Electronics,1,548.93,2026-01-19,Yes,Sweden
1880,Valerie Barrett,File Cabinet,Furniture,6,1555.37,2024-02-20,Yes,Singapore
1881,Jo Lee,Laptop,Electronics,11,1522.81,2025-10-28,Yes,Sweden
1882,Dennis Burns,Bread,Food & Beverage,1,2488.6,2026-12-29,Yes,South Korea
1883,Becky Martinez,Stapler,Stationery,6,1494.43,2026-07-05,No,India
1884,Shannon Clayton,Pencil,Stationery,1,1181.31,2026-01-12,Yes,Sweden
1885,Tammy Berry,T-Shirt,Clothing,9,2350.22,2024-05-11,Yes,Australia
1886,Matthew Ashley,Glue Stick,Stationery,13,1133.35,2026-11-16,Yes,Sweden
1887,Tiffany Rodriguez,Green Tea,Food & Beverage,15,182.28,2024-12-19,Yes,Spain
1888,Justin Cortez DDS,Laptop,Electronics,4,624.94,2024-05-08,Yes,Germany
1889,Joseph Maxwell,Ruler,Stationery,1,1773.38,2025-07-20,Yes,Sweden
1890,Sarah Mercado,Mouse,Electronics,2,2242.17,2026-04-09,Yes,South Korea
1891,Justin Manning,Stapler,Stationery,4,675.95,2025-03-06,Yes,Italy
1892,Alexis Mendez,Jeans,Clothing,2,128.55,2025-10-21,Yes,Singapore
1893,Sherry Reed,Socks,Clothing,11,6.31,2025-10-28,Yes,Japan
1894,Mr. Richard Caldwell,Stapler,Stationery,13,1655.1,2025-01-06,No,Canada
1895,Tommy Huffman,USB Drive,Electronics,7,721.36,2026-10-08,No,Italy
1896,Monica Hood,T-Shirt,Clothing,2,1790.72,2026-10-28,No,Australia
1897,Anna Alexander,Notebook,Stationery,11,1622.12,2025-01-02,Yes,China
1898,Lisa Greene,Monitor,Electronics,13,1851.92,2026-11-08,Yes,Uae
1899,Craig Harris,Jacket,Clothing,9,1270.54,2024-11-07,Yes,Spain
1900,Alexander Elliott,Bookshelf,Furniture,8,1336.68,2025-08-09,Yes,Argentina
1901,Rebecca Flores,Notebook,Stationery,5,410.2,2025-12-03,Yes,India
1902,Rose Cochran,Glue Stick,Stationery,7,664.35,2026-12-28,Yes,China
1903,Kathryn York,Socks,Clothing,10,1139.32,2026-11-13,No,Sweden
1904,Rebecca Padilla,Desk Lamp,Furniture,11,1166.58,2025-05-09,Yes,Brazil
1905,Steven Sanchez,Keyboard,Electronics,12,1725.69,2026-11-19,Yes,Spain
1906,Robert Chen,Hat,Clothing,3,1740.67,2024-03-07,Yes,Sweden
1907,Jerry Thomas,Sofa,Furniture,1,441.89,2025-06-25,Yes,Italy
1908,Jessica Williams,Jacket,Clothing,12,133.66,2026-09-08,No,Argentina
1909,Cheryl Reid,Socks,Clothing,4,564.59,2026-10-27,Yes,United States
1910,Kristen Palmer,Sneakers,Clothing,11,1974.18,2024-04-24,Yes,Brazil
1911,Donna Parker,Smartphone,Electronics,14,1506.94,2026-08-17,No,Spain
1912,Ashley Lopez,Tape,Stationery,8,737.27,2026-02-05,Yes,Japan
1913,Jacqueline Vincent,T-Shirt,Clothing,10,620.22,2025-04-07,No,China
1914,Deborah Mills,Bread,Food & Beverage,6,680.62,2024-12-19,Yes,Australia
1915,Susan Stuart,USB Drive,Electronics,2,933.66,2024-07-16,Yes,Uae
1916,Alisha Williams,Bottled Water,Food & Beverage,14,931.52,2024-10-26,Yes,Brazil
1917,Charles Foster,File Cabinet,Furniture,4,1689.71,2026-05-14,Yes,Netherlands
1918,Jill Alvarez,Standing Desk,Furniture,2,2135.18,2026-12-03,No,Uk
1919,Theresa Nelson,Keyboard,Electronics,3,37.11,2025-12-17,Yes,Mexico
1920,Julia Deleon,Scarf,Clothing,4,2238.83,2026-05-22,No,Sweden
1921,Gary Cannon,Sneakers,Clothing,4,1286.6,2025-08-02,Yes,Argentina
1922,Crystal Baker,Coffee Beans,Food & Beverage,7,686.72,2026-10-30,Yes,Singapore
1923,Thomas Navarro DDS,Bottled Water,Food & Beverage,8,1336.63,2024-03-08,Yes,Netherlands
1924,Mark Michael,USB Drive,Electronics,7,445.97,2024-11-16,Yes,Australia
1925,Brian Jones,Sneakers,Clothing,6,2076.88,2024-01-03,Yes,South Africa
1926,Brian Palmer,Office Chair,Furniture,2,1155.89,2025-03-27,No,South Korea
1927,Tracy Walton,USB Drive,Electronics,14,1862.36,2024-10-21,Yes,Spain
1928,Cynthia Cardenas,USB Drive,Electronics,6,1738.87,2024-07-11,No,Italy
1929,Jessica Davis,Sneakers,Clothing,12,496.07,2025-10-11,No,Singapore
1930,Alyssa Taylor,Glue Stick,Stationery,10,2285.2,2025-12-09,No,Germany
1931,Taylor Barton,Webcam,Electronics,7,981.58,2024-06-29,Yes,United States
1932,Shannon Willis,Dining Table,Furniture,15,737.94,2025-06-20,Yes,Germany
1933,Bradley Johnson,Stapler,Stationery,11,1409.97,2025-02-18,Yes,Sweden
1934,Marissa Brady,Notebook,Stationery,12,1687.7,2025-02-05,Yes,United States
1935,Xavier Rivas,Sneakers,Clothing,4,138.64,2024-02-05,No,South Africa
1936,Elizabeth Costa,Smartphone,Electronics,3,1854.46,2025-12-28,Yes,Canada
1937,Brian Torres,Sneakers,Clothing,15,2492.17,2024-03-27,No,Germany
1938,Joseph Lynch,Notebook,Stationery,5,1187.74,2026-04-15,Yes,India
1939,Jeffrey Jackson,Printer,Electronics,5,466.45,2026-08-31,Yes,Uae
1940,Laura Ellis,Bottled Water,Food & Beverage,3,1329.51,2025-07-07,Yes,United States
1941,Megan Brown,Laptop,Electronics,7,903.63,2026-05-17,Yes,Brazil
1942,Joseph Hall,Coffee Beans,Food & Beverage,6,1078.38,2025-07-26,Yes,South Africa
1943,Donald Richardson,Pen,Stationery,15,1360.09,2025-11-09,No,Mexico
1944,James Cruz,Jacket,Clothing,9,1485.8,2025-03-05,No,Mexico
1945,Heidi Pitts,Bread,Food & Beverage,13,246.47,2024-03-13,Yes,India
1946,Helen Hill,Snack Bar,Food & Beverage,14,1008.78,2026-08-02,Yes,Uk
1947,Steven Fernandez,Socks,Clothing,12,2468.08,2024-12-05,Yes,Singapore
1948,Haley Perez,Bread,Food & Beverage,2,808.57,2024-03-28,Yes,China
1949,Mark Jackson,Jeans,Clothing,4,2002.25,2025-09-04,Yes,Sweden
1950,Andrew Patterson,Desk Lamp,Furniture,8,704.24,2024-10-21,Yes,Japan
1951,Joan Davis,Jacket,Clothing,7,1873.63,2024-06-15,Yes,Germany
1952,Bradley Cohen,File Cabinet,Furniture,9,1566.76,2026-07-12,Yes,Argentina
1953,James Norman,Keyboard,Electronics,1,1076.82,2024-07-13,Yes,Sweden
1954,Joshua Trevino,Snack Bar,Food & Beverage,6,1597.92,2025-05-22,No,Argentina
1955,Christopher Wise,Bottled Water,Food & Beverage,1,697.15,2026-04-29,Yes,South Korea
1956,Michelle Cain,Hat,Clothing,15,328.56,2024-02-09,Yes,Uk
1957,Margaret Murphy,Hat,Clothing,8,2302.09,2026-11-15,Yes,Uk
1958,Laura Petty,File Cabinet,Furniture,2,261.99,2026-10-18,Yes,Japan
1959,Victoria Gomez,Socks,Clothing,8,2024.46,2024-06-15,Yes,Uk
1960,Frank Daniel,File Cabinet,Furniture,8,2239.04,2025-10-17,Yes,Australia
1961,Jerry Burton,Snack Bar,Food & Beverage,1,2215.62,2025-04-05,Yes,Mexico
1962,Katherine Burnett,Hat,Clothing,14,1850.43,2025-03-09,Yes,Spain
1963,Stephanie Irwin,Juice,Food & Beverage,5,1862.64,2026-01-06,Yes,Brazil
1964,Linda Marsh,Juice,Food & Beverage,9,1743.93,2026-01-19,No,Canada
1965,Ralph Porter,Desk Lamp,Furniture,6,1684.75,2024-08-25,Yes,Canada
1966,Charles Ryan,Jeans,Clothing,13,342.69,2025-06-15,No,Canada
1967,Michael Williams,Scarf,Clothing,3,616.87,2024-02-01,Yes,Argentina
1968,Sarah Scott,Dining Table,Furniture,2,1222.45,2026-02-25,Yes,United States
1969,Mark Orozco,USB Drive,Electronics,15,466.68,2024-01-17,Yes,Brazil
1970,Michelle Walker,Bookshelf,Furniture,13,1088.27,2026-08-26,Yes,United States
1971,William Burke,Pencil,Stationery,12,1031.43,2025-01-15,No,China
1972,Tyler Castillo,Pen,Stationery,3,1925.31,2024-11-11,Yes,Brazil
1973,Lori Bowman,Ruler,Stationery,13,1919.4,2026-06-28,No,Argentina
1974,Stephanie Brown,Sofa,Furniture,10,122.85,2025-08-09,Yes,Japan
1975,John Cook,Notebook,Stationery,15,138.9,2025-03-22,No,Australia
1976,Brandon Thompson,Sofa,Furniture,10,2269.53,2024-11-01,No,Singapore
1977,Jesse Conrad,Desk Lamp,Furniture,2,144.88,2025-05-30,Yes,Uae
1978,Ashley Hogan,Office Chair,Furniture,8,1692.59,2026-03-27,No,Brazil
1979,Crystal Spencer,Green Tea,Food & Beverage,1,704.33,2024-10-13,Yes,Mexico
1980,Lance Martin,Socks,Clothing,5,2428.36,2025-04-21,Yes,Germany
1981,James Davenport,Bread,Food & Beverage,8,882.32,2024-09-17,Yes,Uk
1982,Kathleen Green,Tape,Stationery,1,1421.89,2024-08-21,Yes,South Korea
1983,Jason Peterson,Monitor,Electronics,8,839.4,2026-01-09,No,Spain
1984,Brian Hall,Bread,Food & Beverage,9,1800.48,2024-04-20,Yes,Italy
1985,Jesse Todd,Sofa,Furniture,2,1149.24,2026-08-30,No,France
1986,Thomas Stewart,T-Shirt,Clothing,2,1941.5,2025-12-22,Yes,Sweden
1987,Elizabeth Summers,Hat,Clothing,1,1729.08,2024-02-04,Yes,Italy
1988,Jacqueline Ferguson,Snack Bar,Food & Beverage,1,2111.09,2026-12-03,No,South Korea
1989,Amanda Howell,Stapler,Stationery,11,2004.73,2026-01-18,No,Italy
1990,Scott Pearson,Pen,Stationery,14,507.54,2025-02-16,Yes,Singapore
1991,Brian Brown,Glue Stick,Stationery,12,2214.9,2025-10-06,No,Spain
1992,Christopher Wallace,Scarf,Clothing,11,1244.7,2025-01-06,Yes,Argentina
1993,Amanda Jackson,Printer,Electronics,14,385.53,2026-10-17,Yes,China
1994,Seth Wilson,Monitor,Electronics,2,47.25,2026-04-30,No,India
1995,Megan Giles,Bookshelf,Furniture,8,2301.71,2026-05-11,Yes,Canada
1996,Gregory Lambert,Green Tea,Food & Beverage,6,1579.6,2025-01-20,Yes,Singapore
1997,Daniel Velez,Dining Table,Furniture,5,1294.77,2024-11-15,Yes,India
1998,Daniel Black,Monitor,Electronics,13,2065.73,2024-06-02,Yes,Brazil
1999,Timothy Johns,Pen,Stationery,9,1361.56,2026-01-19,Yes,Uk
2000,Maria Knapp,Bread,Food & Beverage,8,1253.93,2026-07-01,Yes,Japan
2001,Christopher Yang,T-Shirt,Clothing,3,1213.79,2025-08-08,Yes,China
2002,Carl Smith,Standing Desk,Furniture,1,1604.8,2026-12-10,Yes,United States
2003,Melissa Fitzgerald,Laptop,Electronics,2,2053.33,2024-05-02,Yes,France
2004,Victoria Davis,Standing Desk,Furniture,5,520.96,2026-08-16,No,South Korea
2005,William Wright,T-Shirt,Clothing,9,1748.08,2025-03-20,Yes,South Africa
2006,Jason Estrada,Laptop,Electronics,12,1450.39,2025-10-18,Yes,South Korea
2007,Joseph Nicholson,Bread,Food & Beverage,1,2389.32,2025-08-17,No,South Korea
2008,Tommy Caldwell,Sneakers,Clothing,13,619.73,2024-05-09,Yes,Spain
2009,Teresa Smith,Bottled Water,Food & Beverage,9,1764.93,2026-01-18,No,Brazil
2010,Jessica Clark,Jacket,Clothing,10,1072.12,2024-06-02,Yes,Sweden
2011,Tony Williams,Ruler,Stationery,8,1161.72,2026-07-10,Yes,Uk
2012,Debra Li,Printer,Electronics,1,981.97,2025-09-15,Yes,Brazil
2013,Cheyenne Murray,Bed,Furniture,3,1005.47,2025-04-27,Yes,Japan
2014,Kim Johnson,Standing Desk,Furniture,1,1686.2,2026-02-05,No,Argentina
2015,Logan Parker,Monitor,Electronics,12,1765.83,2024-01-10,Yes,Mexico
2016,Monica Poole,Hat,Clothing,9,1081.77,2026-11-21,Yes,Uae
2017,Brittany Joseph,Scarf,Clothing,5,1082.17,2024-08-10,Yes,Singapore
2018,Judy Levine,USB Drive,Electronics,2,1600.44,2025-05-26,No,Sweden
2019,Jacqueline Kirk,Green Tea,Food & Beverage,11,152.05,2025-12-02,Yes,Singapore
2020,Linda Simmons,Bed,Furniture,11,720.24,2025-06-18,Yes,Spain
2021,Catherine Flores,Mouse,Electronics,2,1273.28,2025-06-21,Yes,South Korea
2022,Daniel Reed,Jacket,Clothing,12,1293.18,2026-11-06,No,Sweden
2023,Janet Hopkins,Laptop,Electronics,11,2119.02,2025-03-31,No,China
2024,Susan Lewis,Jacket,Clothing,6,302.42,2024-05-22,No,Uae
2025,Alan Young,Snack Bar,Food & Beverage,15,2488.86,2025-02-24,No,Brazil
2026,William Jacobson,Office Chair,Furniture,5,1550.55,2026-03-26,No,Uk
2027,Jose Moss,Eraser,Stationery,1,1152.22,2025-07-28,Yes,Uae
2028,Ryan Adkins,Stapler,Stationery,5,1720.01,2025-02-16,Yes,Uae
2029,Kimberly Myers,Sofa,Furniture,10,1865.83,2025-04-15,Yes,Japan
2030,Margaret Baker,Smartphone,Electronics,12,1589.41,2024-09-14,Yes,Argentina
2031,Robert Bond,Pen,Stationery,8,39.73,2026-09-27,Yes,Spain
2032,Michael Vega DDS,Office Chair,Furniture,12,2084.8,2025-02-28,Yes,China
2033,James Pennington,Glue Stick,Stationery,9,1282.33,2024-06-01,No,India
2034,Makayla Allen,Stapler,Stationery,10,894.79,2024-09-17,Yes,South Africa
2035,Linda Hill,Headphones,Electronics,6,95.66,2024-11-28,No,Japan
2036,Jennifer Marquez,Tape,Stationery,7,1346.62,2026-03-23,No,Argentina
2037,Rodney Smith,Pen,Stationery,14,245.54,2024-09-08,Yes,Spain
2038,Jennifer Wise,Socks,Clothing,8,1977.58,2025-03-25,Yes,Japan
2039,Michael Spence,Tape,Stationery,2,356.24,2024-08-19,Yes,South Africa
2040,Christian Hale,Bottled Water,Food & Beverage,5,1629.78,2024-05-05,Yes,Japan
2041,Michael Keith Jr.,Socks,Clothing,13,2201.54,2024-12-13,No,Japan
2042,Lorraine Adkins,Bed,Furniture,4,1107.38,2024-10-01,Yes,United States
2043,Pamela Myers,Desk Lamp,Furniture,11,1114.12,2024-07-27,No,Uae
2044,Justin Stevens,Pen,Stationery,8,322.35,2025-04-30,Yes,Sweden
2045,Craig Holloway II,Hat,Clothing,6,807.83,2025-02-23,No,Singapore
2046,Stephen Smith,Sofa,Furniture,14,1038.92,2024-03-09,No,Brazil
2047,Lauren Nunez,Sofa,Furniture,12,766.18,2026-02-24,No,Netherlands
2048,Jason Powers,Green Tea,Food & Beverage,13,2085.25,2025-03-27,No,United States
2049,Billy Silva,File Cabinet,Furniture,10,930.33,2025-11-26,Yes,Uk
2050,David Livingston,Socks,Clothing,1,566.35,2024-09-12,Yes,Germany
2051,Lorraine Herman,Juice,Food & Beverage,1,1078.3,2026-09-12,Yes,Sweden
2052,Charles Aguirre,Laptop,Electronics,11,2077.94,2026-08-25,Yes,Australia
2053,Meredith Powers,T-Shirt,Clothing,6,843.23,2026-06-07,Yes,Netherlands
2054,Bryan Deleon,Mouse,Electronics,15,72.42,2025-05-27,No,Mexico
2055,Sheena Hawkins,Bottled Water,Food & Beverage,5,2001.55,2026-12-20,Yes,Singapore
2056,John West,Pen,Stationery,5,1674.03,2025-04-18,No,Uk
2057,Ariel Hayes,Green Tea,Food & Beverage,3,1155.67,2025-01-12,Yes,India
2058,Adriana Clark,File Cabinet,Furniture,13,1679.71,2025-12-22,Yes,India
2059,Amy Brown,Hat,Clothing,12,908.43,2025-06-03,Yes,United States
2060,Phillip Pace,Mouse,Electronics,6,2279.18,2024-02-05,No,Argentina
2061,Tiffany Hodge,Pencil,Stationery,15,2364.0,2025-07-06,Yes,Italy
2062,Scott Shields,Bread,Food & Beverage,12,1122.52,2026-04-30,Yes,United States
2063,Mary Torres,Pen,Stationery,1,822.78,2024-08-02,No,Uae
2064,Angela Smith,Desk Lamp,Furniture,5,29.78,2024-05-23,No,Australia
2065,Kelly Guerrero,Jacket,Clothing,8,1918.16,2024-04-29,Yes,China
2066,Bruce Rogers,Juice,Food & Beverage,5,2198.13,2026-09-05,No,South Korea
2067,Michele Lane,Tape,Stationery,12,1229.94,2025-07-31,No,France
2068,Amy Baker,Bread,Food & Beverage,5,935.76,2025-08-31,Yes,Spain
2069,Daniel Anderson,Sneakers,Clothing,12,1164.53,2024-02-06,Yes,Sweden
2070,Autumn Bradshaw,Pen,Stationery,5,1786.47,2024-05-06,No,Netherlands
2071,Patrick Navarro,Printer,Electronics,11,1573.13,2024-04-11,No,Uae
2072,Stephanie Cross,Juice,Food & Beverage,9,1245.22,2026-09-10,No,Uae
2073,Douglas Turner,Laptop,Electronics,6,646.09,2024-04-27,Yes,Sweden
2074,Adam Hurst,Hat,Clothing,15,95.4,2024-02-21,No,Singapore
2075,Amy Bauer,Pencil,Stationery,10,2460.83,2026-12-21,No,Japan
2076,Latoya Patel,Coffee Beans,Food & Beverage,13,1299.53,2025-07-16,Yes,Australia
2077,Samantha Garcia,Bed,Furniture,15,414.39,2025-01-27,No,Brazil
2078,Timothy Carson,Keyboard,Electronics,10,2398.1,2026-10-22,Yes,South Korea
2079,Lindsay George,Green Tea,Food & Beverage,15,1388.63,2026-04-06,Yes,Japan
2080,Leslie Wilson,T-Shirt,Clothing,12,432.19,2025-09-25,Yes,Spain
2081,Mrs. Elizabeth Pitts,Standing Desk,Furniture,1,961.75,2025-12-10,No,Canada
2082,Gail Obrien,Sofa,Furniture,11,341.25,2026-07-28,No,Australia
2083,Tiffany Nguyen,Jacket,Clothing,3,1437.73,2024-10-16,Yes,Italy
2084,Brad Johnson,Socks,Clothing,2,1990.96,2026-10-12,No,South Africa
2085,Dr. Kristine Smith,Coffee Beans,Food & Beverage,7,123.72,2026-08-01,Yes,South Korea
2086,Gerald Simmons,Notebook,Stationery,12,2019.22,2025-03-19,No,Argentina
2087,Justin Zuniga,Tape,Stationery,5,1890.47,2026-11-29,No,Singapore
2088,Allison Tucker,Bottled Water,Food & Beverage,13,1245.32,2025-10-26,No,Uk
2089,Anthony Jones,Printer,Electronics,6,1363.27,2026-01-29,Yes,France
2090,Casey Baker,Pencil,Stationery,5,1284.49,2025-06-21,Yes,China
2091,Lauren Kramer,Eraser,Stationery,3,2174.62,2024-12-25,Yes,Argentina
2092,Brittany Williams,Sneakers,Clothing,3,588.5,2026-03-02,Yes,India
2093,Jason Erickson,Scarf,Clothing,9,249.28,2024-02-12,No,France
2094,Samantha Rangel,Socks,Clothing,10,2066.74,2025-04-11,Yes,Italy
2095,Kelly Cook,Tape,Stationery,15,719.48,2025-07-08,Yes,Germany
2096,Anthony Curtis,Dining Table,Furniture,2,1774.37,2024-09-18,No,Japan
2097,Vincent Schultz,Socks,Clothing,9,880.32,2025-08-23,Yes,South Korea
2098,Cheryl Higgins,Socks,Clothing,6,123.72,2024-12-29,Yes,Brazil
2099,George Martinez,Dining Table,Furniture,11,953.1,2024-12-20,Yes,Germany
2100,Christine Taylor,Pencil,Stationery,15,547.57,2026-07-31,No,Argentina
2101,Cheryl Bradshaw,Headphones,Electronics,15,399.17,2026-01-18,Yes,Argentina
2102,Antonio King,Pen,Stationery,3,509.38,2026-11-11,No,France
2103,Lauren Taylor,Sneakers,Clothing,7,2416.35,2025-11-10,No,India
2104,Jesse Scott,Pen,Stationery,7,2421.74,2025-02-25,Yes,China
2105,Donna Mcguire,Snack Bar,Food & Beverage,15,352.98,2026-07-18,Yes,Australia
2106,Julie Berg,T-Shirt,Clothing,5,1491.79,2025-08-04,Yes,Australia
2107,Jeffrey Riggs,Sofa,Furniture,6,1902.0,2025-09-14,Yes,Brazil
2108,Thomas Smith,Eraser,Stationery,2,1130.29,2026-12-08,Yes,Germany
2109,Christopher Taylor,Notebook,Stationery,4,173.77,2026-01-31,Yes,Argentina
2110,Sarah Watson,Sneakers,Clothing,10,2001.68,2025-07-04,Yes,Germany
2111,Amy Lynn,Keyboard,Electronics,6,603.33,2026-05-17,Yes,Sweden
2112,Aaron Ayers,T-Shirt,Clothing,5,1613.13,2024-03-30,No,Japan
2113,Sarah Browning,Bookshelf,Furniture,12,722.64,2025-11-10,Yes,South Korea
2114,Matthew Warner PhD,Jeans,Clothing,6,263.11,2024-10-04,Yes,Japan
2115,Erik Owens,Bread,Food & Beverage,11,462.49,2024-06-24,No,United States
2116,Jason Brown,Scarf,Clothing,7,2457.65,2025-06-13,No,Brazil
2117,Christina Arnold,Standing Desk,Furniture,14,573.87,2025-01-05,No,Australia
2118,Bridget Howell,Office Chair,Furniture,4,1043.54,2026-01-31,Yes,Uk
2119,Kimberly Lawson,Hat,Clothing,15,1706.02,2026-02-09,Yes,Uae
2120,Alexander Ramos,Green Tea,Food & Beverage,2,800.65,2025-03-17,Yes,United States
2121,Joshua Wilson,Monitor,Electronics,14,1514.86,2025-04-10,Yes,Japan
2122,Philip Koch,Printer,Electronics,13,1495.67,2024-01-04,No,Italy
2123,George Saunders,Juice,Food & Beverage,2,1974.32,2025-04-09,Yes,Spain
2124,Robert Wilson,Smartphone,Electronics,7,418.82,2025-03-04,Yes,Brazil
2125,Monica Rice,Eraser,Stationery,14,331.49,2024-03-27,Yes,Japan
2126,Charles Kelly,Desk Lamp,Furniture,11,2324.95,2025-05-05,Yes,Singapore
2127,Steven Howe,Bed,Furniture,9,309.44,2024-08-21,Yes,Australia
2128,Kenneth Caldwell,Jeans,Clothing,15,2194.03,2024-08-09,Yes,Germany
2129,Lorraine Warner,Standing Desk,Furniture,9,2328.57,2024-06-17,Yes,Italy
2130,Brandon Kidd,Snack Bar,Food & Beverage,4,1562.83,2025-06-01,Yes,Uae
2131,Melanie Davis,Notebook,Stationery,9,1468.31,2026-04-22,Yes,Uae
2132,Mark Ballard,Desk Lamp,Furniture,1,1202.03,2024-04-17,No,Netherlands
2133,Stephanie Bush,T-Shirt,Clothing,2,2082.47,2024-07-18,No,Uk
2134,Billy Phillips,Scarf,Clothing,10,883.62,2024-05-22,Yes,Japan
2135,Kevin Woods,Socks,Clothing,1,197.23,2025-07-17,No,Uae
2136,Michelle Stewart,Printer,Electronics,3,1188.4,2025-02-06,No,South Korea
2137,Samantha Knight,Monitor,Electronics,8,1092.51,2026-04-20,Yes,Argentina
2138,Eric Perry,Tape,Stationery,1,2319.27,2026-02-28,No,China
2139,Jose Rodriguez,Ruler,Stationery,9,59.72,2026-05-13,Yes,United States
2140,Amy Dunn,Tape,Stationery,9,221.49,2026-04-24,No,France
2141,Patrick Buchanan,Pencil,Stationery,3,2148.75,2025-10-09,No,United States
2142,Laura Walker,Bread,Food & Beverage,6,1642.01,2026-09-30,Yes,China
2143,Russell Shaw,Coffee Beans,Food & Beverage,7,2267.7,2024-12-10,Yes,Germany
2144,Kathy Jackson,Socks,Clothing,3,1708.64,2026-09-21,Yes,Japan
2145,Linda Lopez,Glue Stick,Stationery,9,2135.07,2025-09-21,Yes,South Korea
2146,Alejandro Taylor,Eraser,Stationery,15,2278.53,2024-06-21,No,United States
2147,Kayla Oneal,Office Chair,Furniture,9,1997.21,2025-05-12,Yes,Netherlands
2148,Samantha Price,Socks,Clothing,15,535.28,2025-05-17,No,Canada
2149,Stephanie Hamilton,Snack Bar,Food & Beverage,9,654.98,2026-05-01,Yes,Canada
2150,Joshua Blackwell,Hat,Clothing,4,1516.48,2024-05-28,No,Uae
2151,Michael Washington,Bottled Water,Food & Beverage,10,1774.98,2024-05-11,Yes,Japan
2152,Lisa Pugh,Bottled Water,Food & Beverage,5,2245.72,2026-02-27,Yes,South Korea
2153,Diamond Ellis,Pencil,Stationery,1,1625.64,2026-05-31,Yes,Japan
2154,Jason Campbell,Standing Desk,Furniture,5,979.17,2025-03-16,Yes,South Africa
2155,Roger Turner,Sneakers,Clothing,4,595.22,2025-03-16,Yes,India
2156,Anthony Baker,Mouse,Electronics,7,2290.14,2024-07-19,Yes,Uae
2157,Michael Acevedo,Standing Desk,Furniture,13,1699.69,2026-12-28,Yes,Argentina
2158,Donna Beltran,Monitor,Electronics,7,1268.57,2025-07-25,Yes,Uae
2159,Michelle Bowman,Office Chair,Furniture,4,2306.66,2025-07-23,No,Germany
2160,Melissa Ruiz,Hat,Clothing,9,2051.51,2026-06-07,No,Japan
2161,Robert Delgado,Juice,Food & Beverage,9,1147.04,2024-06-02,Yes,Mexico
2162,Karl Dawson,Hat,Clothing,8,1481.86,2025-04-24,No,Canada
2163,Kyle Evans,Jacket,Clothing,7,1684.85,2025-05-13,No,Argentina
2164,David Clark,Sofa,Furniture,12,1004.47,2026-08-17,Yes,Sweden
2165,Samuel Weaver,Printer,Electronics,14,736.02,2025-11-16,Yes,China
2166,Allison Hurley,Pencil,Stationery,9,1083.37,2024-06-07,Yes,Japan
2167,Felicia Mcintyre,Socks,Clothing,2,116.71,2024-01-09,No,China
2168,Wesley Brown,Mouse,Electronics,5,276.9,2024-06-05,Yes,Italy
2169,Stacey Gardner,Sneakers,Clothing,15,1967.18,2025-09-16,Yes,South Africa
2170,Jessica Carson,Socks,Clothing,13,1364.42,2026-02-23,Yes,Japan
2171,Sarah Nguyen,Monitor,Electronics,11,286.62,2024-01-17,Yes,South Africa
2172,Lisa Diaz,Green Tea,Food & Beverage,10,1805.39,2024-03-04,Yes,Spain
2173,Carlos Johnson,Jacket,Clothing,2,1041.65,2025-07-13,Yes,Mexico
2174,Daniel Waller,Green Tea,Food & Beverage,13,1985.52,2026-08-25,Yes,Australia
2175,Gary Norris,Jeans,Clothing,4,2308.47,2025-03-10,Yes,Spain
2176,Jose Thompson,Jacket,Clothing,6,771.31,2025-07-22,Yes,Uae
2177,Scott Johnson,Tape,Stationery,9,2326.99,2025-12-06,No,Sweden
2178,Melissa Banks,Juice,Food & Beverage,1,716.0,2024-08-14,No,France
2179,George Hatfield,Webcam,Electronics,8,1938.98,2026-08-31,No,Spain
2180,Jeffery Alexander,Printer,Electronics,13,708.28,2025-11-03,Yes,China
2181,Rebecca Martinez,Tape,Stationery,2,460.63,2024-03-15,Yes,India
2182,Amanda Green,Eraser,Stationery,12,1232.65,2024-03-11,No,South Africa
2183,Nicole Walton,Juice,Food & Beverage,1,850.39,2026-03-24,No,Japan
2184,Dave Bright,Printer,Electronics,8,169.81,2024-06-20,Yes,Uae
2185,Eric Moore,Sofa,Furniture,10,360.17,2025-10-02,Yes,Spain
2186,Jaime Costa,Laptop,Electronics,7,1397.55,2026-03-29,No,France
2187,Michele Clark DDS,Standing Desk,Furniture,2,2236.05,2026-04-20,Yes,Japan
2188,Joe Mooney,Tape,Stationery,15,1542.73,2024-07-22,Yes,Spain
2189,Janice Anderson,Hat,Clothing,15,1127.76,2026-06-13,Yes,Japan
2190,Monique Shaffer,Keyboard,Electronics,15,2133.08,2025-04-22,Yes,Japan
2191,Misty Prince,USB Drive,Electronics,5,731.03,2024-02-04,Yes,Germany
2192,Alice Graham,Snack Bar,Food & Beverage,11,1084.95,2026-10-09,Yes,France
2193,James Lynch,Jeans,Clothing,1,77.92,2026-12-03,No,Mexico
2194,Eileen Daugherty,Stapler,Stationery,10,570.46,2025-03-07,Yes,Uae
2195,Justin Flowers,Printer,Electronics,9,487.75,2025-10-21,Yes,South Korea
2196,Charlene Cantu,Smartphone,Electronics,4,37.11,2024-07-30,Yes,Singapore
2197,Laura Webb,Green Tea,Food & Beverage,4,2242.1,2025-09-03,No,Australia
2198,Jared Leon,T-Shirt,Clothing,15,843.18,2025-06-07,Yes,Argentina
2199,Amanda Maldonado,Snack Bar,Food & Beverage,9,1575.31,2025-01-26,Yes,France
2200,Jane Gonzalez,Keyboard,Electronics,3,1760.46,2026-11-27,No,Sweden
2201,Mrs. Patricia Houston DDS,Scarf,Clothing,10,1808.65,2025-07-24,Yes,Singapore
2202,Michael Wright,Bottled Water,Food & Beverage,6,795.45,2026-08-25,No,Singapore
2203,Susan Gibson,Glue Stick,Stationery,12,98.1,2026-08-17,Yes,Sweden
2204,Matthew Morales,Snack Bar,Food & Beverage,13,341.44,2024-09-21,No,Germany
2205,Diana Best,Bed,Furniture,3,908.02,2026-09-25,Yes,South Korea
2206,Paul Walker,USB Drive,Electronics,5,670.55,2026-08-01,No,United States
2207,Kimberly Arnold,Socks,Clothing,2,1942.6,2025-08-19,No,Mexico
2208,Chase Salas,Scarf,Clothing,11,1923.36,2024-09-05,Yes,Canada
2209,Scott Howell,Ruler,Stationery,6,1261.13,2024-02-15,No,Singapore
2210,Casey Nixon,Coffee Beans,Food & Beverage,13,1337.26,2024-10-23,Yes,Singapore
2211,Regina Ward,Sofa,Furniture,14,1269.63,2025-07-23,Yes,Sweden
2212,Michael Ortiz,Bottled Water,Food & Beverage,15,252.63,2025-01-30,Yes,Brazil
2213,Frank Reed,Snack Bar,Food & Beverage,13,2242.69,2024-03-19,Yes,Sweden
2214,Philip Wyatt,Mouse,Electronics,8,1672.57,2026-06-28,Yes,South Africa
2215,Jacob Odom,Bed,Furniture,6,401.41,2024-07-08,Yes,Brazil
2216,Cole Williams,Monitor,Electronics,8,2321.57,2026-03-16,Yes,United States
2217,Jennifer Deleon,Coffee Beans,Food & Beverage,13,1962.42,2026-08-17,Yes,Australia
2218,Kimberly White,Scarf,Clothing,12,318.59,2025-10-21,Yes,China
2219,Joanne Mccarty,Pencil,Stationery,10,2043.68,2025-04-01,No,India
2220,Donald Klein,Juice,Food & Beverage,11,1547.08,2026-06-03,Yes,Canada
2221,Monique Hanna,Bread,Food & Beverage,4,1565.22,2025-05-01,Yes,Argentina
2222,Eric Hamilton,Dining Table,Furniture,8,2075.91,2026-07-22,Yes,Spain
2223,Laura Joseph,Headphones,Electronics,3,755.8,2024-09-27,No,United States
2224,Susan Watkins,Keyboard,Electronics,13,2103.29,2026-02-17,Yes,Mexico
2225,Jason Moore,Jacket,Clothing,4,2276.81,2024-05-14,Yes,Mexico
2226,Peter Stephens,Snack Bar,Food & Beverage,8,1202.5,2025-02-02,No,Germany
2227,Karl Tran,Sofa,Furniture,7,1393.76,2024-02-05,No,Japan
2228,Craig Snyder,Snack Bar,Food & Beverage,7,1343.5,2025-07-31,Yes,United States
2229,Eugene Hughes DVM,Stapler,Stationery,13,2444.03,2025-07-05,Yes,Australia
2230,Ronald Bruce,Pencil,Stationery,7,1202.91,2024-05-25,Yes,Canada
2231,Teresa Baker,Monitor,Electronics,9,2209.04,2026-04-27,No,Singapore
2232,Dr. Eric Nelson,Bottled Water,Food & Beverage,12,1680.33,2026-08-14,No,Argentina
2233,Regina Gonzalez,Jeans,Clothing,5,395.25,2024-10-11,No,United States
2234,Christopher Miller,T-Shirt,Clothing,15,2448.85,2026-03-10,Yes,China
2235,William Ray,Green Tea,Food & Beverage,4,2071.12,2026-09-08,Yes,Uk
2236,Penny Phillips,Scarf,Clothing,2,2264.96,2025-04-05,Yes,South Korea
2237,Jacqueline Martin,Ruler,Stationery,10,1183.9,2025-09-24,Yes,Uae
2238,Jordan Mccormick,Bottled Water,Food & Beverage,8,727.0,2025-12-14,Yes,France
2239,Aaron Bauer,Sneakers,Clothing,6,1861.94,2024-07-13,Yes,Brazil
2240,Sylvia Johnson,Standing Desk,Furniture,8,1576.76,2025-08-23,Yes,India
2241,Jay Miller,Mouse,Electronics,14,2005.01,2024-11-09,Yes,Mexico
2242,Anthony Lewis,Socks,Clothing,11,1843.79,2026-09-11,Yes,Canada
2243,Steven Mcdonald,Sofa,Furniture,15,2352.08,2025-06-04,No,Japan
2244,Mr. Nathan Moore,Bookshelf,Furniture,9,2154.73,2026-03-06,No,Brazil
2245,John Carroll,Notebook,Stationery,11,617.62,2026-11-23,Yes,France
2246,Mrs. Laura Moran,Pencil,Stationery,4,591.52,2025-02-21,Yes,South Korea
2247,Mr. Patrick Brown,Sofa,Furniture,3,557.91,2025-02-19,No,South Africa
2248,Justin Gonzalez,Pen,Stationery,15,336.4,2026-04-18,No,Mexico
2249,Traci Diaz,Scarf,Clothing,2,1527.53,2025-02-08,Yes,India
2250,James Kim,Webcam,Electronics,8,2384.76,2024-10-13,Yes,Canada
2251,Andrea Martin,Standing Desk,Furniture,6,612.12,2024-05-26,No,Japan
2252,Kevin Allen,Bed,Furniture,15,2093.14,2025-11-08,Yes,Mexico
2253,Denise Brooks,Bed,Furniture,4,719.17,2026-12-27,No,France
2254,Jason Price,Smartphone,Electronics,7,738.28,2025-09-28,Yes,Canada
2255,Angela Torres,Printer,Electronics,13,1435.05,2025-08-30,Yes,South Africa
2256,Cindy Chambers,Laptop,Electronics,3,587.28,2025-01-21,Yes,Spain
2257,Ronald Taylor,Desk Lamp,Furniture,7,1584.27,2025-06-26,Yes,Germany
2258,Jason Hancock,Smartphone,Electronics,4,2151.12,2026-06-29,Yes,China
2259,Stephen Williams,Standing Desk,Furniture,6,2220.21,2024-07-03,Yes,South Korea
2260,Alexandra Johnson,Sneakers,Clothing,2,1712.26,2024-10-13,No,China
2261,Karen Mckinney,Printer,Electronics,12,1659.88,2026-10-15,Yes,Netherlands
2262,Janice Li,Coffee Beans,Food & Beverage,14,636.32,2026-05-22,No,India
2263,Carol Turner,Sneakers,Clothing,2,1099.58,2026-06-21,No,China
2264,Jill Padilla,Pen,Stationery,1,329.88,2026-10-08,No,Italy
2265,Kaitlyn Richardson,Mouse,Electronics,3,1131.66,2024-03-16,No,Argentina
2266,Jonathan Lester,Notebook,Stationery,10,1007.45,2026-08-03,Yes,Germany
2267,Kendra Castillo,Snack Bar,Food & Beverage,9,84.65,2026-08-09,Yes,Canada
2268,David Zhang,Coffee Beans,Food & Beverage,13,907.26,2024-06-15,Yes,South Korea
2269,Daniel Ellis,Webcam,Electronics,15,1133.41,2025-03-05,Yes,France
2270,Brandon Ferguson,Dining Table,Furniture,11,1775.56,2026-01-06,Yes,Singapore
2271,Mrs. Megan Fox DDS,Juice,Food & Beverage,5,1084.82,2025-07-19,Yes,Uae
2272,Molly Johnson,Jacket,Clothing,11,1619.61,2024-05-22,Yes,Argentina
2273,Tanner York,Office Chair,Furniture,13,1242.36,2024-12-24,Yes,Sweden
2274,Kenneth Allen,Green Tea,Food & Beverage,12,530.39,2024-07-09,No,South Korea
2275,Carol Neal,Smartphone,Electronics,3,1254.43,2026-05-25,No,Australia
2276,Jenna Russell,Desk Lamp,Furniture,15,1040.46,2026-11-01,No,China
2277,Dakota Rodriguez,Socks,Clothing,2,2257.17,2025-11-04,Yes,Brazil
2278,Sherry Walker,Tablet,Electronics,14,116.03,2025-11-11,No,Sweden
2279,Linda Perez,Notebook,Stationery,13,471.21,2024-01-14,Yes,Italy
2280,Douglas Morgan,Scarf,Clothing,2,360.48,2024-02-21,Yes,United States
2281,Hannah Davis,Mouse,Electronics,7,2264.77,2025-01-25,Yes,Netherlands
2282,Margaret Smith,Coffee Beans,Food & Beverage,13,503.43,2024-09-29,Yes,Singapore
2283,Veronica Mcdonald,Bread,Food & Beverage,1,2080.05,2024-10-10,Yes,China
2284,Rebecca Hunter,Standing Desk,Furniture,12,1105.84,2025-12-24,Yes,Brazil
2285,Ethan Thomas,Jacket,Clothing,10,972.23,2024-08-31,Yes,Singapore
2286,Nancy Russo,Tablet,Electronics,11,2231.65,2026-08-04,No,Mexico
2287,James Garcia,Office Chair,Furniture,14,1318.53,2026-02-22,Yes,Argentina
2288,Ronald Mckinney,Bed,Furniture,9,332.06,2026-12-23,Yes,Uae
2289,Max Morales,T-Shirt,Clothing,6,1554.2,2026-09-05,No,Spain
2290,Michael Long,Sofa,Furniture,8,1317.44,2024-10-13,No,France
2291,James Mcdowell,Jacket,Clothing,8,346.63,2024-08-10,Yes,Uae
2292,Sarah Villa,Notebook,Stationery,14,2025.53,2026-03-16,Yes,India
2293,Ashley Reynolds,Printer,Electronics,6,1271.55,2026-05-16,Yes,Mexico
2294,Michael Hubbard,Standing Desk,Furniture,14,78.65,2026-04-10,Yes,Germany
2295,Timothy Mcgee,Pen,Stationery,3,2192.81,2024-01-04,Yes,Uae
2296,Tony Miller,Sofa,Furniture,13,164.78,2026-10-20,Yes,India
2297,Adam Ford,Bottled Water,Food & Beverage,12,1530.97,2026-06-07,Yes,Italy
2298,Ashley Christensen,Ruler,Stationery,15,2005.35,2026-06-25,Yes,France
2299,Johnny Gonzales,Dining Table,Furniture,13,1104.97,2026-03-31,Yes,South Korea
2300,James Middleton,Keyboard,Electronics,5,759.48,2025-08-18,No,Spain
2301,Andrea Miller,T-Shirt,Clothing,10,1775.68,2026-10-27,Yes,France
2302,John Hernandez,T-Shirt,Clothing,15,296.66,2024-01-21,Yes,Uk
2303,Ashley Williams,Jeans,Clothing,4,2441.8,2026-12-26,Yes,Spain
2304,Mr. Zachary Ritter,Laptop,Electronics,10,2124.15,2026-01-31,Yes,Mexico
2305,Cassidy Austin,Jeans,Clothing,5,984.5,2024-07-02,Yes,India
2306,Matthew Garcia,Glue Stick,Stationery,5,1665.7,2024-10-22,Yes,South Africa
2307,Donna Chavez MD,Standing Desk,Furniture,1,1428.0,2025-05-24,Yes,United States
2308,Christopher Vargas,USB Drive,Electronics,5,1472.15,2024-04-17,Yes,China
2309,Shannon Hunter,Sneakers,Clothing,5,1155.39,2025-08-24,No,Italy
2310,Rachel Hill,Green Tea,Food & Beverage,2,444.38,2024-02-13,Yes,India
2311,Thomas Cross,Desk Lamp,Furniture,8,1060.18,2026-06-04,Yes,Uk
2312,Joseph Alexander,Bottled Water,Food & Beverage,8,590.29,2025-08-21,Yes,South Korea
2313,Amanda Brown,USB Drive,Electronics,3,2045.88,2024-06-14,Yes,Italy
2314,James Best,Tablet,Electronics,14,246.33,2026-03-21,Yes,South Korea
2315,Charles Gonzalez,Bread,Food & Beverage,2,963.2,2024-01-05,No,Argentina
2316,Amy Roach DVM,Pen,Stationery,15,1310.44,2026-03-04,Yes,Brazil
2317,Lori Fox,Bottled Water,Food & Beverage,9,2190.58,2024-07-30,Yes,France
2318,Barbara Nguyen,Sofa,Furniture,11,127.13,2026-11-18,No,Brazil
2319,Dean Knight,Printer,Electronics,4,1747.95,2026-05-30,Yes,Italy
2320,Catherine Turner,Mouse,Electronics,5,2484.54,2025-06-12,Yes,Canada
2321,Brenda Shepard,Snack Bar,Food & Beverage,6,706.9,2025-05-05,Yes,South Korea
2322,Laura Sanchez,Webcam,Electronics,2,339.55,2026-11-15,Yes,Uae
2323,Kaitlyn Webb MD,Snack Bar,Food & Beverage,2,2170.21,2025-08-31,No,Japan
2324,Rebecca Jackson,Hat,Clothing,13,1537.19,2024-07-07,Yes,Singapore
2325,Tracy Butler,Desk Lamp,Furniture,15,436.77,2025-09-22,No,India
2326,Penny Little,Jacket,Clothing,12,609.97,2025-04-20,Yes,Germany
2327,Michelle Gonzalez,Smartphone,Electronics,8,711.18,2026-06-10,No,France
2328,Ryan Lucas MD,Notebook,Stationery,6,1553.49,2026-10-30,Yes,Sweden
2329,William Wilson,Pencil,Stationery,7,597.16,2025-10-09,Yes,Australia
2330,Victor Davis,Standing Desk,Furniture,9,788.0,2024-09-27,Yes,Argentina
2331,David Smith,Scarf,Clothing,1,1799.53,2026-11-25,Yes,Italy
2332,Thomas Clark,Sofa,Furniture,11,1665.84,2024-05-12,No,Italy
2333,Christian Johnson,Socks,Clothing,1,992.39,2024-08-13,Yes,Japan
2334,Stanley Torres,Jeans,Clothing,6,2157.79,2026-06-30,Yes,China
2335,Johnny Ford,Keyboard,Electronics,14,761.52,2024-08-18,Yes,France
2336,Jonathan Baker,Notebook,Stationery,12,1702.72,2025-04-06,Yes,Uae
2337,Rebecca Smith,T-Shirt,Clothing,2,1746.41,2026-05-10,Yes,Italy
2338,Brent Johnson,Jacket,Clothing,1,2451.74,2025-12-25,Yes,United States
2339,Scott Green,Eraser,Stationery,10,868.88,2025-05-08,Yes,Japan
2340,Anthony Cole,Coffee Beans,Food & Beverage,11,775.87,2026-11-03,Yes,Australia
2341,Jennifer Woodard,Bookshelf,Furniture,6,2031.43,2026-10-27,Yes,South Africa
2342,Juan Miller,T-Shirt,Clothing,2,34.45,2026-06-27,Yes,Brazil
2343,Danielle Rodriguez,Mouse,Electronics,14,409.01,2026-10-28,No,Argentina
2344,Richard Morrison,Mouse,Electronics,15,1283.23,2024-05-31,No,Singapore
2345,Kenneth Medina,Jacket,Clothing,9,256.0,2025-07-21,Yes,India
2346,Kimberly Foster,Bed,Furniture,10,2285.63,2024-09-19,No,Australia
2347,Linda King,Sofa,Furniture,6,1893.47,2025-02-20,Yes,United States
2348,Paul Jones,Pen,Stationery,5,1360.84,2026-04-03,Yes,Italy
2349,David Frey,Snack Bar,Food & Beverage,5,1124.95,2024-10-31,No,Argentina
2350,Keith Wilkerson,Stapler,Stationery,9,2197.72,2025-01-02,Yes,China
2351,Tracey Day,Pen,Stationery,6,2448.6,2025-02-05,Yes,Spain
2352,Elizabeth Haynes,File Cabinet,Furniture,13,1850.59,2025-06-17,Yes,South Korea
2353,Kathleen Buchanan,Bed,Furniture,10,2184.51,2025-05-11,Yes,Netherlands
2354,Kevin Hayes,Tape,Stationery,9,1088.8,2026-03-17,Yes,France
2355,Mr. Michael Pope,Eraser,Stationery,9,1152.01,2025-03-07,Yes,Spain
2356,Brianna Pena,Bottled Water,Food & Beverage,15,1650.99,2026-01-29,Yes,South Africa
2357,Gregg Taylor,Bed,Furniture,13,474.59,2024-12-19,Yes,Brazil
2358,Julie Elliott,Bread,Food & Beverage,6,1294.35,2026-05-25,Yes,Argentina
2359,Martha Rhodes,Mouse,Electronics,8,8.31,2024-03-23,Yes,South Korea
2360,Amanda Green,Juice,Food & Beverage,13,1587.33,2024-03-25,Yes,Netherlands
2361,Stephanie Gutierrez,File Cabinet,Furniture,12,2032.69,2024-09-29,Yes,Italy
2362,Nathan Gonzales,USB Drive,Electronics,3,2028.09,2026-01-11,No,Germany
2363,Justin Whitehead,Bread,Food & Beverage,6,2297.08,2026-08-22,Yes,South Africa
2364,Michael Wilson,Socks,Clothing,1,1661.88,2025-06-10,Yes,Uk
2365,Monica Montgomery,Desk Lamp,Furniture,13,1954.98,2025-02-08,Yes,Germany
2366,Lori Maxwell,Dining Table,Furniture,6,2293.58,2024-03-04,Yes,Uae
2367,Melinda Vasquez,Desk Lamp,Furniture,9,2213.81,2025-07-20,Yes,Singapore
2368,Monica Gordon,Stapler,Stationery,8,1004.46,2024-11-20,Yes,Canada
2369,Paul Thompson,Monitor,Electronics,4,472.46,2025-04-29,Yes,South Africa
2370,Timothy Osborne,Monitor,Electronics,10,634.79,2024-10-18,No,Canada
2371,William Larson,Coffee Beans,Food & Beverage,9,2019.69,2026-10-25,Yes,South Korea
2372,Ashley Hunter,Jacket,Clothing,12,1559.55,2025-10-15,No,United States
2373,Steven Chavez,Office Chair,Furniture,5,743.24,2026-12-17,Yes,Mexico
2374,Jason Stevens MD,T-Shirt,Clothing,5,2470.63,2024-07-18,Yes,Argentina
2375,James Phillips,Bookshelf,Furniture,1,286.85,2024-04-22,Yes,Italy
2376,Nicole Jackson,Sneakers,Clothing,11,1930.62,2025-01-14,Yes,Canada
2377,Ashley Stephens,Pen,Stationery,4,2220.32,2024-02-09,No,Mexico
2378,Frank Richardson,Eraser,Stationery,9,1044.7,2024-09-06,Yes,Mexico
2379,Daniel Moore,Office Chair,Furniture,8,1307.02,2025-10-07,Yes,Japan
2380,Brian Powers,Bread,Food & Beverage,8,145.26,2025-05-27,Yes,Uae
2381,Christopher Thomas,Pencil,Stationery,14,1319.75,2025-12-24,Yes,Mexico
2382,Patricia Valdez,Stapler,Stationery,8,1971.42,2026-12-11,No,Netherlands
2383,Danielle Garcia,USB Drive,Electronics,3,1019.23,2024-04-23,Yes,China
2384,Jennifer Lane,Ruler,Stationery,2,907.97,2024-07-12,Yes,Sweden
2385,Dennis Owens,Eraser,Stationery,13,2411.68,2026-10-11,No,India
2386,Kimberly Castro,Office Chair,Furniture,15,160.97,2024-09-16,No,India
2387,Michael Cook,Laptop,Electronics,11,1382.59,2025-10-30,Yes,South Korea
2388,Michelle Martin,T-Shirt,Clothing,7,1667.44,2026-12-22,No,Mexico
2389,Christopher Stephenson,Notebook,Stationery,13,1842.6,2026-08-21,No,Australia
2390,Michelle Wade,Tape,Stationery,2,498.4,2025-09-23,Yes,Sweden
2391,Derek Warren,Stapler,Stationery,3,2169.0,2024-08-17,Yes,United States
2392,Denise Turner,Bread,Food & Beverage,15,107.01,2026-10-11,No,Australia
2393,Vanessa Taylor,Mouse,Electronics,1,2096.29,2026-07-06,Yes,Germany
2394,Jennifer Cantrell,Ruler,Stationery,1,1196.4,2024-02-16,No,France
2395,Leah Powell,Pen,Stationery,6,613.53,2026-06-30,Yes,Brazil
2396,Christina Greene,Mouse,Electronics,11,1945.81,2026-09-19,No,Singapore
2397,Nicole Nguyen,Ruler,Stationery,1,810.14,2026-01-17,Yes,Mexico
2398,Jordan Thornton,Desk Lamp,Furniture,5,533.62,2026-04-20,No,Australia
2399,John Taylor,Jeans,Clothing,8,935.92,2025-06-22,No,Italy
2400,Linda Morrison,Pencil,Stationery,4,805.04,2025-09-22,Yes,Sweden
2401,Shaun Anderson,Webcam,Electronics,9,741.56,2026-06-28,Yes,Uk
2402,Valerie Vasquez,Monitor,Electronics,8,1530.7,2026-09-28,Yes,Argentina
2403,Michael Hensley,File Cabinet,Furniture,3,283.29,2024-02-18,No,Spain
2404,Lynn Hudson,Green Tea,Food & Beverage,6,1616.68,2024-11-16,No,Netherlands
2405,Lisa Young,Snack Bar,Food & Beverage,9,2431.56,2025-06-23,Yes,South Korea
2406,Holly Anderson,Bread,Food & Beverage,4,400.51,2024-10-03,Yes,Argentina
2407,James Kennedy,Printer,Electronics,10,1589.66,2026-10-09,Yes,Italy
2408,Christine Hall,Bottled Water,Food & Beverage,3,741.5,2026-06-02,No,Mexico
2409,Debra Rivera,Eraser,Stationery,7,1763.41,2024-10-18,Yes,Spain
2410,Donna Robbins,Snack Bar,Food & Beverage,8,371.41,2025-06-11,Yes,Uae
2411,David Hurley,Bottled Water,Food & Beverage,7,1204.91,2025-02-13,Yes,South Korea
2412,Kathryn Green,Coffee Beans,Food & Beverage,5,1562.85,2025-11-10,Yes,Japan
2413,Rachel Gregory,Jacket,Clothing,7,511.34,2025-03-22,Yes,France
2414,Michael Hudson,Glue Stick,Stationery,13,178.03,2024-03-15,Yes,South Africa
2415,Valerie Mueller,Keyboard,Electronics,10,1418.05,2025-08-03,Yes,Germany
2416,Robert Neal,Tape,Stationery,14,326.21,2025-08-07,Yes,South Korea
2417,Stephanie Cervantes,Sofa,Furniture,8,1838.06,2024-09-25,Yes,China
2418,Christopher Acosta,Printer,Electronics,9,2009.77,2024-01-31,Yes,Australia
2419,Jeremy Hunter,Tablet,Electronics,6,1834.15,2024-07-04,No,United States
2420,Carrie Garza,Snack Bar,Food & Beverage,10,400.64,2026-05-15,Yes,Germany
2421,Christopher Johnson,T-Shirt,Clothing,9,881.0,2026-09-25,No,Uae
2422,Alexander Thompson,Stapler,Stationery,10,490.18,2024-03-05,Yes,Uae
2423,Erin Cannon,Stapler,Stationery,11,2485.88,2025-08-02,Yes,United States
2424,Nichole Bonilla,Hat,Clothing,11,2348.24,2024-05-23,No,Netherlands
2425,Amber Williams,Pen,Stationery,6,1633.21,2025-07-18,Yes,Spain
2426,Janice Allen,USB Drive,Electronics,6,1094.01,2026-07-03,Yes,Brazil
2427,Michelle Marsh,Jacket,Clothing,11,833.93,2025-08-08,Yes,Brazil
2428,Joseph Campbell,T-Shirt,Clothing,3,2333.23,2024-02-29,Yes,South Africa
2429,Sandra Brown,Bed,Furniture,10,1948.74,2025-01-09,Yes,Canada
2430,Mark French,Sofa,Furniture,7,870.85,2024-12-05,No,France
2431,Shane Lewis,Notebook,Stationery,4,1337.81,2025-09-01,Yes,Argentina
2432,David May,Eraser,Stationery,4,242.52,2025-10-09,Yes,Canada
2433,Edgar Perez,Sneakers,Clothing,8,361.62,2024-03-16,No,Singapore
2434,Alexis Russell,Socks,Clothing,11,483.95,2024-08-03,No,Spain
2435,Matthew Trujillo,Laptop,Electronics,9,2417.66,2024-10-18,Yes,Brazil
2436,Karen Sanchez,Green Tea,Food & Beverage,3,993.47,2024-12-05,No,Australia
2437,Manuel Farrell,Hat,Clothing,10,911.28,2024-04-17,No,South Korea
2438,Robin Perkins,Bed,Furniture,5,1847.8,2025-03-23,No,France
2439,David Wells,Glue Stick,Stationery,7,1645.82,2026-12-04,No,Singapore
2440,Lori Cain,Green Tea,Food & Beverage,4,1585.89,2024-08-06,Yes,India
2441,Michael Hart,Stapler,Stationery,11,675.59,2025-12-17,Yes,Argentina
2442,Benjamin Melendez,Bread,Food & Beverage,15,1141.02,2024-01-21,Yes,Uk
2443,Kevin Evans,Monitor,Electronics,10,2340.8,2025-02-11,Yes,United States
2444,Chad Estrada,T-Shirt,Clothing,10,911.77,2026-08-26,Yes,Italy
2445,Taylor Delgado,Stapler,Stationery,7,2349.28,2026-10-16,Yes,Canada
2446,Jennifer Smith,T-Shirt,Clothing,3,484.66,2025-11-29,No,Mexico
2447,Donald Smith,Dining Table,Furniture,10,2218.54,2025-05-13,Yes,Brazil
2448,Sara Soto,USB Drive,Electronics,5,1629.47,2024-08-25,Yes,Argentina
2449,Kevin Jordan,Bottled Water,Food & Beverage,1,338.99,2026-06-24,No,Japan
2450,Sarah Berry,Bookshelf,Furniture,11,1500.01,2024-04-13,Yes,South Africa
2451,Duane Rogers,Snack Bar,Food & Beverage,6,1238.33,2024-09-10,No,Australia
2452,Raymond Wright,Laptop,Electronics,14,574.83,2025-01-07,No,Germany
2453,Jeffrey Vasquez,Laptop,Electronics,3,2268.27,2026-07-11,Yes,India
2454,Jennifer Davis,Scarf,Clothing,7,1528.74,2026-11-29,Yes,France
2455,Mason Castro,Juice,Food & Beverage,11,1786.83,2025-09-10,Yes,France
2456,Matthew Armstrong,Notebook,Stationery,9,1220.45,2024-02-25,Yes,Germany
2457,Mary Adams,Headphones,Electronics,8,1528.63,2025-09-22,Yes,United States
2458,Kristen Wood,Sneakers,Clothing,14,1993.83,2024-03-17,Yes,Canada
2459,Katherine Logan,Tape,Stationery,14,77.52,2024-11-10,No,India
2460,Kenneth Pittman,Keyboard,Electronics,7,1866.37,2025-01-24,Yes,Spain
2461,Charles Williams,Snack Bar,Food & Beverage,14,1758.58,2024-03-14,Yes,Japan
2462,Jeremiah Malone,Jeans,Clothing,12,8.73,2026-10-29,No,Italy
2463,Jeffrey Johnson,Hat,Clothing,8,2392.02,2026-06-23,Yes,Italy
2464,Sarah Watts,Green Tea,Food & Beverage,5,898.07,2026-02-11,Yes,Germany
2465,Michael Esparza,Office Chair,Furniture,11,656.05,2024-04-18,No,Singapore
2466,Laura Molina,Standing Desk,Furniture,4,693.88,2026-02-03,Yes,South Africa
2467,Joshua Hayes,Office Chair,Furniture,7,878.58,2024-01-26,Yes,Japan
2468,Adriana Massey,Green Tea,Food & Beverage,9,1081.18,2025-01-09,Yes,South Korea
2469,Jose Martinez,Pen,Stationery,13,1436.07,2025-04-07,Yes,Uk
2470,Natasha Johnson,Bread,Food & Beverage,14,1503.15,2024-06-06,Yes,Germany
2471,Marisa Butler,Snack Bar,Food & Beverage,4,1104.57,2024-07-02,Yes,Canada
2472,Jennifer Rosales,Green Tea,Food & Beverage,5,1118.01,2026-12-28,Yes,Netherlands
2473,Brian Wade,Jacket,Clothing,15,1887.32,2026-12-09,Yes,South Africa
2474,Wendy Brown,Monitor,Electronics,11,1745.52,2026-10-18,No,China
2475,Randall Munoz,Tape,Stationery,13,1035.67,2024-05-20,Yes,China
2476,Mr. Christopher Johnson,USB Drive,Electronics,2,884.72,2026-12-31,Yes,France
2477,Harold Mckee,Standing Desk,Furniture,9,1814.66,2025-12-09,Yes,Uae
2478,Scott Lowe,Bottled Water,Food & Beverage,14,1343.15,2024-11-06,No,Argentina
2479,Brian Dominguez,Headphones,Electronics,9,756.75,2024-07-30,Yes,Uae
2480,Miguel Ayers,Keyboard,Electronics,8,220.03,2025-02-18,Yes,Mexico
2481,Jesse Beasley,Bottled Water,Food & Beverage,8,1940.47,2024-06-01,Yes,Uk
2482,Francisco Cobb,Coffee Beans,Food & Beverage,3,994.27,2025-12-30,Yes,Mexico
2483,Jeffrey Keith,Glue Stick,Stationery,6,2442.78,2025-11-25,Yes,France
2484,Lori Hunter,T-Shirt,Clothing,4,1511.51,2024-10-21,Yes,Uae
2485,Rebecca Thompson,Mouse,Electronics,12,659.65,2026-05-08,Yes,China
2486,Michael Johns,Juice,Food & Beverage,3,798.79,2025-05-12,Yes,Spain
2487,Jasmine Kemp,Sneakers,Clothing,5,425.28,2024-05-16,Yes,Japan
2488,Cheryl Huerta,Stapler,Stationery,13,2022.19,2026-08-08,Yes,Japan
2489,Jordan Chang,Ruler,Stationery,5,355.23,2025-04-01,Yes,Japan
2490,Michael Hoffman,Office Chair,Furniture,5,1083.57,2025-04-21,Yes,South Korea
2491,Jonathan Morgan,Hat,Clothing,11,1207.9,2024-06-01,Yes,Spain
2492,Aaron Cardenas,Eraser,Stationery,15,387.25,2025-12-19,Yes,South Africa
2493,Sandra Fletcher,Webcam,Electronics,8,2366.22,2026-05-23,Yes,Sweden
2494,Lisa Chavez,Smartphone,Electronics,12,914.12,2024-05-09,Yes,Germany
2495,Kristin Griffin,Ruler,Stationery,11,177.43,2025-07-14,Yes,South Africa
2496,David Myers,Eraser,Stationery,15,1031.41,2026-12-10,Yes,Sweden
2497,Allison Richardson,Tape,Stationery,8,2330.84,2026-01-04,Yes,South Korea
2498,Gregory Escobar,Glue Stick,Stationery,1,1712.41,2024-12-12,No,France
2499,Ryan Mcconnell,Tape,Stationery,7,149.59,2024-05-24,Yes,United States
2500,Kendra Walker,Bread,Food & Beverage,3,384.49,2024-06-24,Yes,Uk
2501,Fred Jones,Coffee Beans,Food & Beverage,10,1453.83,2025-03-11,Yes,Brazil
2502,Benjamin Perez DDS,Sneakers,Clothing,5,1725.38,2026-03-15,No,Sweden
2503,Evelyn Cruz,Pen,Stationery,9,2293.22,2025-12-10,Yes,India
2504,Jordan Anderson,Eraser,Stationery,5,738.74,2024-11-13,Yes,United States
2505,Gary Gonzalez,Laptop,Electronics,6,714.13,2024-06-16,Yes,Netherlands
2506,Kathleen Gross,Socks,Clothing,6,1354.42,2025-07-24,Yes,Italy
2507,Laura Gomez,Tape,Stationery,10,1114.34,2025-01-01,Yes,United States
2508,Lori Hendricks DDS,Webcam,Electronics,14,565.04,2025-09-15,No,China
2509,Ruth Sullivan,Mouse,Electronics,5,45.12,2026-06-18,No,France
2510,Megan Henderson,Pencil,Stationery,10,2471.59,2025-06-11,No,India
2511,Christopher James,Mouse,Electronics,10,672.13,2024-09-07,Yes,Uk
2512,Candice Harrell,Desk Lamp,Furniture,10,926.68,2026-07-13,Yes,France
2513,Brandon Hall,Mouse,Electronics,15,2234.73,2025-02-17,No,Uk
2514,Brandy Conner,Scarf,Clothing,14,2055.45,2024-07-14,Yes,Spain
2515,Jennifer Pena,Tablet,Electronics,10,1752.19,2025-09-18,No,Italy
2516,Richard Brown,Sneakers,Clothing,7,281.16,2024-04-22,Yes,Netherlands
2517,Alyssa Lang,Mouse,Electronics,14,1553.1,2026-07-22,Yes,Uae
2518,Robert Moore,Tape,Stationery,9,1101.69,2025-09-28,No,Uk
2519,Rebecca Martin,Pen,Stationery,11,1323.04,2026-08-23,No,Mexico
2520,Jermaine Miller,Socks,Clothing,10,850.05,2024-07-24,Yes,South Korea
2521,Carol Duran,Sneakers,Clothing,12,672.82,2024-03-19,No,Italy
2522,Kenneth Baker,Tape,Stationery,13,1238.64,2025-09-11,Yes,Spain
2523,Jeffrey Dalton,Bread,Food & Beverage,12,1864.5,2025-06-08,Yes,South Korea
2524,Evan Carter,Bed,Furniture,6,1558.96,2025-10-04,Yes,Sweden
2525,Louis Mcneil,Pencil,Stationery,9,1629.13,2026-10-17,No,Singapore
2526,Joshua Avery,Bed,Furniture,3,865.34,2026-05-27,Yes,Germany
2527,Kara Martinez,Standing Desk,Furniture,1,1156.0,2026-04-10,Yes,Mexico
2528,Ethan Ali,Webcam,Electronics,3,425.73,2026-05-21,Yes,Canada
2529,William Meyer,Office Chair,Furniture,10,2358.44,2024-02-11,Yes,Netherlands
2530,Debra Little,Glue Stick,Stationery,5,309.34,2024-11-26,Yes,Germany
2531,Karen Smith,Bookshelf,Furniture,13,1323.46,2024-07-17,Yes,Australia
2532,Karen Harris,Glue Stick,Stationery,6,1381.62,2026-06-28,Yes,Italy
2533,Douglas Sullivan,Scarf,Clothing,12,630.23,2025-04-17,Yes,Australia
2534,Jeffery Baxter,Green Tea,Food & Beverage,10,2341.68,2025-12-15,Yes,Spain
2535,Julia Johnson,Pencil,Stationery,6,1423.81,2025-12-09,Yes,Uk
2536,Rodney Randall,Desk Lamp,Furniture,3,1584.83,2025-05-30,Yes,China
2537,Amy Ortiz,Dining Table,Furniture,10,1587.16,2025-12-21,Yes,Italy
2538,Julian Lopez,Bed,Furniture,3,2046.7,2025-06-05,Yes,Italy
2539,Steven Wright,Monitor,Electronics,13,2487.33,2024-03-19,Yes,Australia
2540,Jennifer Jones,Dining Table,Furniture,8,353.77,2024-05-12,No,Mexico
2541,Christopher Murphy,Notebook,Stationery,13,1447.07,2024-02-04,Yes,Brazil
2542,Lisa Evans,Desk Lamp,Furniture,13,40.15,2024-06-22,Yes,India
2543,Jared Foster,Mouse,Electronics,1,2472.04,2024-01-11,No,Singapore
2544,Robert Wang,Keyboard,Electronics,15,503.53,2025-06-28,Yes,Canada
2545,Juan Montgomery,File Cabinet,Furniture,1,762.22,2024-09-17,Yes,India
2546,Alexis Kramer,Tape,Stationery,1,1783.67,2025-10-13,Yes,France
2547,Kim Thomas,Green Tea,Food & Beverage,13,808.51,2024-01-15,Yes,Uae
2548,Donna Cohen,Hat,Clothing,5,1653.96,2026-04-24,Yes,France
2549,Steven Edwards,Ruler,Stationery,3,2358.77,2024-09-14,Yes,South Africa
2550,Susan Ortiz,Hat,Clothing,5,1895.78,2024-11-19,Yes,Uae
2551,John Quinn,Eraser,Stationery,1,735.29,2024-04-05,No,Singapore
2552,Joshua Logan,Snack Bar,Food & Beverage,15,1828.19,2026-01-02,Yes,Germany
2553,Christopher Mendoza,Smartphone,Electronics,6,2172.47,2024-10-28,Yes,United States
2554,Jose Bradley,USB Drive,Electronics,4,599.03,2026-10-17,No,Brazil
2555,Gabrielle Hicks,Printer,Electronics,2,1867.76,2024-02-18,No,Australia
2556,Sharon Wade,Snack Bar,Food & Beverage,14,557.21,2024-01-05,Yes,France
2557,Daniel Warren,Webcam,Electronics,7,603.9,2024-05-20,No,Australia
2558,Megan Hill,Bed,Furniture,9,2056.21,2026-01-31,Yes,Canada
2559,Brendan Robinson,Bed,Furniture,1,323.55,2025-05-16,Yes,Brazil
2560,Johnathan Burns,Office Chair,Furniture,8,1597.13,2025-04-18,Yes,Italy
2561,Christian Johnston,Juice,Food & Beverage,9,2201.33,2024-01-12,No,China
2562,Malik Rubio,Webcam,Electronics,13,1730.47,2026-03-12,No,Canada
2563,Thomas Schultz,Office Chair,Furniture,2,811.98,2026-05-23,Yes,South Africa
2564,Robert Moore,Jacket,Clothing,7,990.57,2026-10-03,No,China
2565,Sara Hudson,Sneakers,Clothing,14,2412.62,2025-01-03,No,Italy
2566,Catherine Barry,T-Shirt,Clothing,8,2050.06,2025-01-09,Yes,Germany
2567,Melissa Johnson,Pencil,Stationery,14,2005.05,2026-09-10,No,Australia
2568,Deborah Williams,T-Shirt,Clothing,9,1420.02,2025-04-25,Yes,Italy
2569,Nathan Cook,Glue Stick,Stationery,3,1208.03,2026-04-04,Yes,Uae
2570,Katherine Johnson,Notebook,Stationery,4,2255.19,2025-05-18,Yes,India
2571,Cindy Green,Bookshelf,Furniture,4,1365.35,2025-07-13,Yes,South Korea
2572,Thomas Burton,Dining Table,Furniture,13,1246.34,2026-09-12,Yes,South Korea
2573,Amanda Fisher,Jeans,Clothing,2,794.15,2025-02-03,Yes,Japan
2574,Anthony Mason,Tablet,Electronics,13,1983.08,2025-01-09,No,Spain
2575,Justin Morrison,Tape,Stationery,4,2047.17,2024-06-19,Yes,India
2576,Jessica Carlson,Bottled Water,Food & Beverage,4,985.42,2026-07-15,Yes,Argentina
2577,James Sanders,Coffee Beans,Food & Beverage,2,858.23,2025-03-07,No,Netherlands
2578,Oscar Heath,Stapler,Stationery,5,200.52,2026-01-28,Yes,Italy
2579,Jasmine Nunez,Snack Bar,Food & Beverage,6,2080.6,2025-02-16,Yes,Canada
2580,Michelle Roberts,Printer,Electronics,1,443.03,2025-12-27,No,India
2581,Melissa Smith,Ruler,Stationery,7,1470.78,2025-03-15,Yes,Uae
2582,Emily Jones,Glue Stick,Stationery,11,511.3,2026-05-22,No,Mexico
2583,Jacob Fernandez,Stapler,Stationery,1,520.08,2025-10-18,Yes,Japan
2584,Mr. Mark Green,Jeans,Clothing,12,560.28,2025-03-14,Yes,South Korea
2585,Mary Harris MD,Coffee Beans,Food & Beverage,13,1349.84,2026-12-04,Yes,India
2586,Mikayla Wyatt MD,Monitor,Electronics,1,2154.73,2026-05-21,Yes,Italy
2587,Katherine Church,Mouse,Electronics,15,1812.31,2024-06-18,No,Spain
2588,Douglas Sutton MD,Hat,Clothing,9,1065.5,2024-08-09,Yes,Spain
2589,Adam Skinner,USB Drive,Electronics,11,2313.71,2026-04-30,Yes,Japan
2590,Kari Lin,Laptop,Electronics,5,561.63,2026-09-13,Yes,Spain
2591,Whitney Kirby,Green Tea,Food & Beverage,6,1606.06,2025-02-03,No,Netherlands
2592,Andrea Johnson,Headphones,Electronics,8,853.32,2026-03-11,Yes,Canada
2593,Laurie Williams,File Cabinet,Furniture,5,2451.03,2025-09-18,Yes,Australia
2594,Kelly Armstrong,Jacket,Clothing,3,883.67,2025-06-01,Yes,Australia
2595,Brian Ellis,Sneakers,Clothing,3,121.27,2025-11-15,Yes,Germany
2596,Michele Cruz,Bread,Food & Beverage,9,490.57,2025-09-05,No,Australia
2597,Kimberly Lee,Pen,Stationery,5,1437.16,2025-08-31,Yes,Australia
2598,Patrick Davis,Sneakers,Clothing,6,1903.98,2025-02-16,Yes,Sweden
2599,Patrick Compton,Dining Table,Furniture,1,353.62,2024-07-22,No,Singapore
2600,Timothy Johnson,Juice,Food & Beverage,6,1543.13,2026-07-03,Yes,Italy
2601,Steven Moore,Keyboard,Electronics,13,2479.57,2024-04-14,Yes,South Africa
2602,Samantha Shields,Tablet,Electronics,1,498.26,2025-11-04,No,Uk
2603,Cody Thompson,Bottled Water,Food & Beverage,13,1351.13,2025-08-22,Yes,Mexico
2604,Dean Clark,Webcam,Electronics,8,2411.44,2026-01-27,No,India
2605,Jose Collins,Bed,Furniture,8,312.26,2026-04-19,No,Italy
2606,Angela Gilbert,Bookshelf,Furniture,3,111.66,2026-08-03,No,Netherlands
2607,Tyler James,File Cabinet,Furniture,8,1164.16,2024-08-11,Yes,Argentina
2608,Caleb Wright,Sneakers,Clothing,15,1538.89,2026-10-23,Yes,France
2609,Richard Thomas,USB Drive,Electronics,12,2066.96,2025-04-26,No,Spain
2610,Courtney Johnson,Office Chair,Furniture,13,1360.74,2025-07-23,Yes,Brazil
2611,Johnny Jackson,Pencil,Stationery,10,143.81,2025-03-03,Yes,Uk
2612,Elizabeth Aguirre,Desk Lamp,Furniture,11,2229.39,2025-09-01,Yes,Brazil
2613,Adam Osborn,Bookshelf,Furniture,4,713.74,2024-09-04,No,Sweden
2614,Alicia Mathis,T-Shirt,Clothing,5,39.89,2024-12-29,Yes,Brazil
2615,Ashley Williams,Socks,Clothing,15,1525.62,2024-12-04,No,Uk
2616,Mike Campos,Pen,Stationery,9,2320.7,2024-09-08,No,South Africa
2617,Whitney Henderson,Monitor,Electronics,1,955.39,2024-12-24,No,Singapore
2618,Julie Hendricks,Snack Bar,Food & Beverage,14,825.04,2024-09-20,Yes,Singapore
2619,Jose Nguyen,Tablet,Electronics,9,867.77,2026-03-08,Yes,Uk
2620,Kathleen Oneill,Socks,Clothing,2,2067.57,2026-12-26,Yes,Uk
2621,Kevin Stone,Mouse,Electronics,2,2389.08,2024-10-07,No,Sweden
2622,Angela Ellis,Dining Table,Furniture,8,1040.81,2026-01-31,Yes,Germany
2623,Shane Anderson,Mouse,Electronics,11,1809.34,2024-02-03,No,Canada
2624,Rachel Thompson,Headphones,Electronics,2,619.07,2024-03-06,No,Canada
2625,Ryan Davis,Monitor,Electronics,13,1362.79,2025-06-03,No,Brazil
2626,Edward Mitchell,Standing Desk,Furniture,14,747.85,2024-05-11,Yes,South Africa
2627,Hannah Jimenez,Bread,Food & Beverage,7,1051.85,2024-06-29,No,Germany
2628,Tina Rodriguez,Coffee Beans,Food & Beverage,12,1668.62,2024-11-03,Yes,Sweden
2629,Ashley Lopez,Mouse,Electronics,5,361.67,2024-12-20,Yes,Italy
2630,Mr. Mark Robinson,Keyboard,Electronics,7,651.03,2026-12-24,Yes,Australia
2631,Brett Alvarez,USB Drive,Electronics,3,2372.03,2024-10-09,No,South Africa
2632,Matthew Miller,Ruler,Stationery,15,1673.81,2025-09-24,Yes,France
2633,Brett Young,Pencil,Stationery,5,2432.77,2025-08-20,Yes,Uk
2634,Marilyn Gates,Mouse,Electronics,6,757.58,2024-02-11,Yes,Netherlands
2635,Evan Mcneil,Tablet,Electronics,5,2415.87,2025-04-17,Yes,Spain
2636,Katherine Harmon,Webcam,Electronics,8,760.19,2026-03-04,Yes,United States
2637,Justin Thompson DDS,Bread,Food & Beverage,5,1064.43,2025-02-09,Yes,South Africa
2638,Laura Short,Stapler,Stationery,14,1544.72,2024-07-02,Yes,Spain
2639,James Brown,Scarf,Clothing,6,960.93,2026-02-27,Yes,Spain
2640,Jason Simmons,Coffee Beans,Food & Beverage,1,906.52,2024-05-14,Yes,Spain
2641,Austin Foster,Glue Stick,Stationery,8,1875.5,2026-11-27,Yes,France
2642,Mrs. Mary Paul,Coffee Beans,Food & Beverage,15,1070.57,2024-10-25,No,Netherlands
2643,Jamie Bailey,Dining Table,Furniture,13,2268.56,2026-01-04,Yes,South Africa
2644,Shannon Zavala,Headphones,Electronics,8,2047.3,2025-12-15,No,Sweden
2645,Robert Hobbs,Tablet,Electronics,10,357.05,2025-11-01,Yes,Singapore
2646,Kevin Scott,Monitor,Electronics,12,892.72,2024-01-02,Yes,India
2647,Matthew Little,Desk Lamp,Furniture,11,792.81,2024-04-06,Yes,Spain
2648,Teresa Ryan,Hat,Clothing,7,78.52,2025-10-31,Yes,South Africa
2649,Theresa Russo,Stapler,Stationery,2,766.19,2024-09-28,Yes,Germany
2650,Amy Alexander,Desk Lamp,Furniture,3,531.23,2026-01-07,Yes,Sweden
2651,Robert Calderon,Bed,Furniture,6,2491.76,2025-03-04,Yes,France
2652,Mario Hunter,Monitor,Electronics,14,1719.31,2025-12-03,Yes,Canada
2653,Edward Freeman,Tape,Stationery,1,1339.85,2025-07-13,Yes,South Africa
2654,Angela Travis,Eraser,Stationery,3,125.15,2026-09-20,Yes,Spain
2655,Tracy Massey,Eraser,Stationery,3,624.99,2026-05-17,Yes,Canada
2656,Peter Frost,Ruler,Stationery,11,2355.78,2025-06-25,Yes,Uk
2657,James Jackson,Socks,Clothing,14,424.19,2025-12-03,Yes,South Africa
2658,Gina Martin,Pencil,Stationery,6,1198.39,2025-04-27,No,Canada
2659,Melissa Wright,Pencil,Stationery,5,789.58,2026-04-19,No,South Africa
2660,Ronald Rice,Mouse,Electronics,1,2147.44,2026-06-03,No,India
2661,Shawn Powell,Monitor,Electronics,12,1751.0,2025-01-30,No,Canada
2662,Jacob Rodriguez,Notebook,Stationery,13,1909.88,2024-08-26,No,Japan
2663,Joseph Marshall,Dining Table,Furniture,8,285.12,2026-12-21,Yes,Singapore
2664,Eric Wilson,Printer,Electronics,3,1905.1,2025-06-30,Yes,Italy
2665,Ethan Ramos,Ruler,Stationery,6,1650.58,2024-05-31,No,Spain
2666,Candace Leblanc,Notebook,Stationery,8,2471.89,2025-10-18,Yes,Japan
2667,Janet Li,Ruler,Stationery,14,174.63,2025-06-10,Yes,Japan
2668,Linda Arias,Dining Table,Furniture,13,1089.37,2024-10-14,Yes,Canada
2669,Joanna Morris,Pencil,Stationery,8,1470.33,2025-07-04,No,Argentina
2670,Christina Nichols,Office Chair,Furniture,3,1118.38,2025-10-16,Yes,Australia
2671,Jacob Hammond,Hat,Clothing,3,1259.2,2024-04-10,No,Uk
2672,Tiffany Kidd,Ruler,Stationery,15,1618.94,2025-05-08,Yes,France
2673,Amber Martinez,Jacket,Clothing,5,1989.58,2024-09-20,Yes,Spain
2674,Alice Johnson,Green Tea,Food & Beverage,13,2096.7,2026-01-01,Yes,Brazil
2675,Christopher Johnson,Headphones,Electronics,7,2120.41,2025-06-06,Yes,China
2676,Amber Morse,Green Tea,Food & Beverage,11,2437.47,2025-03-30,No,United States
2677,Mr. Alexander Bryant DDS,Coffee Beans,Food & Beverage,2,2442.02,2024-06-02,No,South Korea
2678,Robert Rodriguez,Bottled Water,Food & Beverage,14,762.43,2026-08-01,Yes,Uk
2679,David Richards,Ruler,Stationery,13,782.34,2026-09-20,Yes,Japan
2680,April Reyes,Pen,Stationery,1,2027.36,2026-04-29,Yes,Germany
2681,Shelley Rogers,Tablet,Electronics,13,1780.88,2026-08-10,Yes,Uk
2682,Shannon Lawrence,Scarf,Clothing,14,298.87,2024-12-26,Yes,Sweden
2683,Dennis Lewis,Glue Stick,Stationery,9,159.95,2025-12-11,Yes,Italy
2684,Brandon Church,Tablet,Electronics,3,162.65,2024-08-03,Yes,Sweden
2685,Scott Roberts,Laptop,Electronics,1,370.51,2024-03-12,No,Brazil
2686,Audrey Freeman,Green Tea,Food & Beverage,2,1697.47,2026-12-18,Yes,Mexico
2687,Alexander Richardson,Pencil,Stationery,6,1813.02,2026-08-05,Yes,South Africa
2688,Jean Evans,Green Tea,Food & Beverage,10,2112.19,2024-09-26,Yes,Canada
2689,Catherine Bradley,Bed,Furniture,15,1411.91,2026-07-01,Yes,Uae
2690,Lauren Singleton,Sneakers,Clothing,1,258.35,2026-12-21,No,India
2691,Christina Scott,Keyboard,Electronics,14,2343.09,2025-05-30,Yes,Italy
2692,Christopher Pugh,Hat,Clothing,4,2034.98,2026-09-22,Yes,Italy
2693,Tanya Gardner,Laptop,Electronics,14,203.75,2025-04-13,No,Germany
2694,Lisa Delgado,Keyboard,Electronics,2,17.66,2025-01-08,Yes,Argentina
2695,Jose Howe,Glue Stick,Stationery,2,1158.6,2026-08-06,Yes,China
2696,Joshua Mills,Pen,Stationery,4,1178.61,2025-05-21,Yes,Uk
2697,Kimberly Pope,Glue Stick,Stationery,13,1037.4,2025-01-09,Yes,Australia
2698,Michele Davidson,Tape,Stationery,11,1514.97,2025-01-19,Yes,Uae
2699,Matthew Morgan,Pen,Stationery,12,682.08,2024-05-03,Yes,United States
2700,Tiffany Castaneda,Socks,Clothing,3,559.57,2024-08-08,Yes,Brazil
2701,Melissa White,T-Shirt,Clothing,6,105.8,2025-08-22,No,Uae
2702,Matthew Murray,Eraser,Stationery,1,851.6,2024-09-07,Yes,Uae
2703,Jamie Roberts,Jeans,Clothing,4,643.04,2025-04-18,Yes,South Africa
2704,Justin Conway,Laptop,Electronics,1,2256.32,2026-11-29,Yes,Netherlands
2705,Corey Meyer,Green Tea,Food & Beverage,8,334.48,2026-06-30,Yes,United States
2706,Richard King,Snack Bar,Food & Beverage,4,1597.86,2026-02-09,Yes,South Korea
2707,Shannon Carrillo,Glue Stick,Stationery,2,8.55,2024-03-24,Yes,Argentina
2708,Charles Chavez,Snack Bar,Food & Beverage,7,1895.39,2026-11-23,Yes,Mexico
2709,Megan Bryant,Pencil,Stationery,14,495.9,2026-01-06,Yes,Italy
2710,Keith Morris,Webcam,Electronics,8,789.08,2026-11-10,Yes,Italy
2711,Christopher Palmer,Snack Bar,Food & Beverage,4,1394.05,2026-03-18,No,Uk
2712,Tammy May,Jacket,Clothing,5,2487.49,2025-04-02,No,Uae
2713,Deanna Sanchez,Smartphone,Electronics,14,141.28,2025-09-15,Yes,Sweden
2714,Michael Brown,Coffee Beans,Food & Beverage,9,1102.62,2026-03-01,Yes,Brazil
2715,Zoe Singleton,Eraser,Stationery,8,1775.85,2026-01-02,No,Australia
2716,Joshua Lynch,Stapler,Stationery,1,219.21,2024-05-20,Yes,South Africa
2717,James Gibbs,Smartphone,Electronics,5,1243.75,2026-11-05,Yes,Germany
2718,Luke Ramirez,Ruler,Stationery,2,846.24,2026-12-09,Yes,India
2719,Mark Myers,Snack Bar,Food & Beverage,5,427.75,2026-01-18,Yes,Mexico
2720,Todd Henderson,Monitor,Electronics,10,1529.24,2024-06-24,No,Argentina
2721,Mary Riley,Pencil,Stationery,3,637.33,2024-02-14,No,Singapore
2722,George Lane,Tablet,Electronics,12,259.41,2025-01-11,No,Singapore
2723,William Phillips,Dining Table,Furniture,12,1642.21,2024-01-10,No,India
2724,Matthew Cabrera,Sofa,Furniture,5,2334.09,2026-09-19,Yes,South Korea
2725,Pedro Allen,File Cabinet,Furniture,14,445.5,2024-03-16,Yes,Netherlands
2726,Michael Carson,Bottled Water,Food & Beverage,15,669.45,2026-05-20,Yes,United States
2727,Tammy Gomez,Scarf,Clothing,6,2417.04,2024-03-16,Yes,Uae
2728,Michael Ramos,Pencil,Stationery,9,2497.93,2024-08-11,Yes,China
2729,Marcia Porter,Laptop,Electronics,10,1863.78,2024-10-10,No,Uae
2730,Aaron Watson,Mouse,Electronics,15,2160.73,2025-02-19,Yes,Uk
2731,Curtis Alvarez,Bread,Food & Beverage,9,1162.72,2026-12-25,No,Japan
2732,Dennis Rhodes,Ruler,Stationery,3,1309.02,2026-07-17,Yes,Argentina
2733,Joe Kelley,Tablet,Electronics,3,1817.39,2026-08-29,Yes,Germany
2734,Douglas Hoover,Printer,Electronics,3,1955.86,2025-06-24,Yes,Singapore
2735,Thomas Mcknight,Dining Table,Furniture,2,1294.88,2025-03-05,Yes,South Africa
2736,Oscar Patel,Monitor,Electronics,4,448.55,2026-06-24,No,Mexico
2737,Lisa Richardson,Jacket,Clothing,13,1195.11,2026-09-07,No,Uk
2738,Amy Murillo,Eraser,Stationery,8,1848.77,2025-07-11,No,Singapore
2739,John Parker,Coffee Beans,Food & Beverage,11,1556.36,2025-09-15,No,United States
2740,Michael Williams,Sneakers,Clothing,1,136.73,2026-03-17,Yes,Mexico
2741,Ashley Gardner,Mouse,Electronics,8,1437.57,2026-07-19,No,Mexico
2742,Richard Weaver,Tape,Stationery,2,422.59,2026-10-19,No,Uk
2743,Maria Leach,Green Tea,Food & Beverage,15,1882.11,2025-09-30,Yes,United States
2744,Stanley Mclaughlin,Tape,Stationery,12,1747.96,2025-07-01,Yes,Brazil
2745,Jason Mckay,Juice,Food & Beverage,13,8.66,2025-09-19,Yes,Singapore
2746,Jacob Kim,Sneakers,Clothing,13,1478.68,2024-01-29,Yes,Argentina
2747,Theresa Smith,File Cabinet,Furniture,6,27.96,2025-06-21,Yes,China
2748,Jennifer Johnson,T-Shirt,Clothing,14,1076.48,2026-03-10,Yes,Australia
2749,Rebekah Robinson,Desk Lamp,Furniture,2,124.88,2025-09-14,No,Japan
2750,Patrick Harris,Hat,Clothing,15,599.06,2024-04-26,Yes,Argentina
2751,Janet Rodriguez,T-Shirt,Clothing,10,1050.55,2025-01-27,Yes,Mexico
2752,Rebecca Griffith,Jacket,Clothing,14,88.88,2025-10-23,No,United States
2753,Daniel Mccullough,Dining Table,Furniture,15,914.51,2026-09-18,Yes,Italy
2754,Steven Maxwell,Headphones,Electronics,13,116.05,2026-07-11,No,Singapore
2755,Steven Roman,Smartphone,Electronics,6,1032.46,2024-09-15,No,Uk
2756,Holly Evans,Eraser,Stationery,11,1052.07,2024-12-29,No,Brazil
2757,Roberta Hoover,Green Tea,Food & Beverage,2,2419.93,2025-09-28,Yes,United States
2758,Virginia Burns,Bottled Water,Food & Beverage,12,1831.46,2024-07-02,No,Brazil
2759,Daniel Kennedy,Headphones,Electronics,2,2293.7,2026-10-18,No,Singapore
2760,Karen Sullivan,Snack Bar,Food & Beverage,9,2294.5,2026-05-31,No,South Africa
2761,John Walker,Jacket,Clothing,5,723.45,2025-07-09,No,Australia
2762,Andrew Myers,Tablet,Electronics,15,1680.74,2026-04-19,Yes,Uae
2763,Sarah Arroyo,Jacket,Clothing,5,2311.39,2024-11-30,Yes,Singapore
2764,Joseph Franklin,Stapler,Stationery,3,404.6,2026-09-23,Yes,Italy
2765,Barbara Adkins,Bread,Food & Beverage,7,543.93,2025-11-09,Yes,South Africa
2766,Vanessa Ellison,Sneakers,Clothing,1,1528.86,2024-04-27,Yes,France
2767,Amanda Farrell,Sneakers,Clothing,1,2232.35,2024-02-06,No,Japan
2768,Ashley Gibson,Office Chair,Furniture,14,844.88,2026-08-18,Yes,Japan
2769,Nicole Campbell,Standing Desk,Furniture,9,246.07,2024-08-13,Yes,Uk
2770,Christian Lynn,Sneakers,Clothing,7,152.51,2025-03-03,No,Canada
2771,Jason Johnson,Sneakers,Clothing,8,1932.1,2024-06-30,No,Japan
2772,Monica Nelson,Pen,Stationery,5,562.91,2024-09-21,Yes,Brazil
2773,Kristin Jones,Scarf,Clothing,2,70.44,2026-03-29,Yes,Brazil
2774,Jennifer Gomez,Sneakers,Clothing,4,1631.83,2025-09-09,Yes,Italy
2775,Mark West,Stapler,Stationery,6,1583.9,2026-10-22,Yes,Singapore
2776,Christopher Lopez,Headphones,Electronics,12,462.99,2026-09-01,No,Australia
2777,Cathy Ward,Bottled Water,Food & Beverage,9,2300.03,2026-05-01,Yes,Canada
2778,Dennis Pena,Socks,Clothing,2,1788.33,2025-02-11,No,Canada
2779,Alexander King,Coffee Beans,Food & Beverage,8,1499.15,2026-04-06,Yes,India
2780,David Benitez,Standing Desk,Furniture,15,675.27,2025-11-26,Yes,Brazil
2781,Kaylee Vincent,Bed,Furniture,1,976.2,2024-05-15,Yes,Italy
2782,Daniel Fisher,Green Tea,Food & Beverage,12,232.35,2025-07-07,Yes,Netherlands
2783,Shawn Brown,Ruler,Stationery,8,773.49,2026-11-09,No,Mexico
2784,Alexis Diaz,Office Chair,Furniture,3,1533.0,2025-11-20,Yes,United States
2785,Kendra Williams,Stapler,Stationery,9,592.14,2024-10-02,No,China
2786,Michael Schneider,Socks,Clothing,13,1087.73,2025-03-10,Yes,United States
2787,Beverly Sharp,Scarf,Clothing,8,386.31,2025-07-11,Yes,France
2788,Maria Charles,Tablet,Electronics,10,546.9,2024-01-17,No,South Korea
2789,Rachel Arnold,Socks,Clothing,5,2242.09,2026-11-23,Yes,Uk
2790,Daniel Robinson,Bread,Food & Beverage,6,309.31,2025-11-19,Yes,Brazil
2791,Christopher May,Hat,Clothing,11,1857.13,2024-01-10,Yes,United States
2792,George Lopez,Bottled Water,Food & Beverage,12,1139.04,2025-11-22,Yes,Netherlands
2793,Ashley Thomas,Hat,Clothing,9,1687.46,2024-08-23,Yes,Sweden
2794,Tyler Jackson,Glue Stick,Stationery,15,446.05,2025-06-15,Yes,Sweden
2795,Cheryl Sanders,Socks,Clothing,3,2267.71,2026-09-28,Yes,South Korea
2796,Rachel Adams,Dining Table,Furniture,6,83.55,2024-07-21,Yes,Uk
2797,Tammy Chan,Bookshelf,Furniture,1,789.47,2025-11-27,No,South Africa
2798,Joshua Hill,T-Shirt,Clothing,3,1476.44,2024-06-25,No,Spain
2799,Amy King,Glue Stick,Stationery,6,202.12,2026-03-19,Yes,China
2800,Mary Walton,Pencil,Stationery,3,2034.41,2025-06-24,No,Argentina
2801,Caitlin York,Keyboard,Electronics,10,2059.51,2026-08-27,No,Mexico
2802,Angela Rodriguez,Eraser,Stationery,11,1711.16,2024-02-08,Yes,France
2803,Matthew Baird,Scarf,Clothing,5,965.8,2024-11-28,No,Argentina
2804,Holly Montgomery,Green Tea,Food & Beverage,3,1460.14,2024-06-30,No,South Korea
2805,Charles Hudson,Office Chair,Furniture,7,1710.31,2025-06-29,Yes,China
2806,Mary Hudson,USB Drive,Electronics,15,1320.28,2025-09-16,Yes,Uae
2807,Denise Long,Socks,Clothing,7,427.73,2024-02-28,Yes,India
2808,Michael Mathis,Desk Lamp,Furniture,1,586.36,2025-05-01,Yes,Netherlands
2809,Ricky Sanders,Sofa,Furniture,8,1449.75,2024-01-27,Yes,France
2810,Angela Hamilton,Dining Table,Furniture,8,133.89,2025-07-07,No,France
2811,Mark Davenport,Pencil,Stationery,2,1755.47,2025-02-18,Yes,South Africa
2812,James Wilson,Jeans,Clothing,2,1460.02,2024-06-26,Yes,Mexico
2813,Dr. Sarah Pena DDS,Printer,Electronics,7,2028.03,2025-12-05,Yes,Australia
2814,Alisha Greene,Ruler,Stationery,7,2069.87,2025-01-18,Yes,China
2815,Linda Adams MD,USB Drive,Electronics,8,379.94,2025-08-09,No,Italy
2816,Michael Roberts,T-Shirt,Clothing,10,2324.88,2025-10-21,Yes,South Africa
2817,Joseph Strong,Stapler,Stationery,5,1850.07,2025-02-09,Yes,South Africa
2818,Stephen Frazier,Socks,Clothing,9,51.08,2025-01-09,No,South Africa
2819,Teresa Walters,Bed,Furniture,4,337.54,2024-09-03,Yes,Germany
2820,Chelsea Turner,Printer,Electronics,9,1995.96,2024-07-09,Yes,Brazil
2821,Victoria Ashley,Jeans,Clothing,14,366.28,2024-04-21,Yes,Sweden
2822,Lydia Gonzalez,Tape,Stationery,4,998.82,2024-07-04,Yes,Japan
2823,Adam Lucas,Printer,Electronics,11,534.56,2026-06-22,Yes,India
2824,Kelly Berg,Headphones,Electronics,9,475.89,2025-04-14,Yes,Mexico
2825,Cory Green,Dining Table,Furniture,13,2104.2,2025-04-17,No,France
2826,Anthony Moore,Desk Lamp,Furniture,14,791.07,2026-01-19,Yes,Netherlands
2827,Alexis Mcmahon,Stapler,Stationery,9,1002.96,2024-02-25,No,Uk
2828,Daniel Cantu,Smartphone,Electronics,4,132.28,2026-10-30,Yes,Singapore
2829,Dr. Kenneth Rodgers,Jacket,Clothing,8,437.0,2026-05-17,No,Italy
2830,Samantha Burns,Dining Table,Furniture,8,904.77,2025-06-28,Yes,France
2831,Kristen Wallace,Bread,Food & Beverage,8,1122.5,2026-08-19,Yes,Spain
2832,Dana Nguyen,Tape,Stationery,11,1295.24,2024-02-20,No,Uk
2833,Sarah Payne,File Cabinet,Furniture,11,1933.15,2024-08-09,Yes,Uae
2834,David Johnson,Mouse,Electronics,8,130.35,2024-04-11,Yes,Singapore
2835,Darren Chapman,Tape,Stationery,15,1429.53,2026-08-13,No,Argentina
2836,Eugene Black,Office Chair,Furniture,2,1934.37,2025-06-23,No,France
2837,Emily Cohen,Standing Desk,Furniture,5,1465.3,2025-07-28,Yes,Uk
2838,Rachel Davis,Scarf,Clothing,2,2467.47,2025-09-20,Yes,Netherlands
2839,Edward Winters,Glue Stick,Stationery,12,2189.45,2024-06-06,No,Germany
2840,Craig Buck,Printer,Electronics,3,224.28,2026-08-17,Yes,Brazil
2841,Stephanie Wilson,Bottled Water,Food & Beverage,15,795.6,2026-06-16,Yes,South Africa
2842,Michael Rosales,Tablet,Electronics,6,1325.69,2026-03-17,Yes,Canada
2843,Donald Kennedy,Sneakers,Clothing,3,2199.96,2024-12-18,No,Italy
2844,John Ross,Office Chair,Furniture,8,129.88,2024-07-29,Yes,Australia
2845,Ashley Gutierrez,Green Tea,Food & Beverage,5,1030.87,2024-07-02,No,United States
2846,David Wilson MD,Green Tea,Food & Beverage,6,122.65,2026-12-19,Yes,United States
2847,Lori Lopez,Laptop,Electronics,4,2083.18,2025-04-09,Yes,Mexico
2848,Ann Brewer,Socks,Clothing,7,2216.0,2025-05-24,Yes,South Korea
2849,David Davis,Coffee Beans,Food & Beverage,9,1110.65,2024-04-02,Yes,Italy
2850,Valerie Thomas,Laptop,Electronics,8,917.21,2024-02-14,Yes,Brazil
2851,Paula Massey,Green Tea,Food & Beverage,14,1818.58,2024-10-05,No,France
2852,Michele Evans,Juice,Food & Beverage,15,1266.41,2025-02-13,Yes,South Korea
2853,Ricardo Campbell,Bottled Water,Food & Beverage,15,1312.43,2025-07-04,Yes,Argentina
2854,Douglas Adams,Glue Stick,Stationery,5,1374.71,2025-02-16,Yes,Mexico
2855,Thomas Brooks,Bookshelf,Furniture,5,816.22,2024-08-26,No,Mexico
2856,Elizabeth Moran,Bottled Water,Food & Beverage,8,1206.18,2024-05-13,Yes,Argentina
2857,Sarah Ortega,Snack Bar,Food & Beverage,10,2013.17,2025-01-31,No,France
2858,Chad Bradshaw,Jeans,Clothing,11,242.23,2026-02-09,Yes,Spain
2859,Katherine Hernandez,File Cabinet,Furniture,5,2185.02,2025-04-17,Yes,India
2860,Cheryl Johnson,Sneakers,Clothing,1,143.11,2026-07-25,Yes,Uae
2861,Caitlin Collins,Stapler,Stationery,15,1042.19,2025-12-31,Yes,Germany
2862,Michael Jarvis,Sofa,Furniture,2,840.69,2025-10-29,Yes,South Korea
2863,Hailey Diaz,Standing Desk,Furniture,4,876.49,2026-03-03,Yes,United States
2864,Cynthia Garcia,Snack Bar,Food & Beverage,7,2471.36,2024-01-19,No,Spain
2865,Thomas Huffman,Bottled Water,Food & Beverage,14,560.97,2024-05-15,Yes,Argentina
2866,James Collins,Eraser,Stationery,12,1990.08,2026-04-23,Yes,Spain
2867,Seth Moore,Headphones,Electronics,5,1053.91,2025-04-05,Yes,China
2868,Danielle Adams,Pen,Stationery,9,103.96,2025-01-09,Yes,Brazil
2869,Frank Bentley,File Cabinet,Furniture,14,97.87,2025-02-10,Yes,Germany
2870,Jacqueline Blackwell,Webcam,Electronics,8,1832.8,2025-04-04,Yes,United States
2871,Brittney Mack,Eraser,Stationery,11,2071.84,2026-09-14,Yes,South Africa
2872,Tammy Harris,Sneakers,Clothing,12,1624.25,2024-03-19,Yes,Singapore
2873,Kurt Glenn,T-Shirt,Clothing,3,2193.81,2025-06-04,No,Singapore
2874,Theresa Davis,Hat,Clothing,8,1781.63,2025-08-20,Yes,Germany
2875,Harold Thomas,Ruler,Stationery,5,731.28,2024-04-30,Yes,Japan
2876,Brenda Harmon,Smartphone,Electronics,4,837.58,2026-09-10,Yes,Japan
2877,Pamela Jones,Stapler,Stationery,13,2044.34,2026-02-01,Yes,Netherlands
2878,Kristen Marshall,Sneakers,Clothing,5,2289.07,2024-05-04,Yes,South Korea
2879,Ricky Vasquez,Hat,Clothing,14,828.95,2024-01-16,Yes,France
2880,Aaron Lee,Office Chair,Furniture,13,202.74,2025-01-05,Yes,Uk
2881,Miguel Stewart,Mouse,Electronics,7,233.38,2026-09-30,Yes,Spain
2882,Tammy Hill,Bed,Furniture,8,315.13,2024-02-12,Yes,Japan
2883,Dana Maxwell,Juice,Food & Beverage,7,1145.27,2026-08-21,Yes,France
2884,Donald Tanner,Stapler,Stationery,1,1058.27,2025-10-28,No,Australia
2885,Michael Cooper,Keyboard,Electronics,7,2470.83,2024-05-25,Yes,Sweden
2886,Lisa Wolf,Ruler,Stationery,10,675.19,2026-12-14,Yes,China
2887,Melissa Rich,Office Chair,Furniture,5,813.8,2026-02-02,Yes,Brazil
2888,Joseph Perez,Socks,Clothing,4,1089.66,2024-07-25,Yes,China
2889,Jake Powers,Bookshelf,Furniture,7,340.37,2024-05-25,No,China
2890,Matthew Webb,Tape,Stationery,5,1033.24,2026-05-19,Yes,Germany
2891,Susan Simmons,T-Shirt,Clothing,13,799.35,2024-03-09,No,Mexico
2892,Christopher Mills,Snack Bar,Food & Beverage,7,1913.87,2024-04-08,Yes,Mexico
2893,Michael Barber,Hat,Clothing,13,2433.54,2026-08-26,Yes,Uae
2894,Richard Hampton,File Cabinet,Furniture,15,568.62,2024-05-10,Yes,Singapore
2895,George Pittman,Desk Lamp,Furniture,14,934.79,2025-12-03,Yes,Netherlands
2896,Richard Villarreal,Snack Bar,Food & Beverage,1,416.61,2025-12-30,No,Spain
2897,Samuel Watkins,Dining Table,Furniture,15,545.95,2024-03-21,Yes,United States
2898,Travis Dickerson,Bread,Food & Beverage,10,1938.75,2024-09-18,Yes,Brazil
2899,Michael Figueroa,Scarf,Clothing,11,1103.74,2024-09-25,No,Netherlands
2900,Kathryn Brown,Jacket,Clothing,4,1368.75,2026-05-30,Yes,Uae
2901,Amy Haynes,Bottled Water,Food & Beverage,12,1226.01,2026-04-13,Yes,Singapore
2902,Nancy Leach,Dining Table,Furniture,7,1498.04,2024-07-20,No,Uae
2903,Charlene Short,Sneakers,Clothing,10,783.64,2026-10-14,Yes,Uk
2904,Dorothy Marshall,Hat,Clothing,11,923.63,2025-02-11,Yes,China
2905,Terry Burns,Laptop,Electronics,13,2499.69,2026-12-02,Yes,Uae
2906,Michelle Mccullough,Glue Stick,Stationery,13,1543.33,2025-12-18,Yes,South Korea
2907,Christopher Jennings,Ruler,Stationery,12,869.41,2024-04-09,Yes,Sweden
2908,Joanne Rogers,USB Drive,Electronics,8,1260.6,2024-11-03,No,France
2909,Jessica Davis,Hat,Clothing,7,1212.94,2025-01-03,Yes,Canada
2910,Glenn Joseph,Bottled Water,Food & Beverage,13,1053.5,2025-05-27,Yes,Germany
2911,Michael Edwards,Eraser,Stationery,3,1706.93,2024-09-13,Yes,Argentina
2912,April Fleming,Bookshelf,Furniture,3,1596.77,2025-09-17,Yes,South Korea
2913,Benjamin Mitchell,Scarf,Clothing,10,1753.6,2026-01-09,Yes,Uk
2914,Donna Banks,Desk Lamp,Furniture,8,1726.93,2025-04-22,Yes,Japan
2915,Andrew Carlson,Keyboard,Electronics,2,210.21,2024-04-22,No,Spain
2916,Alicia Wolfe DVM,Standing Desk,Furniture,2,1737.24,2026-08-25,Yes,South Africa
2917,Jasmine Horn,Dining Table,Furniture,7,1335.97,2024-07-11,Yes,China
2918,Christopher Simpson,Office Chair,Furniture,15,692.06,2026-08-07,Yes,Argentina
2919,Cheryl Jones,Hat,Clothing,7,1983.66,2025-12-18,Yes,Canada
2920,Terry Cherry,File Cabinet,Furniture,10,566.97,2024-01-03,No,Mexico
2921,Brian Bass,Sofa,Furniture,12,1851.4,2025-04-09,Yes,India
2922,Kenneth Black,Ruler,Stationery,13,2308.17,2024-02-09,Yes,India
2923,Erin Stanton,Office Chair,Furniture,4,504.11,2024-12-02,Yes,Mexico
2924,Erin Cruz,File Cabinet,Furniture,2,530.1,2026-03-24,Yes,Italy
2925,Shannon Jensen,Snack Bar,Food & Beverage,10,1113.48,2024-06-12,Yes,Canada
2926,Manuel Joseph,Jacket,Clothing,1,1342.22,2025-01-14,No,India
2927,Crystal Bailey,Hat,Clothing,12,2405.62,2024-05-08,No,India
2928,Tara Butler,Printer,Electronics,13,2449.85,2024-05-11,Yes,Singapore
2929,Jacob Vega,Sneakers,Clothing,13,1073.38,2026-11-04,Yes,South Korea
2930,Erin Robles,T-Shirt,Clothing,1,964.56,2025-07-14,Yes,Mexico
2931,Maria Taylor,Tape,Stationery,11,370.05,2025-05-14,No,United States
2932,Connie Herrera,Notebook,Stationery,3,322.82,2026-06-04,No,Italy
2933,Paul Kim,Socks,Clothing,3,344.89,2025-05-23,Yes,Germany
2934,Ariana Mosley,Bed,Furniture,9,1430.28,2026-01-22,No,Canada
2935,Thomas Stone,Coffee Beans,Food & Beverage,13,1492.11,2026-08-03,Yes,Japan
2936,Mike Solomon,Jeans,Clothing,6,1578.6,2026-01-16,Yes,India
2937,Tyler Hart,Socks,Clothing,7,687.59,2024-07-08,Yes,Germany
2938,Beverly Adams,File Cabinet,Furniture,8,2364.85,2024-05-08,Yes,Sweden
2939,Christopher Blake,USB Drive,Electronics,4,227.95,2025-11-09,Yes,South Africa
2940,Suzanne Ortiz,Standing Desk,Furniture,13,589.77,2024-09-23,Yes,France
2941,Karen Taylor,Scarf,Clothing,6,249.98,2024-12-20,Yes,Argentina
2942,Logan Garcia,T-Shirt,Clothing,12,2041.14,2026-10-22,No,China
2943,Brian Lutz,Laptop,Electronics,12,399.13,2025-10-08,Yes,Spain
2944,Andrew Taylor,Snack Bar,Food & Beverage,4,1954.88,2025-11-24,Yes,Sweden
2945,Nicole Snyder,Printer,Electronics,8,54.44,2025-09-22,Yes,South Africa
2946,Samantha Ryan,File Cabinet,Furniture,15,2017.46,2026-12-26,Yes,Sweden
2947,Kimberly Williams,USB Drive,Electronics,2,1823.33,2025-08-04,No,Singapore
2948,Thomas Ellis,USB Drive,Electronics,2,1795.3,2026-09-13,Yes,Mexico
2949,Morgan Shaw,Office Chair,Furniture,12,1288.75,2026-01-29,No,France
2950,Holly Perez DDS,Juice,Food & Beverage,1,1400.64,2025-08-25,Yes,Mexico
2951,Brian Johnson,Laptop,Electronics,4,1389.46,2026-08-30,Yes,Singapore
2952,Mr. Nicholas Matthews,Eraser,Stationery,14,1370.56,2026-12-11,Yes,Brazil
2953,Cathy Parsons,Smartphone,Electronics,14,1411.49,2024-10-05,Yes,Uk
2954,Jerry Dodson,Snack Bar,Food & Beverage,11,2474.78,2024-03-18,Yes,Argentina
2955,David Martinez,Pencil,Stationery,8,1983.0,2024-09-21,Yes,Italy
2956,Leonard Wright,Bed,Furniture,10,598.37,2026-01-28,No,Japan
2957,Madison Carroll,Stapler,Stationery,2,1116.51,2026-09-12,No,South Korea
2958,Kelsey Ingram,Standing Desk,Furniture,14,388.29,2024-03-24,Yes,Uae
2959,Alicia Jones,Bread,Food & Beverage,12,1958.36,2024-10-16,Yes,Australia
2960,Kim Smith,Keyboard,Electronics,13,2083.18,2024-08-18,Yes,Netherlands
2961,Robert Miller,Dining Table,Furniture,6,88.62,2026-09-13,Yes,Germany
2962,Pamela Moreno,Jacket,Clothing,3,1545.19,2026-08-30,Yes,Germany
2963,Brian Buchanan,Stapler,Stationery,2,2108.26,2026-09-30,No,United States
2964,Tracy Palmer,Bread,Food & Beverage,11,530.35,2024-06-25,No,Australia
2965,Ashley Williams,Laptop,Electronics,6,1210.34,2026-12-15,Yes,China
2966,Gregory Jones,Office Chair,Furniture,8,1439.83,2025-02-09,Yes,Italy
2967,Katie Brown,Tablet,Electronics,9,902.47,2025-04-06,Yes,Mexico
2968,Kelly Williams,Printer,Electronics,3,1541.5,2025-12-19,Yes,France
2969,Christopher Willis,Hat,Clothing,7,1979.24,2024-04-09,Yes,Australia
2970,Beverly Campbell,Scarf,Clothing,12,2228.48,2026-09-04,Yes,Spain
2971,Annette Moran,Juice,Food & Beverage,8,701.89,2025-11-23,Yes,Uae
2972,Johnny Andrews,Monitor,Electronics,4,1085.31,2025-01-31,Yes,South Africa
2973,Kevin Campbell,Snack Bar,Food & Beverage,6,54.36,2025-07-29,Yes,South Africa
2974,Jeffrey Gibson,File Cabinet,Furniture,11,1242.11,2025-04-01,Yes,Germany
2975,Rebecca Rodriguez,Mouse,Electronics,1,35.31,2025-06-14,No,Brazil
2976,Jose Miller,Tape,Stationery,10,178.22,2026-03-10,No,Japan
2977,Jeremy Williams,Green Tea,Food & Beverage,11,1282.37,2025-06-29,No,Singapore
2978,Michael Koch,Tape,Stationery,3,1273.43,2026-04-23,Yes,Uae
2979,Bryan Mejia,Pencil,Stationery,11,184.18,2024-02-03,Yes,South Korea
2980,Michael Cox,Mouse,Electronics,5,954.52,2024-06-30,Yes,Canada
2981,Michelle Hooper,T-Shirt,Clothing,7,807.19,2025-01-01,Yes,Canada
2982,Mrs. Jessica Lee,Green Tea,Food & Beverage,3,945.26,2024-09-28,Yes,Uk
2983,Aimee Wilson,File Cabinet,Furniture,5,1496.33,2026-11-12,Yes,Spain
2984,Kimberly Myers,Office Chair,Furniture,2,1249.92,2026-11-24,Yes,Uae
2985,Jerry James,Socks,Clothing,1,1450.53,2024-12-25,Yes,Sweden
2986,Willie Ortiz,Glue Stick,Stationery,14,2160.56,2025-12-28,Yes,Canada
2987,Jocelyn Young,Standing Desk,Furniture,7,1268.23,2026-01-24,Yes,Singapore
2988,Jessica Owens,Standing Desk,Furniture,15,1220.15,2026-08-06,No,South Africa
2989,Thomas Dominguez,Scarf,Clothing,13,84.41,2025-12-28,No,China
2990,Jennifer Mathews,Laptop,Electronics,1,679.15,2024-04-24,Yes,Canada
2991,Sheryl Perry,T-Shirt,Clothing,8,423.5,2026-06-05,Yes,Argentina
2992,Curtis Green,Mouse,Electronics,4,1110.72,2026-05-04,Yes,Uk
2993,Patrick Morris,Hat,Clothing,6,1659.03,2024-04-28,Yes,Japan
2994,Sarah Johnson,Bread,Food & Beverage,1,1768.83,2024-03-21,Yes,United States
2995,Theresa Joseph DVM,Glue Stick,Stationery,2,986.68,2025-04-20,No,Italy
2996,Mark Meadows,Hat,Clothing,7,1843.03,2025-09-05,No,Spain
2997,Kenneth Clark,Headphones,Electronics,12,2489.5,2024-03-18,No,Australia
2998,Andrew Porter,USB Drive,Electronics,4,1428.24,2026-11-18,Yes,Sweden
2999,Denise Payne,Keyboard,Electronics,6,645.88,2024-05-05,Yes,China
3000,Elizabeth Aguilar,Glue Stick,Stationery,2,1947.16,2025-08-16,Yes,Uae
3001,David Mckee,Snack Bar,Food & Beverage,1,1251.78,2025-11-08,Yes,Netherlands
3002,Michael Gill,T-Shirt,Clothing,2,559.8,2024-11-10,No,Netherlands
3003,Emma Walton,Bed,Furniture,9,2177.97,2026-11-29,Yes,Sweden
3004,Daniel Delgado,Jeans,Clothing,5,2203.82,2025-11-10,Yes,Italy
3005,Joseph Clark,Tape,Stationery,4,398.19,2025-10-10,Yes,Spain
3006,Victoria Lynch,Notebook,Stationery,1,1016.54,2024-01-17,Yes,China
3007,Travis Jennings,Bread,Food & Beverage,8,78.38,2024-08-02,Yes,Spain
3008,Casey Mitchell,Notebook,Stationery,1,706.02,2024-02-27,Yes,Australia
3009,William Lin,Tablet,Electronics,13,2179.98,2024-06-03,Yes,United States
3010,Lindsey Baxter,Laptop,Electronics,1,2457.75,2024-07-05,Yes,Spain
3011,Carl Parker,T-Shirt,Clothing,4,1043.52,2026-04-30,Yes,Sweden
3012,Clarence Morris,Office Chair,Furniture,6,1518.6,2026-02-09,Yes,Uae
3013,James Bird,Bookshelf,Furniture,8,1409.15,2026-01-24,Yes,Netherlands
3014,Maria Ward,Printer,Electronics,7,2089.39,2026-08-06,Yes,Brazil
3015,Michael Ford,Coffee Beans,Food & Beverage,7,1466.02,2024-07-10,Yes,South Korea
3016,Jerry Franco,Scarf,Clothing,12,2399.36,2024-07-31,Yes,Australia
3017,Jessica Chavez,Bread,Food & Beverage,1,2078.84,2024-02-14,No,United States
3018,Kristin Young,Pen,Stationery,2,1968.57,2024-04-26,Yes,United States
3019,Kelsey Kirby,Dining Table,Furniture,12,540.15,2026-01-23,Yes,Germany
3020,Tiffany Moore,Snack Bar,Food & Beverage,6,99.36,2025-05-12,No,Canada
3021,Garrett Fry,Bread,Food & Beverage,12,1429.59,2024-04-30,Yes,Spain
3022,Katelyn Miller,Eraser,Stationery,11,2191.92,2026-08-29,No,Sweden
3023,Mason Stewart,Printer,Electronics,2,1170.89,2024-07-25,Yes,South Africa
3024,Stacey Aguilar,File Cabinet,Furniture,15,814.86,2026-07-08,Yes,Spain
3025,Kristy Smith,Snack Bar,Food & Beverage,11,2435.58,2025-10-26,Yes,Uae
3026,Shawn Orozco,Bed,Furniture,4,427.5,2024-11-12,Yes,South Korea
3027,Brooke Chung,Desk Lamp,Furniture,9,2500.0,2026-11-22,Yes,Uae
3028,Felicia Hawkins,Green Tea,Food & Beverage,3,2423.55,2024-06-11,Yes,Netherlands
3029,Christopher Roy,Mouse,Electronics,6,2302.77,2024-06-04,No,Uae
3030,Heather Holland,Coffee Beans,Food & Beverage,2,2343.64,2024-03-14,Yes,India
3031,Craig Rose,Green Tea,Food & Beverage,12,269.75,2026-11-12,Yes,Argentina
3032,Stephen Villanueva,Laptop,Electronics,6,1159.18,2025-04-27,Yes,South Korea
3033,Jean Reynolds,Scarf,Clothing,1,1277.97,2026-10-25,Yes,Canada
3034,Samantha Padilla,Hat,Clothing,15,1095.01,2025-05-10,Yes,Australia
3035,Nancy Hernandez,T-Shirt,Clothing,3,180.33,2026-04-10,Yes,United States
3036,Leonard Suarez,Smartphone,Electronics,3,699.32,2025-05-26,No,Argentina
3037,Alexa Stein,Glue Stick,Stationery,2,266.13,2024-10-17,No,Uae
3038,April Barry,Green Tea,Food & Beverage,2,567.51,2024-08-18,Yes,Canada
3039,Elaine Nguyen,Standing Desk,Furniture,13,1985.47,2026-01-21,Yes,Italy
3040,Kyle Newman,Jacket,Clothing,8,466.32,2026-12-20,Yes,Singapore
3041,Rachel West,Coffee Beans,Food & Beverage,2,1760.61,2024-01-31,Yes,Australia
3042,Angela Logan,Bookshelf,Furniture,4,357.68,2024-11-10,Yes,United States
3043,Jasmine Campbell,Headphones,Electronics,14,839.81,2024-07-25,No,South Africa
3044,Joshua Wilcox,Bottled Water,Food & Beverage,13,443.48,2024-10-18,Yes,South Africa
3045,Lisa Torres DDS,Green Tea,Food & Beverage,9,65.02,2026-06-18,Yes,South Africa
3046,Mr. Thomas Hughes PhD,Coffee Beans,Food & Beverage,4,1750.94,2025-01-06,Yes,Uae
3047,Robin Sims,Tablet,Electronics,8,2222.55,2024-11-09,No,South Africa
3048,Lisa Goodman,Tape,Stationery,9,1485.1,2025-06-15,Yes,Germany
3049,Kaitlyn Martinez,Bed,Furniture,9,2275.32,2025-09-13,Yes,Germany
3050,Jodi Stein,Jeans,Clothing,14,1199.75,2025-09-12,Yes,South Africa
3051,Tammy Hartman,Coffee Beans,Food & Beverage,10,793.39,2025-04-25,No,China
3052,Cynthia Brooks,Notebook,Stationery,4,1192.27,2026-06-06,Yes,Singapore
3053,Courtney Taylor,T-Shirt,Clothing,10,2391.29,2025-04-02,No,Brazil
3054,Lisa Mitchell,Coffee Beans,Food & Beverage,11,1713.15,2024-03-08,Yes,China
3055,Gregory Parker,Snack Bar,Food & Beverage,11,497.44,2026-08-01,Yes,Mexico
3056,Carolyn Ward,Smartphone,Electronics,14,2153.09,2024-05-27,Yes,France
3057,Gloria Parker,Sofa,Furniture,2,2132.7,2026-11-23,Yes,Japan
3058,Scott Rhodes,T-Shirt,Clothing,13,630.28,2025-08-12,No,Uk
3059,Shawn Ward,Eraser,Stationery,14,15.61,2025-07-25,Yes,France
3060,Larry Fuentes,Pencil,Stationery,7,497.35,2026-07-28,Yes,Mexico
3061,Richard Cooper,Dining Table,Furniture,12,1881.17,2026-12-06,Yes,China
3062,Mason Stephens,Green Tea,Food & Beverage,7,1940.89,2025-12-28,No,Uae
3063,Jessica Gibson,Office Chair,Furniture,11,400.67,2025-11-17,Yes,South Africa
3064,Michael Conner,Jacket,Clothing,4,2244.01,2025-11-16,No,Singapore
3065,Maria Young,Juice,Food & Beverage,6,1830.75,2025-04-01,Yes,Mexico
3066,Christopher Robinson,Scarf,Clothing,5,234.7,2024-03-20,Yes,Uk
3067,Dr. Paul Williams,Tape,Stationery,3,2130.95,2026-11-01,No,South Africa
3068,Leslie Weber,Desk Lamp,Furniture,12,2215.96,2024-01-08,Yes,Argentina
3069,Anthony Johnson,Coffee Beans,Food & Beverage,4,1262.11,2025-07-04,No,Australia
3070,Alexa Moore,Eraser,Stationery,1,76.43,2026-10-11,Yes,Netherlands
3071,Christian Taylor,Printer,Electronics,13,1532.51,2025-03-23,No,Japan
3072,Penny Taylor,File Cabinet,Furniture,8,1327.94,2026-03-17,Yes,South Africa
3073,Stephanie Rojas,Sneakers,Clothing,9,1528.15,2026-08-18,Yes,Canada
3074,Sean Rose,Mouse,Electronics,12,440.26,2024-01-07,No,Argentina
3075,Jennifer Murphy,Snack Bar,Food & Beverage,2,266.75,2025-04-13,No,Germany
3076,Donna Richardson,Tape,Stationery,3,1837.65,2025-02-05,Yes,Italy
3077,Wendy Reynolds,Jeans,Clothing,10,2490.7,2026-03-04,Yes,Canada
3078,Samantha Morris,Desk Lamp,Furniture,9,1256.26,2026-10-16,No,France
3079,Nicholas Phillips,Bookshelf,Furniture,1,1949.96,2026-03-27,No,Singapore
3080,Allen Pruitt,Notebook,Stationery,7,712.87,2026-02-07,Yes,Japan
3081,Linda Hoffman,Bottled Water,Food & Beverage,14,1581.4,2025-04-23,Yes,Argentina
3082,Steven Hawkins,Socks,Clothing,9,2227.7,2024-12-18,No,India
3083,Alexandra Lee,Glue Stick,Stationery,4,614.45,2024-07-04,No,Germany
3084,Eric Maldonado,Headphones,Electronics,6,431.0,2025-11-03,Yes,Germany
3085,Michael Cortez,T-Shirt,Clothing,2,2303.59,2024-03-18,Yes,Sweden
3086,James Sims,Tablet,Electronics,6,1715.75,2024-08-18,No,India
3087,Sarah Morales,T-Shirt,Clothing,14,947.49,2025-09-25,Yes,United States
3088,Jesse Hancock,Bread,Food & Beverage,15,751.79,2025-02-28,Yes,Italy
3089,Shawn French,T-Shirt,Clothing,5,1783.22,2024-07-12,No,France
3090,Joseph Adams,Sofa,Furniture,10,1270.52,2026-05-08,Yes,Germany
3091,Brittany Rodriguez,File Cabinet,Furniture,1,1125.44,2026-09-06,Yes,Canada
3092,Deborah Lopez,Keyboard,Electronics,11,979.03,2024-10-18,Yes,Germany
3093,Stephanie Lowe,Keyboard,Electronics,6,645.28,2026-03-02,Yes,Uk
3094,Brent Watson,Sofa,Furniture,1,2418.92,2026-10-29,Yes,Singapore
3095,Jason Martinez,Green Tea,Food & Beverage,4,608.24,2025-03-16,Yes,Netherlands
3096,Dustin Hoffman,Juice,Food & Beverage,5,1869.46,2025-06-13,Yes,China
3097,Natasha Rodriguez,Desk Lamp,Furniture,10,94.31,2025-12-03,No,Argentina
3098,David Schmitt,Printer,Electronics,7,1995.16,2026-09-03,Yes,Argentina
3099,Brian Barber,Jeans,Clothing,8,1106.26,2026-01-02,Yes,Mexico
3100,Andrea Bailey,Socks,Clothing,11,2377.91,2025-02-03,No,Mexico
3101,Thomas Nguyen,Socks,Clothing,10,782.0,2024-01-18,Yes,Argentina
3102,Michael Burch,Monitor,Electronics,7,1259.75,2025-02-11,No,Italy
3103,Jacob Velez,Green Tea,Food & Beverage,8,1352.35,2024-07-17,Yes,Australia
3104,Lori Malone,Jacket,Clothing,4,2457.83,2024-12-31,Yes,Sweden
3105,Nicole Raymond,Jeans,Clothing,9,990.42,2024-10-19,Yes,Germany
3106,Alejandro Kramer,Glue Stick,Stationery,1,648.32,2024-10-11,No,Japan
3107,Frank Smith,Mouse,Electronics,15,1931.63,2025-01-13,Yes,Germany
3108,Timothy Miller,Snack Bar,Food & Beverage,4,2395.71,2026-02-15,Yes,Japan
3109,Amy Cooper,Green Tea,Food & Beverage,10,346.21,2026-04-22,Yes,Japan
3110,Dr. Cody Phillips,Eraser,Stationery,7,1759.19,2024-09-17,Yes,Sweden
3111,Jason Hall,Mouse,Electronics,2,1225.86,2024-11-02,Yes,Australia
3112,Meghan Whitaker,Tape,Stationery,11,99.15,2026-03-18,Yes,India
3113,Anthony Fitzgerald,Tape,Stationery,12,1406.84,2024-11-25,Yes,Brazil
3114,Alyssa Cook,Hat,Clothing,10,36.46,2026-05-23,No,China
3115,Jon Flores,Bread,Food & Beverage,5,1638.16,2026-01-23,Yes,South Africa
3116,Carlos Stone,Standing Desk,Furniture,14,531.49,2025-11-11,Yes,Netherlands
3117,Eugene Mckenzie,Keyboard,Electronics,8,1910.5,2026-08-25,Yes,Sweden
3118,Joshua Morgan,Standing Desk,Furniture,15,466.28,2025-11-25,Yes,China
3119,Summer Brock,Eraser,Stationery,5,1711.97,2026-12-27,Yes,Japan
3120,Sharon Rogers,Snack Bar,Food & Beverage,8,125.03,2026-10-21,Yes,Brazil
3121,Jeffrey Ortiz,Tape,Stationery,1,2050.59,2026-04-09,Yes,South Korea
3122,Heidi Garcia,Green Tea,Food & Beverage,3,10.51,2025-12-16,Yes,Germany
3123,Rodney Ferrell,File Cabinet,Furniture,13,1454.23,2025-03-06,No,India
3124,Jessica Craig,Sofa,Furniture,3,2492.38,2026-06-30,No,Australia
3125,Gregory Peterson,Desk Lamp,Furniture,4,644.17,2026-04-04,Yes,Spain
3126,Christina Haas,Juice,Food & Beverage,4,2402.3,2025-10-21,Yes,France
3127,Michael Wood,Bed,Furniture,6,2183.82,2025-05-24,Yes,Spain
3128,Zachary Simmons,Bread,Food & Beverage,3,1274.56,2024-01-12,Yes,Italy
3129,Mathew Griffin,Office Chair,Furniture,3,2299.28,2026-02-16,No,South Africa
3130,Terry Nguyen,Mouse,Electronics,2,1407.49,2026-07-08,Yes,Japan
3131,Tara Campbell,T-Shirt,Clothing,9,1997.35,2025-09-04,Yes,Spain
3132,Brandy Henderson,Desk Lamp,Furniture,2,1980.6,2024-05-19,No,Netherlands
3133,Jeffery Thomas,Bread,Food & Beverage,6,1576.03,2025-07-09,Yes,Italy
3134,Deborah Patterson,Socks,Clothing,1,662.51,2026-09-29,Yes,Mexico
3135,Heather Munoz,Bed,Furniture,4,1292.79,2025-07-19,Yes,United States
3136,Mr. Tony Hamilton,Jeans,Clothing,10,252.62,2026-10-01,Yes,France
3137,Dana Gonzalez,Jeans,Clothing,4,217.78,2026-03-06,No,Italy
3138,Alex Robbins,Ruler,Stationery,7,343.3,2024-11-20,No,South Africa
3139,Robert Moon,Jacket,Clothing,13,624.07,2026-03-10,No,Mexico
3140,Ashley Barton,Bed,Furniture,10,2183.03,2024-07-28,Yes,Uae
3141,Jennifer Watson,Bookshelf,Furniture,8,983.91,2025-02-06,Yes,United States
3142,Bianca Hickman,Pencil,Stationery,6,132.62,2026-12-21,Yes,France
3143,Antonio Marks,Headphones,Electronics,6,624.28,2026-05-27,No,Singapore
3144,Vickie Roberts,Notebook,Stationery,15,517.2,2026-02-13,Yes,France
3145,Edward Moses,Dining Table,Furniture,8,935.31,2026-12-15,Yes,India
3146,Jordan Phillips,Ruler,Stationery,6,630.48,2025-09-15,Yes,Canada
3147,Jaime Russell,Snack Bar,Food & Beverage,8,679.48,2026-08-28,No,France
3148,Randall Torres,Eraser,Stationery,4,1237.86,2024-08-10,Yes,Canada
3149,Joshua Kent,Stapler,Stationery,14,1070.75,2025-01-24,Yes,Uae
3150,Andrew Jackson,Stapler,Stationery,12,2253.12,2024-02-23,Yes,Sweden
3151,Ryan Hoover,Headphones,Electronics,6,166.32,2024-10-14,Yes,United States
3152,Evan Cooper,Notebook,Stationery,5,439.41,2025-05-31,Yes,Argentina
3153,Melissa Levine,Bread,Food & Beverage,1,862.53,2024-05-11,Yes,Netherlands
3154,Christopher Johnson,Jeans,Clothing,9,68.86,2024-05-31,No,United States
3155,Tami Freeman,Standing Desk,Furniture,2,1818.94,2026-09-01,Yes,Italy
3156,Nathaniel Hansen,Jeans,Clothing,13,1291.66,2026-07-23,Yes,Singapore
3157,Angela Schmidt,Eraser,Stationery,13,2493.05,2025-12-20,Yes,Singapore
3158,Michael Gilbert,Jacket,Clothing,14,2110.89,2024-07-14,Yes,Italy
3159,Sandra Fisher,Jeans,Clothing,10,150.74,2024-06-22,No,Germany
3160,Taylor Johnson,Keyboard,Electronics,4,1067.72,2026-12-04,No,France
3161,Joseph Roberts,Green Tea,Food & Beverage,10,932.24,2025-08-30,Yes,Canada
3162,Sandra Hobbs,Snack Bar,Food & Beverage,13,2183.55,2026-11-12,Yes,Australia
3163,Faith Butler,USB Drive,Electronics,1,411.23,2024-08-13,Yes,South Korea
3164,Casey Chen,Jeans,Clothing,8,551.2,2024-02-09,Yes,Italy
3165,Adrian Wilson,Mouse,Electronics,3,1232.56,2026-02-22,Yes,Germany
3166,Dr. Peter Perkins,Ruler,Stationery,9,435.92,2026-10-13,No,India
3167,Christy Parker,Green Tea,Food & Beverage,2,543.76,2026-12-23,Yes,India
3168,Zachary Torres,Office Chair,Furniture,1,1714.35,2024-03-17,No,Uae
3169,Diane French,Dining Table,Furniture,7,1929.35,2024-05-27,No,France
3170,Debbie Austin,Standing Desk,Furniture,10,220.78,2026-12-31,Yes,Spain
3171,Scott Williams,Laptop,Electronics,12,2229.41,2026-05-27,Yes,Uae
3172,Larry Richardson,Glue Stick,Stationery,5,1304.06,2026-07-19,Yes,Japan
3173,William Jackson,Stapler,Stationery,7,1247.41,2026-11-18,Yes,Australia
3174,Jessica Rodriguez,Office Chair,Furniture,9,87.11,2026-11-12,Yes,Brazil
3175,Ms. Jodi Cortez,Ruler,Stationery,13,766.36,2025-01-10,No,Spain
3176,Alan Robinson,Smartphone,Electronics,13,2432.28,2026-05-03,No,Mexico
3177,Jennifer Hernandez,Tape,Stationery,10,1955.41,2025-02-21,Yes,Uk
3178,John Hill,File Cabinet,Furniture,14,1950.18,2026-03-16,Yes,Canada
3179,Matthew Munoz,Juice,Food & Beverage,6,1666.17,2026-04-18,No,Netherlands
3180,William Payne,Jeans,Clothing,8,2387.8,2025-05-24,Yes,Sweden
3181,Corey Palmer,Jeans,Clothing,3,1582.77,2024-06-12,Yes,South Korea
3182,Carolyn Lee,Printer,Electronics,4,2287.7,2026-03-18,Yes,Argentina
3183,Larry Taylor,Bread,Food & Beverage,15,2052.49,2024-10-06,No,Netherlands
3184,Stefanie Green,Snack Bar,Food & Beverage,12,604.83,2024-10-06,No,Italy
3185,Donna Mckinney,Socks,Clothing,9,1726.59,2024-08-15,No,France
3186,Sharon Murphy,Coffee Beans,Food & Beverage,10,92.39,2024-06-28,No,Uae
3187,Anna Green,File Cabinet,Furniture,14,1933.8,2025-12-05,No,Mexico
3188,Rebecca Abbott,Scarf,Clothing,7,1105.43,2026-04-28,No,France
3189,Christina Palmer,Pen,Stationery,5,2345.43,2025-09-28,Yes,Japan
3190,Kelly Thomas,Stapler,Stationery,12,2019.99,2024-08-14,No,India
3191,Eric Mercado,Jacket,Clothing,13,2006.67,2024-12-30,No,France
3192,Holly Haney,Laptop,Electronics,13,1685.44,2024-10-28,Yes,India
3193,Katherine Ramirez,Standing Desk,Furniture,11,2333.62,2025-07-24,No,Brazil
3194,Nicole Nguyen,Green Tea,Food & Beverage,5,1895.93,2026-06-23,Yes,Singapore
3195,Jeremy Richards,Office Chair,Furniture,10,2475.53,2026-07-19,Yes,China
3196,Dr. Kimberly Kane MD,Coffee Beans,Food & Beverage,15,1254.76,2025-05-29,Yes,South Korea
3197,Heather Thomas,Scarf,Clothing,11,1018.47,2025-05-26,Yes,Brazil
3198,Stacy Waller,Bottled Water,Food & Beverage,15,364.47,2026-09-15,Yes,France
3199,Brian Golden,Notebook,Stationery,7,2179.09,2025-09-20,Yes,Germany
3200,Christopher Fields,Desk Lamp,Furniture,9,2204.2,2026-04-25,No,China
3201,David Davis,Glue Stick,Stationery,6,870.88,2026-09-20,No,France
3202,Cathy Hunter,Sofa,Furniture,13,1658.43,2025-02-16,No,Italy
3203,Michael Mitchell,Green Tea,Food & Beverage,10,1948.95,2026-04-25,Yes,France
3204,Matthew Fitzgerald,Snack Bar,Food & Beverage,13,744.43,2025-01-08,Yes,China
3205,Robyn Keller,Bottled Water,Food & Beverage,5,1289.88,2025-11-27,Yes,Australia
3206,Alexander Gray,Dining Table,Furniture,9,2248.09,2025-07-10,Yes,Uae
3207,Kristie Graham,Webcam,Electronics,2,2283.95,2026-07-09,No,Argentina
3208,Calvin Larson,Stapler,Stationery,10,1118.21,2025-03-07,Yes,Germany
3209,Brittany Jarvis,Tape,Stationery,10,416.72,2024-06-26,Yes,South Korea
3210,Megan Mays,Smartphone,Electronics,5,899.15,2026-01-03,No,Spain
3211,Olivia Stevenson,Coffee Beans,Food & Beverage,1,2460.75,2024-08-27,Yes,India
3212,Pamela Vazquez,Green Tea,Food & Beverage,9,525.0,2024-07-12,Yes,Sweden
3213,Sheila Houston,Tape,Stationery,3,1795.6,2026-03-30,Yes,Japan
3214,Andrea Howard,File Cabinet,Furniture,5,1094.7,2024-07-23,Yes,United States
3215,Marco Blake,T-Shirt,Clothing,11,421.97,2026-05-07,Yes,Brazil
3216,Barbara Gibson,Headphones,Electronics,3,1359.81,2026-12-11,No,Sweden
3217,Theresa Moore,Office Chair,Furniture,10,297.22,2024-04-08,Yes,Netherlands
3218,Maria Norman,Bed,Furniture,12,1251.98,2026-05-25,Yes,France
3219,Frank Hines,Standing Desk,Furniture,5,1368.64,2026-08-06,Yes,Uae
3220,Virginia Patterson,Laptop,Electronics,14,267.24,2025-11-15,No,Japan
3221,Mark Mcintosh,Webcam,Electronics,11,842.66,2024-02-02,No,Singapore
3222,Kristina Smith,Desk Lamp,Furniture,15,1050.06,2026-08-12,No,Mexico
3223,David Marshall,Tape,Stationery,15,764.14,2026-01-28,Yes,Spain
3224,Matthew Ewing,Snack Bar,Food & Beverage,9,1904.8,2025-06-25,Yes,Brazil
3225,Sierra Murphy,Coffee Beans,Food & Beverage,5,2116.7,2024-11-19,Yes,United States
3226,Amber Guerrero DDS,Ruler,Stationery,6,1131.4,2026-01-04,Yes,Brazil
3227,April Gonzalez,File Cabinet,Furniture,8,2220.67,2025-07-02,Yes,United States
3228,Laurie Nguyen,Green Tea,Food & Beverage,8,2121.35,2025-11-25,Yes,China
3229,Kenneth Richardson,Desk Lamp,Furniture,10,81.45,2024-11-13,No,United States
3230,Michael Neal,Snack Bar,Food & Beverage,12,823.63,2024-09-01,No,Mexico
3231,Sandra Ruiz,Ruler,Stationery,9,2090.0,2026-03-07,No,South Korea
3232,Steven Campos,File Cabinet,Furniture,11,2466.81,2025-07-05,Yes,Australia
3233,Misty Harris,USB Drive,Electronics,7,288.9,2024-10-03,No,Italy
3234,Angela Williams,Keyboard,Electronics,2,1253.29,2026-10-22,No,Canada
3235,Robin Smith,Bottled Water,Food & Beverage,2,461.53,2026-03-25,No,Australia
3236,Eric Dawson,Jeans,Clothing,7,2261.19,2024-10-19,Yes,Canada
3237,Amber Mendoza,Desk Lamp,Furniture,11,795.64,2025-10-11,Yes,South Africa
3238,Richard Brooks,Ruler,Stationery,1,1041.73,2026-01-05,No,India
3239,Monica Murray,Green Tea,Food & Beverage,7,709.54,2025-07-31,Yes,South Africa
3240,Brian Roberts,Tablet,Electronics,13,2317.4,2025-02-03,Yes,Germany
3241,Debbie Martin,Bookshelf,Furniture,15,1322.86,2024-11-15,Yes,South Africa
3242,Emily Patton,Glue Stick,Stationery,8,140.43,2025-12-13,Yes,Singapore
3243,Meghan Carter,Smartphone,Electronics,9,416.52,2025-11-23,Yes,Uk
3244,Johnny Smith,Hat,Clothing,13,626.43,2024-06-16,Yes,South Korea
3245,Andrew Young,Bookshelf,Furniture,4,839.98,2024-05-08,No,China
3246,Becky Cook,File Cabinet,Furniture,8,2165.91,2026-10-24,Yes,France
3247,John Wilson,Bottled Water,Food & Beverage,5,338.0,2024-01-03,Yes,France
3248,Chris Kim,Eraser,Stationery,11,958.47,2024-08-08,Yes,France
3249,Daniel Graham,Bed,Furniture,8,436.03,2026-04-26,Yes,South Africa
3250,Michael Kemp,Standing Desk,Furniture,2,2177.82,2026-12-19,No,Canada
3251,Ryan Paul,Glue Stick,Stationery,1,1032.14,2024-04-08,No,Japan
3252,Ashley Nunez,Hat,Clothing,10,1223.01,2024-08-10,Yes,India
3253,Brittany Santos,Juice,Food & Beverage,7,122.13,2025-09-08,No,China
3254,Kelly Gardner,Desk Lamp,Furniture,2,56.01,2025-06-03,Yes,Sweden
3255,Chase Barrett,Smartphone,Electronics,3,1913.28,2024-01-30,No,Australia
3256,Jennifer Conway,Bottled Water,Food & Beverage,14,1102.36,2025-01-10,Yes,Germany
3257,Emily Garcia,Sofa,Furniture,12,119.22,2026-05-30,Yes,South Africa
3258,Joan Henderson,Snack Bar,Food & Beverage,4,812.33,2025-02-12,Yes,South Korea
3259,Dr. Patrick Abbott DDS,Glue Stick,Stationery,4,1168.68,2024-04-21,No,Brazil
3260,Scott Goodwin,Sofa,Furniture,13,322.03,2025-03-30,Yes,France
3261,Michael Walker,Juice,Food & Beverage,8,1274.7,2024-09-08,Yes,France
3262,Jeffrey Stafford,Tablet,Electronics,3,530.67,2025-10-19,Yes,Germany
3263,Dustin Brown,Bookshelf,Furniture,13,69.92,2024-03-27,Yes,Uk
3264,Jacob Perry,T-Shirt,Clothing,14,2133.86,2026-01-27,Yes,Germany
3265,Deborah Cortez,Bed,Furniture,10,1984.21,2025-06-05,Yes,Uae
3266,Jesse Bates,Sofa,Furniture,9,927.0,2025-10-08,No,Netherlands
3267,Karen Garner,Jeans,Clothing,14,1033.62,2026-05-09,Yes,Sweden
3268,Jennifer Jarvis,Glue Stick,Stationery,12,1394.42,2025-11-27,No,Uae
3269,Samantha Brown,Green Tea,Food & Beverage,15,1149.69,2026-04-20,Yes,Argentina
3270,Kathy Johnson,Bread,Food & Beverage,2,1412.27,2026-05-22,Yes,Australia
3271,Andrew Vasquez,Office Chair,Furniture,13,2149.68,2026-10-29,Yes,Singapore
3272,Earl Booker,Juice,Food & Beverage,5,602.06,2024-03-09,Yes,South Africa
3273,Zachary Allen DVM,Eraser,Stationery,6,459.85,2026-07-11,No,Canada
3274,Michael Hayes,Tape,Stationery,9,1336.12,2026-06-16,Yes,Australia
3275,Deborah Shaw,Bread,Food & Beverage,5,2366.62,2026-05-14,Yes,Italy
3276,Allen Green,Bookshelf,Furniture,12,2051.28,2024-05-30,Yes,Italy
3277,Lisa Foster,Mouse,Electronics,6,819.22,2026-01-01,Yes,Netherlands
3278,Mark Rocha,Laptop,Electronics,9,1152.21,2026-03-02,No,Argentina
3279,Richard Myers,Tape,Stationery,8,1365.98,2025-12-02,Yes,South Korea
3280,Eugene Phillips,Juice,Food & Beverage,14,851.22,2024-11-23,Yes,Germany
3281,Anna Lutz,Jacket,Clothing,2,1788.37,2025-08-30,Yes,France
3282,Dennis Reyes,Coffee Beans,Food & Beverage,15,177.79,2024-02-19,Yes,Canada
3283,Stephen Mora,USB Drive,Electronics,2,1041.62,2024-06-08,No,Netherlands
3284,Joseph Cardenas,Ruler,Stationery,4,2122.87,2026-08-29,Yes,South Korea
3285,Michael Nguyen,Socks,Clothing,2,1695.19,2026-05-13,Yes,Netherlands
3286,Tamara Carroll,Pencil,Stationery,14,1029.07,2025-07-02,Yes,Canada
3287,Ana Allen,Pencil,Stationery,5,39.84,2026-08-13,Yes,Uae
3288,Amanda Sanchez,Standing Desk,Furniture,13,1838.88,2026-12-17,Yes,South Korea
3289,Lauren Santos,Green Tea,Food & Beverage,3,87.74,2024-08-04,Yes,Brazil
3290,Colin Rojas,Keyboard,Electronics,1,1745.99,2025-05-13,No,South Korea
3291,Brett Brown,Socks,Clothing,14,1798.49,2026-02-26,Yes,Germany
3292,Justin Parsons,Tape,Stationery,5,2278.58,2025-05-28,Yes,United States
3293,William Lester,Tablet,Electronics,8,1702.59,2025-07-02,No,Argentina
3294,Craig Chandler,Dining Table,Furniture,7,1525.36,2026-02-16,Yes,Japan
3295,Anthony Gomez,Coffee Beans,Food & Beverage,12,2396.36,2025-03-29,Yes,Netherlands
3296,Alyssa Munoz,Snack Bar,Food & Beverage,12,47.49,2026-12-08,Yes,Uk
3297,Sandra White,Mouse,Electronics,13,1467.56,2024-03-09,Yes,Netherlands
3298,Sarah Joseph,T-Shirt,Clothing,13,1707.62,2025-08-16,Yes,United States
3299,Amber Gutierrez,Laptop,Electronics,10,1926.2,2024-11-08,Yes,Uae
3300,Mrs. Leslie Miles,Hat,Clothing,2,1988.98,2024-08-07,No,Argentina
3301,Morgan Thomas,Bookshelf,Furniture,15,661.59,2024-03-08,No,South Africa
3302,Joshua Riggs,Juice,Food & Beverage,11,808.76,2025-04-30,Yes,Netherlands
3303,Jennifer Johnson,Jeans,Clothing,12,1727.76,2024-10-10,Yes,Canada
3304,Michael Robinson,Juice,Food & Beverage,1,812.71,2024-11-04,Yes,India
3305,Robert Keith,File Cabinet,Furniture,9,82.99,2024-02-02,Yes,France
3306,Randy Miller,T-Shirt,Clothing,5,2205.61,2026-02-08,No,Germany
3307,Ana Perry,Jeans,Clothing,8,245.78,2026-12-04,No,Spain
3308,David Cantu,Headphones,Electronics,5,2364.28,2025-10-02,No,Sweden
3309,Connor Johnson,Snack Bar,Food & Beverage,1,1789.61,2025-09-04,Yes,South Africa
3310,Gabrielle Daniels,Ruler,Stationery,2,1193.41,2025-10-20,Yes,Sweden
3311,Jonathan Cox,Tablet,Electronics,7,1503.3,2025-12-17,Yes,Mexico
3312,Jose Cox,Sofa,Furniture,15,1770.49,2026-01-08,Yes,Singapore
3313,Shannon Sanders,Tablet,Electronics,2,1791.49,2026-07-01,Yes,South Korea
3314,Robert Kennedy,Scarf,Clothing,1,385.91,2025-08-27,Yes,Japan
3315,John Barnett,Standing Desk,Furniture,6,83.07,2026-09-14,Yes,Canada
3316,Robert George,Juice,Food & Beverage,10,1825.05,2024-05-21,No,Japan
3317,Robyn Gordon,Snack Bar,Food & Beverage,1,567.58,2026-03-04,No,Spain
3318,Amy Williams,Socks,Clothing,10,1019.16,2026-08-06,No,Canada
3319,Jennifer Kaufman,Dining Table,Furniture,13,1632.3,2025-08-14,Yes,Netherlands
3320,Jake Giles,Juice,Food & Beverage,14,119.5,2025-10-30,Yes,South Korea
3321,Matthew Bullock,T-Shirt,Clothing,4,1975.87,2024-05-11,Yes,Uk
3322,Kelly Reid,Smartphone,Electronics,4,1933.0,2025-12-08,Yes,United States
3323,David Yu,Pencil,Stationery,8,1863.2,2025-06-10,Yes,France
3324,Richard Castillo,Sofa,Furniture,6,2436.76,2024-12-06,Yes,Brazil
3325,Trevor Blanchard,Pencil,Stationery,14,2416.11,2025-11-03,Yes,Uae
3326,Nicholas Velazquez,Bottled Water,Food & Beverage,12,1369.79,2025-06-14,Yes,Uk
3327,Kaitlin Hansen,Stapler,Stationery,4,2044.14,2026-11-23,Yes,Japan
3328,Roy Levy,Keyboard,Electronics,14,2081.49,2025-03-16,Yes,Uae
3329,Mary Mendoza,Monitor,Electronics,8,2368.69,2025-12-18,No,India
3330,Gina Guzman,Snack Bar,Food & Beverage,12,705.79,2026-08-17,Yes,Germany
3331,Kelly Huerta,Notebook,Stationery,10,1904.74,2026-11-13,No,Italy
3332,Anna Miller,Tablet,Electronics,3,2181.36,2026-03-01,Yes,China
3333,Aaron Frye,USB Drive,Electronics,6,5.53,2026-08-20,Yes,South Africa
3334,Kevin Scott,Jeans,Clothing,15,952.71,2026-03-02,Yes,India
3335,Mrs. Misty Prince,Snack Bar,Food & Beverage,1,1842.9,2024-02-29,No,Mexico
3336,Dana Mcguire,USB Drive,Electronics,12,1666.39,2026-12-15,Yes,India
3337,Jeffery Wheeler,Printer,Electronics,9,1044.49,2025-10-14,Yes,India
3338,Nicole Flores,Tape,Stationery,11,2301.34,2026-03-17,Yes,India
3339,Frank James,Notebook,Stationery,4,1061.9,2026-10-17,Yes,China
3340,Jill Lewis,Coffee Beans,Food & Beverage,5,99.27,2026-06-07,Yes,Australia
3341,Vincent Lindsey,Bottled Water,Food & Beverage,12,474.78,2026-11-17,Yes,Uk
3342,Amanda Mathis,Tape,Stationery,13,2101.88,2025-05-29,No,South Africa
3343,James Jacobs,Bottled Water,Food & Beverage,5,1578.52,2024-07-19,Yes,Spain
3344,Dr. James Thompson,Jeans,Clothing,15,1020.59,2024-03-11,Yes,China
3345,Diana Luna,Bread,Food & Beverage,8,1247.12,2026-06-24,Yes,South Africa
3346,Mr. Tyler Nguyen,Laptop,Electronics,5,303.78,2025-07-12,Yes,Japan
3347,Erika Figueroa,T-Shirt,Clothing,9,354.32,2025-12-10,No,Japan
3348,Christy Wright,Pen,Stationery,13,1092.98,2024-03-22,Yes,Canada
3349,Lisa Walker,Eraser,Stationery,2,325.97,2024-09-22,Yes,United States
3350,Chad Sims,Monitor,Electronics,6,1989.14,2024-01-11,No,Singapore
3351,Karen Todd,File Cabinet,Furniture,15,679.35,2025-08-10,Yes,Singapore
3352,John Stanley,Jacket,Clothing,3,1267.09,2025-07-01,Yes,South Korea
3353,Ryan Olson,USB Drive,Electronics,13,25.71,2024-07-01,Yes,Spain
3354,Michael Jackson,Dining Table,Furniture,12,262.0,2026-09-26,No,Japan
3355,Michaela Flores,Keyboard,Electronics,11,2380.29,2026-08-10,Yes,France
3356,Christine Elliott,USB Drive,Electronics,10,313.41,2025-01-16,Yes,Italy
3357,Dawn Roman,Tablet,Electronics,13,419.94,2026-01-04,Yes,Singapore
3358,Rickey White,Ruler,Stationery,7,1390.26,2024-12-22,Yes,Spain
3359,Alejandra Brown,Jacket,Clothing,7,1473.84,2026-06-16,No,Italy
3360,Beth Smith,Smartphone,Electronics,4,1030.46,2024-06-24,Yes,Uae
3361,Susan Jefferson,Juice,Food & Beverage,14,2091.72,2024-09-06,Yes,India
3362,Dr. Tyler Payne,Bottled Water,Food & Beverage,2,598.56,2024-04-29,Yes,China
3363,Sarah Wood,Sofa,Furniture,6,1894.15,2024-12-05,Yes,France
3364,Jeffrey Nelson,Hat,Clothing,10,1558.45,2025-03-13,Yes,Spain
3365,Deanna Diaz,Hat,Clothing,14,311.16,2026-11-03,Yes,Germany
3366,Ricardo Giles,Eraser,Stationery,11,1140.22,2026-06-15,No,Brazil
3367,Jaime Mcdonald,Bed,Furniture,12,709.28,2025-06-05,Yes,Japan
3368,Lee Kim,Coffee Beans,Food & Beverage,6,1826.82,2026-06-28,Yes,Mexico
3369,Kristen Stewart,Standing Desk,Furniture,6,356.67,2024-01-22,Yes,India
3370,Tamara Glover,Socks,Clothing,6,1429.2,2025-11-06,Yes,Canada
3371,Thomas Mendez,Standing Desk,Furniture,2,2223.96,2025-07-30,Yes,Japan
3372,Phillip Harrison,Headphones,Electronics,14,2088.0,2026-04-28,Yes,United States
3373,Elizabeth Brock,Stapler,Stationery,12,1676.07,2025-01-08,Yes,Uae
3374,Ashley Estrada,Monitor,Electronics,11,107.59,2026-09-26,Yes,Uk
3375,Ryan Price,Bookshelf,Furniture,8,373.89,2026-11-22,No,Brazil
3376,Patrick Cook,Mouse,Electronics,15,442.08,2026-08-08,No,Japan
3377,Rick Henderson,Standing Desk,Furniture,9,1547.87,2026-02-21,Yes,India
3378,Peter Cross,Standing Desk,Furniture,7,725.38,2025-01-23,Yes,Canada
3379,Amanda Baker,Tablet,Electronics,5,816.36,2025-02-04,Yes,Germany
3380,Stephanie Avila,Green Tea,Food & Beverage,9,1723.23,2025-07-28,Yes,Sweden
3381,Erika Hobbs,Jeans,Clothing,12,1774.24,2024-12-10,Yes,Italy
3382,Craig Torres,T-Shirt,Clothing,5,1398.97,2024-12-12,Yes,South Africa
3383,Benjamin Johnson,Scarf,Clothing,5,2086.65,2025-10-05,Yes,China
3384,Michael Walker,T-Shirt,Clothing,2,161.45,2025-11-17,Yes,Sweden
3385,Ryan Wilson,Stapler,Stationery,9,1778.27,2026-05-02,Yes,Brazil
3386,Paige Duffy,Jacket,Clothing,7,1281.46,2024-05-09,Yes,Canada
3387,Marcia Carter,Scarf,Clothing,10,444.93,2024-12-18,Yes,Brazil
3388,Veronica Miller,Scarf,Clothing,14,183.18,2025-11-10,No,Uae
3389,Mary Davis,Pencil,Stationery,12,2083.72,2026-08-09,No,Canada
3390,Alicia Taylor,Jeans,Clothing,7,1445.05,2026-12-21,Yes,Mexico
3391,Sandra Vega,Bottled Water,Food & Beverage,5,1031.05,2025-07-08,Yes,Uk
3392,Omar Hale,Headphones,Electronics,2,1749.63,2026-03-04,Yes,Singapore
3393,Lisa Guerrero,Dining Table,Furniture,1,2497.71,2024-03-04,Yes,Canada
3394,Sharon Richardson,Bottled Water,Food & Beverage,2,1895.27,2025-09-28,Yes,Australia
3395,Amy Blankenship,Smartphone,Electronics,2,1747.17,2026-09-05,Yes,Uae
3396,Elizabeth Pearson,Headphones,Electronics,6,2411.33,2025-04-23,No,Uae
3397,Lisa Hernandez,Jeans,Clothing,11,261.01,2026-12-07,No,India
3398,Danielle Patel,Glue Stick,Stationery,11,1582.08,2024-09-14,No,India
3399,Richard Wood,Snack Bar,Food & Beverage,12,1831.16,2026-06-30,No,Uk
3400,Amber Green,Bed,Furniture,4,195.97,2026-11-07,Yes,Italy
3401,Marie Townsend,Juice,Food & Beverage,13,738.37,2024-07-19,Yes,Brazil
3402,Victor Wilson,Dining Table,Furniture,2,2007.45,2026-06-24,No,South Africa
3403,Amy Scott,Snack Bar,Food & Beverage,5,1612.33,2024-02-03,Yes,Argentina
3404,Joanna Stevens,Bottled Water,Food & Beverage,4,883.45,2026-09-05,Yes,Uk
3405,Jessica Smith,T-Shirt,Clothing,14,2375.36,2024-02-10,Yes,France
3406,Brittany Shah,Bookshelf,Furniture,10,1993.91,2024-11-04,Yes,Italy
3407,Cindy Lopez,Jeans,Clothing,14,1230.49,2026-12-29,No,South Africa
3408,John Alexander,Juice,Food & Beverage,8,105.8,2026-08-12,No,Germany
3409,Sarah Guzman,Coffee Beans,Food & Beverage,10,1655.63,2026-12-03,No,France
3410,Sandra Harrison,Notebook,Stationery,3,429.3,2024-07-16,Yes,Uk
3411,Donna Barnes,Monitor,Electronics,10,1462.13,2024-05-17,No,China
3412,David Perry,Printer,Electronics,5,923.76,2024-09-01,Yes,South Korea
3413,Karen Taylor,Hat,Clothing,2,1406.85,2024-10-20,Yes,Argentina
3414,Philip Richards,Desk Lamp,Furniture,5,100.59,2026-06-15,No,Uk
3415,Shelly Gibson,Pencil,Stationery,4,1886.74,2026-05-30,Yes,Germany
3416,Meagan Smith,Laptop,Electronics,15,290.8,2025-09-19,No,India
3417,Dominic Blankenship,Office Chair,Furniture,15,1369.8,2025-04-24,Yes,Uae
3418,Monica Douglas,Bottled Water,Food & Beverage,9,849.27,2024-03-04,No,France
3419,Joshua Berry,Webcam,Electronics,8,71.57,2025-06-18,Yes,Singapore
3420,Nathaniel Lindsey,Socks,Clothing,9,1324.21,2025-12-07,Yes,France
3421,Victoria Hernandez,Hat,Clothing,7,130.97,2025-05-09,No,South Africa
3422,Brenda Calderon,Desk Lamp,Furniture,8,344.08,2025-08-13,No,Japan
3423,Erica Parsons,Mouse,Electronics,4,339.56,2025-10-16,Yes,Canada
3424,Linda Thomas,Ruler,Stationery,15,601.57,2026-05-24,No,South Korea
3425,Paula Kennedy,Laptop,Electronics,3,94.93,2024-06-12,Yes,Uae
3426,Megan Foster,Snack Bar,Food & Beverage,7,1461.62,2025-04-11,Yes,Netherlands
3427,Thomas Maldonado,Bread,Food & Beverage,6,1915.67,2026-03-24,Yes,Japan
3428,Rachel Hamilton,Notebook,Stationery,12,2306.44,2024-05-28,Yes,France
3429,Joshua Ryan,Printer,Electronics,13,1426.79,2024-05-03,No,Spain
3430,Johnny Duncan,Office Chair,Furniture,4,1587.79,2025-11-21,No,India
3431,Courtney Alexander,Smartphone,Electronics,2,2436.61,2026-06-14,Yes,Canada
3432,Justin Smith,Office Chair,Furniture,14,870.04,2025-04-25,Yes,Brazil
3433,Daniel Hicks,Pencil,Stationery,15,586.17,2025-05-22,Yes,Argentina
3434,Vincent Johnson,Pen,Stationery,7,1105.52,2024-06-09,No,Mexico
3435,Lisa Marsh,Sneakers,Clothing,12,1104.77,2024-08-23,Yes,Singapore
3436,Haley Wood,Bed,Furniture,4,2497.62,2026-08-03,Yes,France
3437,Kimberly Griffin,Bread,Food & Beverage,10,317.05,2024-02-19,No,Sweden
3438,Lisa Anderson,Keyboard,Electronics,10,192.55,2024-12-01,No,China
3439,Alex Burnett,Green Tea,Food & Beverage,4,253.96,2024-07-09,Yes,South Africa
3440,Paula Castillo,Hat,Clothing,8,510.51,2026-07-22,No,Spain
3441,Jason Watson,Smartphone,Electronics,4,1959.1,2026-07-19,Yes,Sweden
3442,Noah Arias,Bed,Furniture,11,1134.7,2025-09-18,Yes,Brazil
3443,Emily Graham,Jacket,Clothing,13,1710.9,2026-02-22,Yes,Singapore
3444,Jon Thomas,Laptop,Electronics,7,299.34,2025-02-28,No,China
3445,Sandra Robinson,Hat,Clothing,10,2000.95,2025-08-05,Yes,Singapore
3446,Anna White,USB Drive,Electronics,3,1758.88,2026-12-24,No,Uae
3447,Stephen Smith,T-Shirt,Clothing,11,1276.31,2025-12-30,Yes,France
3448,Kristin Haynes,T-Shirt,Clothing,3,978.72,2024-06-23,Yes,China
3449,Robert Frederick,Dining Table,Furniture,13,1845.66,2024-11-04,No,Japan
3450,Amber Jackson,Jeans,Clothing,6,2188.13,2026-06-25,No,Japan
3451,Catherine Kennedy,Desk Lamp,Furniture,5,2108.58,2024-09-28,Yes,Japan
3452,Tanya Mitchell,Bookshelf,Furniture,10,9.68,2025-09-30,Yes,Japan
3453,Kylie Bentley,Bookshelf,Furniture,9,517.5,2026-11-27,Yes,Australia
3454,Alyssa Hall,Jeans,Clothing,7,2377.13,2025-12-15,No,Sweden
3455,Katherine Matthews,USB Drive,Electronics,7,2482.78,2026-07-16,Yes,Italy
3456,Meagan Lee,Ruler,Stationery,7,699.36,2024-02-07,Yes,South Korea
3457,Walter Richards,Eraser,Stationery,8,1220.14,2024-03-13,No,Spain
3458,Travis Shannon,Standing Desk,Furniture,4,2172.69,2025-04-23,Yes,Canada
3459,Brian Cannon,Bookshelf,Furniture,13,685.26,2024-12-11,Yes,India
3460,Michael Fitzgerald,USB Drive,Electronics,13,1025.75,2026-05-16,No,China
3461,Barbara Estrada,USB Drive,Electronics,15,1297.6,2025-06-20,Yes,United States
3462,Melissa Jackson,Webcam,Electronics,12,1819.53,2025-06-17,No,Netherlands
3463,Nicholas Andrews,Notebook,Stationery,2,2004.74,2025-12-12,No,Argentina
3464,Taylor Stokes,Tablet,Electronics,1,2315.21,2025-07-18,No,South Africa
3465,Brent Clark,Bottled Water,Food & Beverage,1,981.01,2025-06-01,Yes,Canada
3466,Devin Smith,Stapler,Stationery,5,2101.2,2025-04-28,Yes,Argentina
3467,Diana Williamson,Webcam,Electronics,14,2356.36,2024-03-27,No,Uk
3468,Wesley Jenkins,Mouse,Electronics,1,2114.93,2026-04-01,No,Netherlands
3469,Jennifer Washington,Sneakers,Clothing,5,2421.74,2025-12-17,Yes,Japan
3470,Thomas Braun,Laptop,Electronics,4,1973.65,2026-01-05,Yes,South Korea
3471,Gregory Edwards,Snack Bar,Food & Beverage,6,2321.65,2024-10-10,Yes,Japan
3472,Douglas Mooney,Desk Lamp,Furniture,13,1718.24,2024-08-30,Yes,Brazil
3473,Chad Bailey,Sofa,Furniture,13,1800.77,2026-08-06,No,Mexico
3474,Christine Russell,Sofa,Furniture,15,1438.14,2024-07-08,Yes,Spain
3475,Eric Burns,Webcam,Electronics,4,1631.26,2025-05-30,No,United States
3476,Brianna Smith,Office Chair,Furniture,3,881.86,2026-07-01,Yes,Germany
3477,Jenna Davis,Hat,Clothing,8,1773.36,2024-03-05,Yes,Japan
3478,David Curtis,Snack Bar,Food & Beverage,15,264.4,2025-01-30,Yes,France
3479,Matthew Malone,Glue Stick,Stationery,9,2378.48,2026-07-16,Yes,Sweden
3480,Patrick Bennett,Monitor,Electronics,5,1580.25,2024-01-19,Yes,Brazil
3481,Dr. Alvin Deleon MD,Hat,Clothing,13,1182.84,2025-12-11,Yes,India
3482,Mr. Michael Merritt,Bread,Food & Beverage,5,1568.88,2026-08-03,No,Canada
3483,Richard Thompson,Mouse,Electronics,9,79.2,2026-03-29,Yes,China
3484,Kristina Diaz,Eraser,Stationery,1,1988.0,2026-06-24,No,India
3485,Michael Valdez,Eraser,Stationery,14,2034.16,2024-08-15,Yes,Mexico
3486,Jaime Fitzgerald,Pen,Stationery,15,438.32,2024-06-12,Yes,China
3487,Latasha Shaw,Bread,Food & Beverage,7,1368.49,2024-11-21,Yes,Spain
3488,Jennifer Porter,Glue Stick,Stationery,2,2214.35,2025-09-14,Yes,India
3489,Hunter Wilson,Snack Bar,Food & Beverage,10,1339.69,2026-09-23,No,Brazil
3490,Bobby Khan,Stapler,Stationery,10,2256.35,2025-09-02,Yes,South Africa
3491,Mary Walsh,Tablet,Electronics,2,347.85,2026-10-16,No,Germany
3492,Debra Snyder,Bottled Water,Food & Beverage,4,998.34,2025-06-25,Yes,South Africa
3493,Marie Berry,Eraser,Stationery,7,1191.21,2026-05-22,Yes,France
3494,Craig Koch MD,Laptop,Electronics,15,898.82,2025-07-17,Yes,South Africa
3495,Bethany Ray,Standing Desk,Furniture,9,2408.73,2025-05-06,Yes,Mexico
3496,Jessica Bolton,Bottled Water,Food & Beverage,14,1941.45,2025-09-27,Yes,Japan
3497,Jessica Miller,Pen,Stationery,6,892.18,2025-10-16,No,France
3498,Kelli Moran,Headphones,Electronics,14,1824.64,2026-08-26,No,Italy
3499,Kimberly Davis,Keyboard,Electronics,8,2108.47,2026-11-25,Yes,Uk
3500,Dr. Gregory Howard,Office Chair,Furniture,14,2074.55,2024-10-12,Yes,India
3501,Christopher Arellano,Pen,Stationery,4,72.69,2024-08-19,Yes,Mexico
3502,Patrick Leonard,Socks,Clothing,11,2221.5,2024-05-14,Yes,Uae
3503,Carrie Ward,Monitor,Electronics,12,899.15,2026-12-16,No,Spain
3504,Eugene Wright,Sneakers,Clothing,15,1087.51,2024-12-16,No,Uk
3505,David Lopez,Standing Desk,Furniture,14,2139.16,2025-08-04,Yes,Japan
3506,Suzanne Abbott,Hat,Clothing,3,243.3,2024-02-26,Yes,Uae
3507,Nicholas Douglas,T-Shirt,Clothing,10,900.77,2025-12-31,Yes,Italy
3508,Tony Deleon,Sofa,Furniture,15,944.95,2026-12-24,No,Uk
3509,Michelle Mejia,Snack Bar,Food & Beverage,14,1680.64,2025-08-02,Yes,United States
3510,Lisa Smith,Juice,Food & Beverage,10,233.78,2025-02-03,Yes,Germany
3511,Dr. Daniel Richardson,Dining Table,Furniture,15,1528.13,2026-05-27,No,Germany
3512,Amy Garrett,Jeans,Clothing,9,1934.7,2025-11-13,Yes,Germany
3513,Carlos Porter,T-Shirt,Clothing,7,324.52,2026-10-18,No,Germany
3514,Michael Garcia,Standing Desk,Furniture,11,1144.02,2024-03-05,Yes,South Korea
3515,Courtney Wade,Sneakers,Clothing,10,1688.54,2024-01-11,Yes,France
3516,Crystal Mcdonald,Keyboard,Electronics,12,896.49,2026-09-06,No,Germany
3517,Vanessa Chung,Smartphone,Electronics,5,1688.23,2026-05-21,No,Japan
3518,Cory West,Eraser,Stationery,9,2030.06,2025-10-01,No,Italy
3519,Mackenzie Ramirez,Headphones,Electronics,15,1996.85,2026-01-30,Yes,Argentina
3520,Wesley Lee,Ruler,Stationery,5,744.1,2024-10-18,Yes,Mexico
3521,Rebecca Clark,Snack Bar,Food & Beverage,15,1884.96,2025-08-10,Yes,Japan
3522,William Campbell,File Cabinet,Furniture,4,2492.52,2026-01-03,Yes,Spain
3523,Connie Norton,Juice,Food & Beverage,10,2072.54,2025-08-22,Yes,Argentina
3524,Tyler Jordan,Tape,Stationery,13,1969.04,2024-10-28,Yes,Australia
3525,Wendy Smith,Eraser,Stationery,6,2146.65,2026-02-15,Yes,Uae
3526,Richard Rogers,Webcam,Electronics,11,1371.77,2026-07-03,Yes,Australia
3527,Jeremy Glover,Headphones,Electronics,7,2353.24,2026-09-22,Yes,Sweden
3528,Patricia Cline,Tape,Stationery,12,710.96,2026-06-25,Yes,Germany
3529,Daniel Wood,Pen,Stationery,7,706.25,2025-01-17,Yes,Brazil
3530,Patricia Gonzalez,Scarf,Clothing,12,2340.79,2025-02-26,Yes,Singapore
3531,Jennifer Brown,Bread,Food & Beverage,1,50.3,2024-02-26,Yes,Brazil
3532,Jessica Logan,Webcam,Electronics,2,2302.4,2026-10-31,Yes,Canada
3533,Tracy Mathews,Juice,Food & Beverage,10,1861.56,2025-04-29,Yes,United States
3534,Rebecca Reynolds,Coffee Beans,Food & Beverage,10,221.46,2025-11-21,Yes,Netherlands
3535,Henry Reed,Jeans,Clothing,1,1962.18,2024-08-28,Yes,South Africa
3536,James Griffith,Snack Bar,Food & Beverage,9,1338.32,2025-12-19,Yes,India
3537,Brianna Gutierrez,Sneakers,Clothing,2,538.08,2025-10-21,No,South Africa
3538,Jeffrey Ibarra,Tape,Stationery,5,253.22,2024-03-20,No,Singapore
3539,John Werner,Socks,Clothing,3,452.63,2025-06-14,Yes,Germany
3540,Matthew Johnson,Smartphone,Electronics,14,2345.56,2026-10-19,No,Netherlands
3541,Kathleen Stone,Bread,Food & Beverage,3,1978.49,2025-11-17,Yes,United States
3542,Tanya Bauer,Coffee Beans,Food & Beverage,14,899.74,2025-01-17,No,Germany
3543,Karen Thomas,Mouse,Electronics,15,2330.8,2026-07-12,No,Uk
3544,Ronald Ibarra,Bread,Food & Beverage,1,780.82,2026-01-26,Yes,Germany
3545,Matthew Mcdonald,Standing Desk,Furniture,14,544.82,2025-06-28,Yes,South Africa
3546,Joseph Grimes,Tape,Stationery,12,2498.93,2026-02-17,Yes,Brazil
3547,Alyssa Harris,Pencil,Stationery,1,679.91,2026-10-28,No,India
3548,Pamela Smith,Coffee Beans,Food & Beverage,9,49.49,2026-03-04,Yes,Sweden
3549,Elizabeth Flores,Dining Table,Furniture,12,398.51,2024-10-11,Yes,France
3550,Stacey Edwards,Green Tea,Food & Beverage,4,167.93,2026-08-24,Yes,United States
3551,Michele Harvey,Coffee Beans,Food & Beverage,6,1674.08,2024-06-21,Yes,Germany
3552,John Andersen,Eraser,Stationery,2,1225.12,2026-07-24,Yes,China
3553,Kristen Kelly,Coffee Beans,Food & Beverage,8,2172.7,2024-05-01,No,Uae
3554,David Nguyen,Notebook,Stationery,7,1856.08,2025-07-25,Yes,South Africa
3555,Hannah West,Jacket,Clothing,9,917.98,2024-08-06,No,India
3556,Christopher Ball,Dining Table,Furniture,8,187.69,2025-11-04,Yes,India
3557,Barbara Ross,Hat,Clothing,1,1818.48,2025-05-27,Yes,Singapore
3558,Patrick Bennett,Eraser,Stationery,1,471.65,2024-05-21,Yes,Uk
3559,Leah Ramirez,T-Shirt,Clothing,5,881.03,2026-02-21,Yes,Uk
3560,Samantha Underwood,Scarf,Clothing,13,895.99,2024-06-28,No,Argentina
3561,Janice Nelson,Dining Table,Furniture,7,560.04,2024-06-29,No,Japan
3562,Steven Phillips,Pen,Stationery,6,371.69,2026-04-10,Yes,Uk
3563,Stacey Moody,USB Drive,Electronics,14,970.89,2024-12-23,Yes,Germany
3564,Timothy Fernandez,Eraser,Stationery,1,520.83,2024-04-16,Yes,China
3565,Richard Morrison,Snack Bar,Food & Beverage,13,1980.55,2024-03-25,Yes,Uk
3566,Julie Johnson,Bread,Food & Beverage,10,2073.95,2024-09-01,No,Japan
3567,Catherine Robinson,Office Chair,Furniture,12,2431.62,2025-05-22,Yes,Canada
3568,Lisa Jones,Eraser,Stationery,3,819.78,2026-10-31,Yes,Sweden
3569,Daniel Bray,Hat,Clothing,9,665.15,2025-06-08,No,India
3570,Rachel Thomas,Pen,Stationery,4,531.79,2024-01-08,Yes,South Korea
3571,Rachel Dillon,Bread,Food & Beverage,10,1263.51,2026-12-21,Yes,Sweden
3572,Karen Miller,Pen,Stationery,4,1566.19,2025-05-16,No,Uk
3573,Carolyn White,Eraser,Stationery,6,584.06,2026-06-07,Yes,Uk
3574,Alexis Rose,Pen,Stationery,8,948.8,2025-06-21,Yes,India
3575,Adam Murray,Eraser,Stationery,12,477.26,2026-11-04,Yes,France
3576,Kelly Hill,Notebook,Stationery,15,579.08,2024-04-23,No,Germany
3577,Susan Duffy,Green Tea,Food & Beverage,1,177.87,2025-08-19,Yes,Germany
3578,Alex Brown,Bookshelf,Furniture,12,560.8,2024-03-11,No,Singapore
3579,Michael Roman,Bookshelf,Furniture,5,1282.04,2025-11-30,Yes,Sweden
3580,Evan Bowman,Tablet,Electronics,12,267.03,2025-10-20,No,Mexico
3581,Thomas Buchanan,Mouse,Electronics,12,1418.92,2024-05-23,Yes,Spain
3582,Brian Galloway,Snack Bar,Food & Beverage,1,343.45,2026-01-22,Yes,Spain
3583,Wendy Brown,T-Shirt,Clothing,10,1311.34,2026-01-26,No,Sweden
3584,Ian Johnson,T-Shirt,Clothing,9,926.17,2025-11-26,Yes,Spain
3585,Julie Walker,Pencil,Stationery,12,1015.68,2024-02-29,No,Italy
3586,Erik Hayes,Bottled Water,Food & Beverage,8,1206.44,2026-04-30,Yes,Italy
3587,Sean Morales,Glue Stick,Stationery,9,906.81,2024-02-10,Yes,Brazil
3588,Caitlin Ramirez,Bread,Food & Beverage,8,90.07,2026-05-19,Yes,Uae
3589,Stacy Cardenas,Bookshelf,Furniture,13,1809.59,2025-12-26,Yes,South Africa
3590,David Hoover,Tablet,Electronics,3,834.13,2024-05-13,Yes,United States
3591,Barry Dixon,Webcam,Electronics,3,1643.17,2025-04-07,No,China
3592,John Prince,Pen,Stationery,13,2433.85,2025-06-20,No,United States
3593,Tara Murphy,USB Drive,Electronics,11,1240.36,2026-11-11,No,Argentina
3594,Linda Campbell,Laptop,Electronics,1,2095.01,2026-08-03,Yes,France
3595,Katherine Morse,Office Chair,Furniture,12,47.18,2025-06-30,No,Uk
3596,Stephen Phelps,USB Drive,Electronics,10,1366.23,2026-06-23,No,Uae
3597,Heather Santos,Socks,Clothing,15,1722.11,2025-05-25,Yes,Singapore
3598,Mario Perez,Printer,Electronics,14,21.83,2026-06-14,Yes,India
3599,Tracy Velazquez,Keyboard,Electronics,10,1277.62,2025-01-27,Yes,Mexico
3600,Tracey West,Dining Table,Furniture,13,1952.89,2025-07-17,Yes,South Korea
3601,Sherri Edwards,File Cabinet,Furniture,8,2013.07,2024-03-23,Yes,Singapore
3602,Christian Miller,Bookshelf,Furniture,13,309.63,2025-01-13,No,United States
3603,Amanda Cowan,Bed,Furniture,12,521.19,2025-05-18,Yes,Argentina
3604,Megan Greer,T-Shirt,Clothing,7,998.68,2026-05-24,Yes,Italy
3605,Edward Duncan,Office Chair,Furniture,15,88.93,2025-06-17,Yes,Uae
3606,Jeffrey Mendoza,Scarf,Clothing,1,792.99,2024-11-19,Yes,Spain
3607,James Perry,Dining Table,Furniture,12,2268.09,2024-01-21,Yes,Japan
3608,David Wilkins,Glue Stick,Stationery,11,894.81,2025-11-06,Yes,India
3609,Craig Cain,Webcam,Electronics,2,1874.69,2026-03-16,No,Germany
3610,Sarah Andrews,Ruler,Stationery,11,781.74,2024-09-12,No,Australia
3611,Carla Cooper,Jeans,Clothing,10,432.75,2024-02-15,No,Japan
3612,Sandra Owens MD,Coffee Beans,Food & Beverage,12,1749.12,2025-07-31,No,Sweden
3613,Stephanie Garrett,Coffee Beans,Food & Beverage,1,69.04,2024-04-30,Yes,Australia
3614,Jason Lewis,Juice,Food & Beverage,5,1222.0,2026-08-09,No,Singapore
3615,Deborah Ibarra,File Cabinet,Furniture,2,722.54,2026-11-28,Yes,Uk
3616,Amy Williams,Socks,Clothing,13,2120.53,2024-04-15,No,Sweden
3617,Charles Wood,Scarf,Clothing,1,1720.85,2026-07-31,No,Germany
3618,Jennifer Gould,Green Tea,Food & Beverage,3,352.8,2026-04-03,Yes,South Korea
3619,Tracy Rogers,Notebook,Stationery,10,2451.0,2025-09-08,No,Singapore
3620,Kimberly Boyd,Jacket,Clothing,14,1280.85,2024-10-24,Yes,Italy
3621,Anita Gutierrez MD,Pencil,Stationery,10,2173.81,2025-11-02,Yes,Uk
3622,Kristen Holden,Desk Lamp,Furniture,10,2265.34,2025-02-21,Yes,France
3623,Luis Gutierrez,Jeans,Clothing,1,221.53,2025-07-20,No,China
3624,Jane Scott,Desk Lamp,Furniture,6,75.93,2024-04-20,Yes,Netherlands
3625,Sophia Patel,Sneakers,Clothing,4,542.63,2026-08-14,Yes,France
3626,Dr. Victoria Harris,Printer,Electronics,2,758.9,2026-03-19,No,United States
3627,Jason Marks,Tape,Stationery,6,1601.17,2025-08-07,Yes,Sweden
3628,Matthew Oconnell,Hat,Clothing,15,914.92,2025-02-25,Yes,France
3629,Carmen Anderson,Desk Lamp,Furniture,2,426.7,2024-02-20,No,India
3630,Jessica Cooper,Bread,Food & Beverage,8,1432.24,2025-01-05,No,Netherlands
3631,John Lopez,Stapler,Stationery,1,2146.44,2024-10-01,No,Uk
3632,Jeremy Carpenter,Socks,Clothing,13,2098.32,2024-11-16,Yes,Brazil
3633,Bradley Gonzales,Tape,Stationery,13,1093.28,2025-04-01,No,Brazil
3634,John Munoz,Green Tea,Food & Beverage,12,2184.33,2026-04-16,Yes,Japan
3635,Jamie Marquez,Ruler,Stationery,8,1818.39,2026-03-09,Yes,Australia
3636,Matthew Ferguson,Coffee Beans,Food & Beverage,7,93.41,2024-06-08,Yes,China
3637,James Dodson,File Cabinet,Furniture,9,2309.61,2024-04-27,Yes,India
3638,Melissa Gaines,Stapler,Stationery,14,587.53,2024-11-18,No,Uae
3639,Robin Foster,Standing Desk,Furniture,5,1293.27,2025-12-10,Yes,Brazil
3640,Lori Randall,Bread,Food & Beverage,7,454.82,2026-08-11,Yes,Brazil
3641,Christopher Perez,Juice,Food & Beverage,6,588.12,2024-09-12,Yes,Sweden
3642,James Robinson PhD,Laptop,Electronics,10,871.39,2025-12-03,No,Netherlands
3643,William Sawyer,Headphones,Electronics,10,1485.53,2026-08-04,Yes,Uae
3644,Dawn Brown,Green Tea,Food & Beverage,4,1486.27,2026-11-18,Yes,South Korea
3645,Katie Hanson,Dining Table,Furniture,1,678.32,2024-03-08,Yes,Netherlands
3646,Daniel Mendoza,Keyboard,Electronics,11,1441.8,2025-12-18,Yes,South Africa
3647,Seth Li,Pencil,Stationery,15,690.56,2024-04-13,Yes,Sweden
3648,Ashley Francis,Notebook,Stationery,15,1609.35,2025-10-10,No,Mexico
3649,Mark Owen,Socks,Clothing,15,544.05,2025-04-30,No,China
3650,Hannah Robinson,Juice,Food & Beverage,10,106.08,2025-05-10,Yes,Australia
3651,Bryan Smith,Jacket,Clothing,11,1922.61,2026-02-02,Yes,Netherlands
3652,David Rodriguez,Ruler,Stationery,8,1034.03,2024-02-16,No,France
3653,Taylor Schneider,Bread,Food & Beverage,14,1330.41,2025-05-08,Yes,South Korea
3654,Megan Navarro,Monitor,Electronics,1,1918.77,2025-03-23,Yes,Australia
3655,Johnny Brewer,Laptop,Electronics,1,508.22,2024-07-22,Yes,Netherlands
3656,Travis Glenn,Coffee Beans,Food & Beverage,3,873.95,2026-12-12,Yes,Italy
3657,Vanessa Williams,Keyboard,Electronics,3,520.57,2025-05-29,Yes,South Korea
3658,Thomas Duffy,Sofa,Furniture,11,2282.98,2024-09-11,No,South Africa
3659,Karen Walker,Notebook,Stationery,13,1799.5,2026-05-22,Yes,Uae
3660,Anita Walker,Juice,Food & Beverage,13,327.77,2025-06-05,Yes,Singapore
3661,Mr. Dylan Cruz,Jeans,Clothing,13,421.65,2024-07-30,Yes,Germany
3662,Thomas Harris,Juice,Food & Beverage,3,642.56,2026-03-04,Yes,India
3663,Robert Robertson,Tablet,Electronics,1,293.42,2024-04-06,No,Netherlands
3664,James Combs MD,Jacket,Clothing,12,584.25,2026-08-11,No,Spain
3665,Sherry Hernandez,Sofa,Furniture,12,711.98,2025-02-05,Yes,Australia
3666,Ashley Wright,Desk Lamp,Furniture,10,1841.4,2024-04-27,Yes,India
3667,Andrew Brown,Pencil,Stationery,11,2010.68,2025-06-01,No,Sweden
3668,Joshua Owens,Mouse,Electronics,11,812.17,2024-03-10,Yes,Uae
3669,Joseph Perkins,Tape,Stationery,13,2244.67,2026-03-08,Yes,Singapore
3670,Mary Owen PhD,Desk Lamp,Furniture,2,2112.09,2026-09-08,Yes,Mexico
3671,Ronald Hopkins,Sofa,Furniture,7,79.59,2026-03-27,Yes,Italy
3672,Robert Campbell,Juice,Food & Beverage,12,280.05,2026-06-15,No,South Korea
3673,Ruben Edwards,T-Shirt,Clothing,13,1702.01,2026-11-01,Yes,Canada
3674,Anthony Franco,Sneakers,Clothing,13,1956.12,2026-05-30,Yes,India
3675,Carlos Ritter,USB Drive,Electronics,3,908.6,2026-04-03,Yes,Spain
3676,Amanda Marshall,Eraser,Stationery,5,677.95,2026-04-17,Yes,South Africa
3677,Dr. Eric Flores,Printer,Electronics,12,516.22,2026-09-07,No,Spain
3678,Tina Mullins,Monitor,Electronics,13,31.63,2025-11-23,No,Uae
3679,Darryl Lynch,Dining Table,Furniture,5,606.45,2024-11-02,No,Uae
3680,Kayla Smith,Snack Bar,Food & Beverage,5,1561.85,2025-11-08,Yes,United States
3681,Brandon Daugherty,Standing Desk,Furniture,1,1830.31,2024-02-27,Yes,Mexico
3682,Lauren Williams,Bed,Furniture,11,573.39,2026-03-24,No,Singapore
3683,Melissa Welch,Ruler,Stationery,7,419.48,2025-09-29,No,Italy
3684,Abigail York,Headphones,Electronics,13,2095.01,2024-11-04,Yes,Germany
3685,Gary Mitchell,Snack Bar,Food & Beverage,12,1820.44,2026-02-12,No,Brazil
3686,Alan Jimenez,Eraser,Stationery,3,221.79,2025-09-12,No,Sweden
3687,Danielle King,Jacket,Clothing,2,2096.76,2024-05-03,Yes,India
3688,Scott Hill,Notebook,Stationery,7,1931.55,2026-11-15,No,Germany
3689,Eric Parker,Dining Table,Furniture,2,893.98,2024-11-21,Yes,Argentina
3690,Lauren Rhodes,Pencil,Stationery,10,715.62,2026-05-03,No,Singapore
3691,Stacy Hinton,Juice,Food & Beverage,8,35.29,2026-02-05,Yes,Italy
3692,Mary Christian,Bottled Water,Food & Beverage,4,1193.84,2024-05-30,No,India
3693,Bobby Mccoy,Jeans,Clothing,3,1928.3,2025-10-26,Yes,South Africa
3694,Karen Moore,Keyboard,Electronics,4,2088.89,2026-09-06,Yes,Italy
3695,Frederick Snyder,File Cabinet,Furniture,12,1585.99,2024-12-29,No,Mexico
3696,James West,Standing Desk,Furniture,11,158.57,2026-04-23,Yes,India
3697,Susan Drake,Snack Bar,Food & Beverage,9,1589.57,2026-06-14,Yes,Uae
3698,Catherine Waters,Hat,Clothing,9,575.12,2025-12-16,Yes,China
3699,Eugene Burch,Socks,Clothing,2,1662.9,2024-04-03,No,Uk
3700,Zachary Watts,Pen,Stationery,12,1790.0,2024-09-11,Yes,Japan
3701,Stephanie Hill,Jeans,Clothing,14,1973.46,2025-12-31,Yes,Argentina
3702,Victoria Mendoza,Hat,Clothing,5,2328.74,2024-06-28,Yes,Singapore
3703,Steven Richardson,Tape,Stationery,13,1807.43,2024-09-26,Yes,China
3704,Rebecca Kirk,Headphones,Electronics,9,2090.93,2024-02-26,No,France
3705,Sarah Wright,Printer,Electronics,10,444.4,2025-04-11,Yes,Canada
3706,Aaron Wolfe,Office Chair,Furniture,12,678.28,2025-02-03,Yes,Japan
3707,Chad Lee,Office Chair,Furniture,3,1993.51,2024-05-16,No,Germany
3708,Melinda Wolfe,Jacket,Clothing,13,601.25,2025-04-21,Yes,Uae
3709,Laura Savage,Keyboard,Electronics,2,1896.16,2024-09-23,No,Brazil
3710,Mark Mills,Dining Table,Furniture,8,2426.02,2026-12-05,Yes,Italy
3711,Regina Miller,Ruler,Stationery,11,2167.3,2024-06-06,Yes,India
3712,Victoria Scott,Webcam,Electronics,4,761.55,2024-07-02,Yes,Sweden
3713,Carol Branch,Smartphone,Electronics,13,2393.69,2026-01-10,No,South Korea
3714,James Garcia,Office Chair,Furniture,13,692.66,2024-02-16,No,Brazil
3715,Marisa Richardson,Jacket,Clothing,3,1824.02,2026-05-10,Yes,France
3716,James Newton,Pencil,Stationery,15,1689.55,2026-07-25,Yes,Brazil
3717,Jaime Harris,Snack Bar,Food & Beverage,1,688.66,2025-07-19,No,France
3718,Thomas Morales,Sneakers,Clothing,10,2368.53,2024-09-10,Yes,India
3719,Michael Woods,Snack Bar,Food & Beverage,3,2034.35,2026-04-16,No,Germany
3720,Chad Hudson,Pen,Stationery,3,814.62,2026-01-04,No,Germany
3721,Erica Keller,Bread,Food & Beverage,11,898.21,2026-09-19,Yes,Mexico
3722,Lisa Acosta,T-Shirt,Clothing,7,2143.82,2026-03-17,No,United States
3723,Arthur Davis,Bed,Furniture,12,2142.01,2026-09-28,No,Netherlands
3724,Zachary Jackson,Bookshelf,Furniture,12,735.57,2026-11-15,Yes,South Africa
3725,Charles Lee,Bookshelf,Furniture,14,1756.28,2025-12-04,Yes,Italy
3726,Christopher Mccormick,Socks,Clothing,13,576.76,2026-05-30,Yes,Germany
3727,Melissa Morales,Smartphone,Electronics,12,1670.38,2026-03-25,No,Argentina
3728,Nicholas Underwood,Webcam,Electronics,5,2361.96,2025-11-27,Yes,Spain
3729,Victoria Scott,Jacket,Clothing,15,497.59,2025-07-07,No,Netherlands
3730,Christopher Hicks,Juice,Food & Beverage,15,1860.02,2026-03-31,Yes,South Korea
3731,Robin Bennett,Sneakers,Clothing,8,1532.48,2026-09-23,Yes,Argentina
3732,Jessica Smith,Laptop,Electronics,7,1121.34,2026-07-18,No,Sweden
3733,Kyle White,Standing Desk,Furniture,7,1647.73,2026-03-07,Yes,Netherlands
3734,Crystal Valentine,Socks,Clothing,6,117.64,2025-05-15,No,India
3735,Crystal Everett,Desk Lamp,Furniture,8,1739.13,2025-05-22,No,South Korea
3736,Ryan Patel,Snack Bar,Food & Beverage,4,368.51,2025-11-09,No,Uk
3737,Victoria Thomas,Bottled Water,Food & Beverage,2,1035.79,2026-06-25,Yes,Uae
3738,Daniel Guzman,File Cabinet,Furniture,8,1335.14,2026-04-02,Yes,Uk
3739,Barbara Watson,Webcam,Electronics,13,118.4,2026-02-10,No,Brazil
3740,Erica Joyce,Keyboard,Electronics,2,928.0,2026-09-08,No,Argentina
3741,Lee Kelly,File Cabinet,Furniture,3,367.1,2025-07-03,No,China
3742,Brian Ferguson,Socks,Clothing,1,1204.32,2025-02-22,No,Netherlands
3743,Cynthia Kim,Tape,Stationery,10,526.05,2025-06-29,No,Uae
3744,Maria Glenn,Notebook,Stationery,8,323.34,2026-01-03,No,Mexico
3745,Joseph Donovan MD,Stapler,Stationery,2,1275.79,2025-05-30,Yes,Uk
3746,Julia Carr,Green Tea,Food & Beverage,13,835.62,2025-01-30,Yes,Sweden
3747,Margaret Zuniga,Green Tea,Food & Beverage,13,173.77,2026-11-30,Yes,Mexico
3748,Eric Blankenship,Monitor,Electronics,15,206.15,2025-03-18,Yes,Singapore
3749,Shirley Harmon,T-Shirt,Clothing,15,1364.7,2025-11-14,No,Singapore
3750,Rose Silva,Bed,Furniture,3,630.81,2025-03-26,Yes,Italy
3751,Jo Copeland,Scarf,Clothing,5,1642.92,2024-07-15,Yes,Brazil
3752,Joseph Espinoza,Jeans,Clothing,2,590.44,2026-10-04,Yes,South Korea
3753,Vanessa Gonzalez,Scarf,Clothing,15,418.66,2026-01-15,Yes,Brazil
3754,Danny Smith,Bookshelf,Furniture,14,2235.07,2025-09-04,Yes,China
3755,Eric Quinn,Bread,Food & Beverage,14,540.79,2025-08-05,Yes,Canada
3756,Robert Lang,Juice,Food & Beverage,14,1575.82,2026-04-16,Yes,Uk
3757,Nancy Hughes,Snack Bar,Food & Beverage,15,1946.88,2024-06-27,Yes,Uk
3758,Antonio Smith,Tape,Stationery,5,294.82,2025-04-08,Yes,Sweden
3759,Holly Crosby,Laptop,Electronics,3,2109.71,2025-04-01,Yes,Netherlands
3760,Denise Conley,Juice,Food & Beverage,15,2484.38,2025-05-03,Yes,Italy
3761,Jessica Lopez,Stapler,Stationery,7,1842.18,2026-12-16,Yes,Mexico
3762,Megan Craig,Sneakers,Clothing,1,1627.33,2024-09-08,Yes,France
3763,Amy Morris,Sofa,Furniture,5,126.68,2024-01-24,Yes,Canada
3764,Elizabeth Lopez,Snack Bar,Food & Beverage,1,669.28,2025-06-14,Yes,Brazil
3765,Charles Hurley,T-Shirt,Clothing,1,2109.63,2024-10-21,Yes,Japan
3766,Ronald Martin,Bottled Water,Food & Beverage,7,1175.51,2026-02-24,Yes,United States
3767,Miss Vanessa Hampton,Jacket,Clothing,2,1921.06,2024-08-06,Yes,Singapore
3768,Diane Bradley,T-Shirt,Clothing,14,78.14,2024-04-06,Yes,Spain
3769,Leah Thomas,Hat,Clothing,1,195.28,2026-06-09,Yes,Uae
3770,Todd Odonnell,Coffee Beans,Food & Beverage,8,1344.32,2025-05-02,No,Sweden
3771,Bradley Soto,Sneakers,Clothing,4,179.78,2026-01-12,Yes,South Africa
3772,Kristen Cortez,Dining Table,Furniture,3,773.92,2026-10-24,Yes,Australia
3773,Vernon Richardson,Pencil,Stationery,8,1516.8,2026-06-04,No,United States
3774,Stanley Whitney,File Cabinet,Furniture,14,352.12,2026-04-10,Yes,Netherlands
3775,Brittney Ramirez,Dining Table,Furniture,4,1548.43,2025-10-19,Yes,Germany
3776,Shannon Ross,Coffee Beans,Food & Beverage,9,1154.83,2026-11-01,No,Brazil
3777,Michael Kirk,Bookshelf,Furniture,9,1788.48,2025-01-23,Yes,Uae
3778,Whitney White,Pencil,Stationery,8,14.88,2024-08-06,Yes,South Korea
3779,Greg Davis,Pen,Stationery,15,1721.34,2025-10-31,Yes,South Africa
3780,Steven Bauer,Bookshelf,Furniture,3,1257.61,2025-04-22,No,France
3781,Brandi Berry,Snack Bar,Food & Beverage,11,1245.33,2025-11-18,Yes,Uk
3782,Jennifer Roman,Jacket,Clothing,7,1085.49,2024-05-04,No,Sweden
3783,Jason Mills,Pen,Stationery,7,2380.73,2026-06-28,No,Spain
3784,Alexander Moran,Mouse,Electronics,7,1933.31,2024-10-09,Yes,Uk
3785,Jennifer Combs DVM,Hat,Clothing,6,1329.52,2026-10-07,Yes,United States
3786,Timothy Ramirez,Bed,Furniture,13,410.2,2024-08-06,No,Uk
3787,Alyssa Washington,Monitor,Electronics,10,2429.31,2025-08-16,No,India
3788,Mary Morgan,Sofa,Furniture,9,2255.42,2025-02-02,Yes,Sweden
3789,Samantha Snow,File Cabinet,Furniture,8,1835.67,2024-04-01,Yes,China
3790,Jerome Fields,Ruler,Stationery,10,1050.19,2026-09-24,Yes,Spain
3791,Cory Anderson,Desk Lamp,Furniture,7,2012.44,2026-03-25,Yes,Uk
3792,Erin Adams,Standing Desk,Furniture,1,2002.61,2025-01-03,Yes,Italy
3793,Derek Vincent,Tape,Stationery,6,281.9,2025-01-24,No,Singapore
3794,Victoria Douglas,Hat,Clothing,13,16.61,2025-10-01,Yes,South Africa
3795,Rachel Williams,USB Drive,Electronics,14,1865.39,2026-07-19,Yes,Sweden
3796,George Gomez,File Cabinet,Furniture,4,1546.72,2024-04-20,Yes,Argentina
3797,Diana Burke,USB Drive,Electronics,13,1608.98,2026-05-11,Yes,Sweden
3798,Luis Fowler,T-Shirt,Clothing,7,1223.85,2025-04-03,No,India
3799,Jonathan Fernandez,Bottled Water,Food & Beverage,15,2158.53,2025-11-24,Yes,Mexico
3800,Jennifer Mitchell,Mouse,Electronics,3,2270.21,2025-09-25,Yes,South Africa
3801,David Pena,Mouse,Electronics,9,2346.35,2026-03-04,No,Canada
3802,Carrie Russell,Socks,Clothing,3,1057.3,2024-06-08,Yes,Mexico
3803,Andrew Hall,Sneakers,Clothing,2,1614.46,2024-01-25,No,Uae
3804,Brandy Clark,Juice,Food & Beverage,3,1991.13,2026-06-30,Yes,Netherlands
3805,Jeremy Mason,Bookshelf,Furniture,2,2229.64,2025-12-20,Yes,Mexico
3806,Christopher Williams,Standing Desk,Furniture,5,2017.17,2026-03-17,Yes,China
3807,Jessica Allen,Pen,Stationery,10,1806.31,2026-04-01,Yes,Argentina
3808,Adam Conrad,T-Shirt,Clothing,15,1960.28,2026-01-04,Yes,South Africa
3809,Tiffany Welch,Eraser,Stationery,11,385.79,2024-03-29,No,Singapore
3810,Mr. Benjamin Jackson,Eraser,Stationery,10,1332.6,2026-06-19,Yes,Spain
3811,Jordan Mccormick,Green Tea,Food & Beverage,15,118.75,2024-07-14,Yes,China
3812,Hunter Benitez,Bottled Water,Food & Beverage,10,1016.71,2024-07-10,Yes,Spain
3813,Catherine Flores,Bed,Furniture,3,1764.49,2024-10-16,No,Singapore
3814,Jennifer Watson,Green Tea,Food & Beverage,15,773.35,2025-11-20,Yes,Japan
3815,Jack Wheeler,Snack Bar,Food & Beverage,8,834.07,2026-12-28,Yes,Germany
3816,Shannon Nelson,Sneakers,Clothing,14,215.09,2026-08-13,No,Uk
3817,Raymond Anderson,Eraser,Stationery,5,1172.12,2024-03-07,Yes,United States
3818,Brian Hill,Tape,Stationery,9,1471.38,2025-08-16,No,Sweden
3819,Samuel Williams,Jeans,Clothing,11,2091.3,2026-07-02,No,Canada
3820,Debra Zimmerman,Standing Desk,Furniture,7,1885.66,2025-01-12,No,Italy
3821,Teresa Wood,Hat,Clothing,2,1483.76,2024-10-16,Yes,India
3822,Chris Taylor,Notebook,Stationery,11,469.24,2026-08-10,No,Australia
3823,Joyce Davis,Hat,Clothing,10,1666.67,2026-10-13,No,Germany
3824,Annette Young,Keyboard,Electronics,12,2474.33,2026-08-19,No,Argentina
3825,Laura Jones,Pencil,Stationery,6,1887.75,2026-05-16,No,Australia
3826,Kayla Holloway,T-Shirt,Clothing,2,892.47,2026-09-10,No,Sweden
3827,Kayla Ross,Mouse,Electronics,12,23.3,2026-10-12,Yes,Japan
3828,Andrea Jennings,Jeans,Clothing,12,1390.64,2024-01-12,Yes,Spain
3829,Karl Weaver,Headphones,Electronics,4,617.68,2026-02-20,Yes,Mexico
3830,Adam Turner,Bed,Furniture,10,1142.45,2024-11-19,Yes,China
3831,Gary Nelson,Green Tea,Food & Beverage,4,1100.4,2026-08-15,Yes,Singapore
3832,Jeffrey Lester,Glue Stick,Stationery,9,861.88,2026-01-17,Yes,South Korea
3833,Jimmy Greer,Bottled Water,Food & Beverage,6,6.35,2025-12-15,No,India
3834,Travis Oconnor,Scarf,Clothing,7,2092.58,2026-09-23,Yes,Spain
3835,Matthew Lawson,Tablet,Electronics,8,645.32,2024-12-03,No,France
3836,Alexis Stark,Jeans,Clothing,2,1092.56,2026-11-14,Yes,Uk
3837,Corey Henderson,Keyboard,Electronics,6,1248.71,2024-12-19,Yes,Italy
3838,Darrell Evans,Keyboard,Electronics,11,600.74,2026-08-23,Yes,Uk
3839,Clifford Smith,Laptop,Electronics,12,1327.15,2026-11-19,Yes,India
3840,James Lawson,File Cabinet,Furniture,4,771.47,2024-07-28,Yes,Sweden
3841,David Crawford,Glue Stick,Stationery,14,1575.56,2026-05-26,Yes,Australia
3842,Christine Shaw,Jacket,Clothing,9,2209.26,2026-01-23,No,Australia
3843,David Medina,Snack Bar,Food & Beverage,3,2446.01,2024-07-13,Yes,Germany
3844,Charles White,Pen,Stationery,4,1367.22,2026-05-04,Yes,Spain
3845,Kendra Gonzalez,Jeans,Clothing,9,1486.66,2025-12-04,No,Italy
3846,Shirley Kelly,Bread,Food & Beverage,11,83.14,2025-03-02,Yes,France
3847,Ryan Jensen,Standing Desk,Furniture,5,2420.25,2025-07-10,Yes,South Africa
3848,Jacqueline Jackson,Coffee Beans,Food & Beverage,10,1763.61,2025-04-26,Yes,Netherlands
3849,Ashlee Brown,Mouse,Electronics,13,169.4,2025-12-18,No,United States
3850,Katherine Gonzalez,Sneakers,Clothing,7,911.68,2026-05-31,No,China
3851,Erin Garcia,USB Drive,Electronics,4,437.97,2025-02-10,Yes,South Africa
3852,Morgan Weber,Eraser,Stationery,7,1429.84,2024-01-27,Yes,Spain
3853,Rachel Little,Bed,Furniture,6,1780.38,2026-01-30,Yes,Uae
3854,Joshua Abbott,Office Chair,Furniture,9,873.43,2025-03-09,Yes,Uk
3855,Mark Woodard,Pencil,Stationery,11,2408.67,2026-09-01,Yes,Sweden
3856,Holly Hess,Bottled Water,Food & Beverage,10,317.0,2025-04-08,Yes,India
3857,Scott Fields,Bread,Food & Beverage,9,2229.49,2025-10-18,No,South Korea
3858,Albert Proctor,Juice,Food & Beverage,4,640.39,2026-01-26,Yes,Japan
3859,Anthony Johnson,Desk Lamp,Furniture,11,389.15,2025-02-22,No,Spain
3860,Holly Brown,Tape,Stationery,7,1161.19,2025-07-02,Yes,Australia
3861,Keith Knight,Keyboard,Electronics,2,402.1,2024-07-20,Yes,Singapore
3862,Joseph Herrera,Glue Stick,Stationery,12,852.48,2024-04-20,Yes,France
3863,Sara Lawson,Monitor,Electronics,14,569.31,2025-02-14,No,Singapore
3864,Olivia Howard,Socks,Clothing,12,2307.69,2025-12-26,No,Canada
3865,Francisco Fitzgerald,Printer,Electronics,14,2263.68,2024-08-19,No,Singapore
3866,Jordan Wilkinson,Hat,Clothing,11,580.13,2025-06-04,No,Uae
3867,Amanda Stephenson,Mouse,Electronics,5,326.27,2025-03-01,No,Uae
3868,Adriana Barrett,Laptop,Electronics,12,768.04,2026-11-14,Yes,United States
3869,Shari Guerrero,Smartphone,Electronics,14,331.21,2025-11-25,Yes,Australia
3870,Savannah Taylor,Tape,Stationery,5,721.75,2025-04-06,No,Germany
3871,William Benson,Laptop,Electronics,1,2291.72,2025-01-20,Yes,Singapore
3872,Shelly Key,Pen,Stationery,7,966.94,2025-10-05,Yes,France
3873,David Porter,Ruler,Stationery,7,2269.82,2025-09-10,Yes,Australia
3874,Leslie Rodriguez,Coffee Beans,Food & Beverage,2,1541.68,2025-06-16,Yes,Canada
3875,Michael Wilcox,Bookshelf,Furniture,6,1668.2,2024-02-21,No,Italy
3876,Shirley Lawrence,Coffee Beans,Food & Beverage,9,1532.76,2025-01-05,Yes,India
3877,William Wong,Smartphone,Electronics,3,100.64,2024-02-20,Yes,Uae
3878,Gregory Hensley,Bed,Furniture,1,1489.82,2024-03-21,No,South Africa
3879,Michelle Cobb,Jacket,Clothing,2,588.23,2024-12-30,Yes,South Korea
3880,Dr. Ashley Wilson,Green Tea,Food & Beverage,8,1238.47,2025-01-12,Yes,China
3881,Cody Greene,Notebook,Stationery,7,92.7,2024-05-14,No,Australia
3882,Michael Ewing,Socks,Clothing,12,221.2,2025-04-12,Yes,Japan
3883,Reginald Wells,Bed,Furniture,7,1360.46,2024-09-17,Yes,Brazil
3884,Anthony Brown,Stapler,Stationery,15,2443.56,2024-06-15,Yes,Germany
3885,Sarah Kelly,Bread,Food & Beverage,7,1956.05,2025-02-17,No,Uk
3886,Amanda Smith,Jeans,Clothing,9,427.27,2024-10-23,Yes,Uae
3887,Madison Hartman,Bottled Water,Food & Beverage,10,1443.07,2025-10-19,No,Argentina
3888,Jennifer Garcia,Juice,Food & Beverage,1,1738.55,2025-06-17,Yes,Argentina
3889,Kristen Brown,Tablet,Electronics,7,1889.51,2025-06-09,Yes,France
3890,Louis Mullen,Hat,Clothing,5,895.73,2025-09-30,Yes,China
3891,Richard Jordan,Stapler,Stationery,8,1947.02,2026-06-26,Yes,Italy
3892,Jason Harris,Keyboard,Electronics,8,1077.61,2026-08-14,No,Brazil
3893,Katherine Schneider,Standing Desk,Furniture,1,1471.26,2025-10-04,Yes,Netherlands
3894,Carolyn Smith,Dining Table,Furniture,7,1428.97,2025-02-26,Yes,Sweden
3895,James Cole,Mouse,Electronics,6,946.08,2026-03-20,Yes,South Korea
3896,Cory Duarte,File Cabinet,Furniture,2,1456.16,2026-09-18,Yes,Argentina
3897,Danny Watson,File Cabinet,Furniture,7,1627.23,2025-08-18,Yes,Uae
3898,Tiffany Lutz,File Cabinet,Furniture,12,1647.26,2025-07-09,No,Canada
3899,Dawn Green,Notebook,Stationery,2,712.48,2025-11-02,Yes,Australia
3900,James Greene,File Cabinet,Furniture,5,1727.47,2026-02-15,Yes,Singapore
3901,Daniel Zamora,Pencil,Stationery,1,1916.07,2024-02-12,Yes,Canada
3902,Taylor Flynn,Bed,Furniture,2,636.4,2024-12-14,Yes,South Africa
3903,Mr. Andrew Schneider,Jacket,Clothing,2,852.89,2026-06-06,No,Uae
3904,Cheryl Hayes,Ruler,Stationery,2,1387.25,2024-04-18,Yes,United States
3905,Aaron Ramirez,Tablet,Electronics,8,624.58,2024-03-04,Yes,Argentina
3906,Jennifer Adams,Stapler,Stationery,6,55.65,2026-05-01,Yes,Uk
3907,Tracey Alvarado,Socks,Clothing,5,1207.9,2025-12-20,Yes,Canada
3908,Jackson Pierce,Desk Lamp,Furniture,2,2094.09,2024-09-21,Yes,Italy
3909,Michael Avila,Socks,Clothing,15,803.2,2024-06-24,Yes,United States
3910,Michael James,Jacket,Clothing,1,735.82,2026-10-10,Yes,Canada
3911,Bryce Espinoza,USB Drive,Electronics,12,2436.79,2026-07-01,Yes,Singapore
3912,Samantha James,Juice,Food & Beverage,7,2064.95,2025-10-19,Yes,Brazil
3913,Natalie Watts,Green Tea,Food & Beverage,3,1956.45,2026-06-23,No,Uk
3914,Yolanda Jones,USB Drive,Electronics,8,2336.48,2025-10-13,Yes,Netherlands
3915,Cindy Jimenez,Standing Desk,Furniture,13,2007.59,2024-04-09,Yes,India
3916,Amy Johnson,Green Tea,Food & Beverage,15,982.82,2024-07-11,No,Germany
3917,Chase Wright,Hat,Clothing,1,230.5,2026-01-05,Yes,Sweden
3918,Mr. Vincent Pruitt,Pen,Stationery,13,275.12,2026-11-19,No,France
3919,Todd Horton,Sofa,Furniture,12,291.75,2024-05-31,Yes,Canada
3920,Christine Lewis,Stapler,Stationery,2,367.71,2024-04-08,Yes,Australia
3921,William Tyler,Tape,Stationery,1,1790.67,2024-09-24,No,France
3922,Kent Medina,Mouse,Electronics,5,85.16,2026-10-11,Yes,Uae
3923,Angela Walker DDS,Coffee Beans,Food & Beverage,13,1489.33,2026-01-21,Yes,Netherlands
3924,James Carroll,Socks,Clothing,1,2357.7,2026-09-01,No,Japan
3925,Ricky Adams,Stapler,Stationery,10,1099.43,2024-12-01,No,Germany
3926,Christopher Thompson,USB Drive,Electronics,7,2198.74,2025-06-10,No,Japan
3927,Rebekah Griffin,Snack Bar,Food & Beverage,14,2335.74,2026-04-20,Yes,Netherlands
3928,Theresa Levy,Socks,Clothing,2,1331.5,2024-04-29,Yes,South Africa
3929,Rebecca Medina,USB Drive,Electronics,1,1136.93,2026-03-25,Yes,Uae
3930,Rebecca Sherman,Stapler,Stationery,12,203.0,2025-04-23,Yes,South Africa
3931,Paula Liu,Tape,Stationery,7,1130.82,2025-08-03,No,Germany
3932,Gabriella Hernandez,Coffee Beans,Food & Beverage,7,469.7,2024-09-03,Yes,France
3933,Jeffrey Davis,Bookshelf,Furniture,15,718.1,2024-01-11,Yes,Spain
3934,Michael Ruiz,Keyboard,Electronics,9,2360.87,2024-06-06,No,China
3935,Dennis Ford,Pencil,Stationery,8,105.69,2026-10-30,Yes,Argentina
3936,Diane James,Smartphone,Electronics,2,894.03,2024-10-23,Yes,Mexico
3937,Jonathan Gaines,Pencil,Stationery,14,2376.88,2024-05-09,Yes,Australia
3938,Joshua Burnett,Webcam,Electronics,12,1998.21,2026-03-13,Yes,Uae
3939,Anthony Sanders,Webcam,Electronics,10,1853.34,2026-12-16,Yes,Italy
3940,Toni Valencia,Bottled Water,Food & Beverage,10,1561.32,2026-10-12,Yes,China
3941,Natalie Murray,Sneakers,Clothing,8,875.02,2024-06-08,No,Japan
3942,Michael Mendez,Keyboard,Electronics,8,2420.59,2024-06-30,Yes,Sweden
3943,Heidi Ponce,Snack Bar,Food & Beverage,2,1868.05,2026-11-30,No,France
3944,Melissa Mullen,Monitor,Electronics,8,2190.11,2024-07-21,Yes,United States
3945,Cynthia Avila,Ruler,Stationery,1,1498.39,2025-05-11,No,India
3946,Terry Richmond,File Cabinet,Furniture,9,2322.21,2026-01-12,No,South Africa
3947,Emily Burns,Standing Desk,Furniture,15,43.48,2024-11-11,Yes,Brazil
3948,Richard Palmer,Glue Stick,Stationery,14,28.92,2024-07-27,No,Germany
3949,Timothy Best,Monitor,Electronics,13,899.47,2025-05-10,No,Argentina
3950,Jordan Horton,T-Shirt,Clothing,3,2318.93,2026-04-14,Yes,China
3951,Brianna Martin,Coffee Beans,Food & Beverage,8,1819.54,2024-10-02,Yes,South Korea
3952,Nichole Lynch,Jacket,Clothing,8,1302.98,2024-07-30,No,Australia
3953,Nicole Andrews,Mouse,Electronics,7,1146.07,2026-10-03,Yes,Australia
3954,Jason Huang,Eraser,Stationery,3,711.45,2026-10-01,Yes,Sweden
3955,Jesse Kim,Glue Stick,Stationery,8,2368.9,2025-12-01,Yes,United States
3956,Melanie Reyes,Pencil,Stationery,9,835.65,2026-03-03,Yes,Netherlands
3957,Cody Briggs,Headphones,Electronics,13,839.86,2026-03-19,Yes,Sweden
3958,Anthony Wilson,Smartphone,Electronics,7,1718.91,2026-06-13,Yes,Netherlands
3959,Jennifer Erickson,Tablet,Electronics,13,1210.48,2026-01-21,Yes,Spain
3960,Andrea Johnston,Green Tea,Food & Beverage,1,2293.28,2025-06-01,Yes,Argentina
3961,Oscar Newton,Pen,Stationery,13,520.91,2024-10-26,Yes,Germany
3962,Dominic Cooper,Coffee Beans,Food & Beverage,5,507.09,2025-11-26,Yes,China
3963,David Levine,USB Drive,Electronics,1,518.06,2026-05-30,Yes,Japan
3964,Alex Doyle,Socks,Clothing,14,1950.74,2024-08-31,Yes,France
3965,Kelly Harris,Tape,Stationery,1,2331.65,2026-12-20,Yes,Australia
3966,Olivia Obrien,Sofa,Furniture,3,2296.1,2026-06-14,Yes,Argentina
3967,Kurt Bradley,Sneakers,Clothing,14,798.6,2025-12-26,No,Singapore
3968,Cole Whitney,Stapler,Stationery,2,893.97,2026-07-07,Yes,China
3969,Michael Jackson,Standing Desk,Furniture,12,1811.87,2026-07-05,Yes,Australia
3970,Kyle Cross,Standing Desk,Furniture,8,1010.52,2025-11-04,Yes,South Africa
3971,Wendy Logan,File Cabinet,Furniture,3,1956.64,2024-09-01,No,Netherlands
3972,Annette Kirby,Keyboard,Electronics,9,138.52,2026-11-08,Yes,India
3973,Carla Richardson,Jacket,Clothing,13,770.75,2024-09-25,Yes,Australia
3974,Tim Walsh,Juice,Food & Beverage,1,495.45,2024-05-24,Yes,India
3975,Lisa Freeman,Green Tea,Food & Beverage,6,2167.49,2024-05-18,Yes,Italy
3976,Julie Lara,Headphones,Electronics,4,956.29,2025-06-26,Yes,South Africa
3977,Michael Nunez,Glue Stick,Stationery,12,1248.8,2025-01-23,Yes,Mexico
3978,Jack Morgan,Sneakers,Clothing,15,1311.3,2024-09-06,No,France
3979,David Sims,Smartphone,Electronics,13,1641.48,2026-01-05,Yes,Argentina
3980,Amanda Bryant,Sneakers,Clothing,7,1245.41,2026-02-18,Yes,Singapore
3981,Richard Jackson,Hat,Clothing,13,1335.94,2025-02-25,Yes,Italy
3982,Patrick Rodriguez,Laptop,Electronics,4,2420.24,2024-11-15,Yes,Germany
3983,Dylan Kelly,Bookshelf,Furniture,13,64.49,2024-01-05,Yes,Uae
3984,Michael Smith,Bed,Furniture,14,36.58,2026-12-15,No,Italy
3985,Amy Wright,Green Tea,Food & Beverage,12,1530.33,2025-10-14,Yes,South Korea
3986,James Berry,Scarf,Clothing,9,2133.13,2025-06-30,No,Japan
3987,Louis Taylor,Pen,Stationery,4,1053.52,2025-03-03,No,France
3988,Jose Reilly,Scarf,Clothing,2,1157.75,2026-09-05,No,South Africa
3989,Aaron Barry,Sofa,Furniture,10,2363.24,2026-12-08,No,Spain
3990,Joshua Collins,Stapler,Stationery,13,1191.1,2026-01-31,Yes,Brazil
3991,Abigail Mitchell,Jacket,Clothing,6,862.58,2026-05-03,Yes,Uk
3992,Michelle Rangel,Desk Lamp,Furniture,2,1869.26,2024-02-05,Yes,South Africa
3993,Howard Anderson,Bookshelf,Furniture,5,879.6,2024-03-02,Yes,Sweden
3994,Debra Compton,Webcam,Electronics,6,366.11,2025-01-28,No,Japan
3995,Isaac Juarez,Dining Table,Furniture,7,1822.9,2024-05-17,Yes,Italy
3996,Cynthia Frank,Bed,Furniture,2,626.75,2026-04-28,Yes,Australia
3997,Michael Baker,Tablet,Electronics,6,367.72,2025-11-29,No,Singapore
3998,Nicholas Andrews,Dining Table,Furniture,12,229.15,2025-08-23,Yes,Uae
3999,Diane Solis,Bread,Food & Beverage,10,817.23,2026-03-26,No,Canada
4000,Timothy Contreras,Coffee Beans,Food & Beverage,4,1059.64,2026-08-16,Yes,Uae
4001,Hannah Joseph,Snack Bar,Food & Beverage,6,2395.7,2024-06-01,No,United States
4002,Rachel Peterson,Eraser,Stationery,1,1700.64,2024-06-27,No,Argentina
4003,Mark Hinton,Desk Lamp,Furniture,4,2430.11,2025-05-12,Yes,United States
4004,Lisa Kelly,Printer,Electronics,13,1364.74,2026-08-01,Yes,Italy
4005,Emily Gray,Notebook,Stationery,13,1131.17,2025-07-26,Yes,Uk
4006,Victor Myers,Tape,Stationery,4,1114.1,2024-09-27,Yes,Mexico
4007,Andrea Curtis,Office Chair,Furniture,7,962.41,2025-10-30,No,Canada
4008,Erica Gonzales,Eraser,Stationery,7,905.31,2026-07-30,Yes,Germany
4009,Kim Evans,Eraser,Stationery,7,95.52,2025-03-09,Yes,Australia
4010,Andrew Lopez,Tablet,Electronics,6,2021.03,2025-01-05,Yes,South Africa
4011,Tracy White,Jeans,Clothing,9,2094.49,2026-11-23,Yes,Australia
4012,Douglas Vargas,Scarf,Clothing,5,2081.36,2026-03-25,No,Mexico
4013,Jason Mcgrath,Hat,Clothing,14,736.43,2024-04-28,Yes,Argentina
4014,John Frank,T-Shirt,Clothing,4,734.35,2026-10-05,Yes,Canada
4015,David Clark,Glue Stick,Stationery,11,2121.46,2025-10-05,Yes,Singapore
4016,Tina Cruz,Socks,Clothing,3,1933.1,2026-04-28,No,Uae
4017,James Cantu,Stapler,Stationery,2,396.07,2024-11-10,No,Uae
4018,Jacob King,Pencil,Stationery,2,242.75,2025-12-15,Yes,Japan
4019,Mary Boone,Tablet,Electronics,3,819.79,2026-07-23,Yes,Netherlands
4020,Leah Braun,Pen,Stationery,12,13.71,2026-10-28,Yes,France
4021,Patricia Mccarthy,Snack Bar,Food & Beverage,15,1534.99,2026-08-24,No,Japan
4022,Eric Dunn,Tape,Stationery,15,385.71,2024-09-16,No,South Korea
4023,Brian Murray,Green Tea,Food & Beverage,12,2133.45,2026-03-02,No,Australia
4024,Morgan Powers,Monitor,Electronics,13,503.5,2025-09-23,No,Uae
4025,Andrea Marsh,Sofa,Furniture,9,1813.4,2025-05-04,Yes,Australia
4026,Jonathon Morris,Pencil,Stationery,12,487.23,2026-01-25,No,Spain
4027,Brianna Smith,Jeans,Clothing,14,505.69,2025-10-17,Yes,France
4028,Shannon Krueger,Bread,Food & Beverage,15,510.32,2025-12-21,No,Canada
4029,Brian Fletcher,Socks,Clothing,12,1330.03,2024-07-16,Yes,Sweden
4030,Nathaniel Nguyen,Notebook,Stationery,3,1852.94,2026-12-19,Yes,Canada
4031,Ethan Klein,Desk Lamp,Furniture,9,126.58,2024-08-06,Yes,South Korea
4032,Larry Davis,Webcam,Electronics,15,670.24,2024-11-10,Yes,Uk
4033,Dana Jones,Sneakers,Clothing,3,585.23,2026-06-01,Yes,South Korea
4034,Rebecca Acosta,Mouse,Electronics,2,345.56,2024-02-01,Yes,Singapore
4035,Erin Cochran,Stapler,Stationery,12,1561.79,2024-01-08,No,Canada
4036,Autumn Schultz,Desk Lamp,Furniture,6,2387.44,2025-11-07,No,Sweden
4037,Angela Baker,Bottled Water,Food & Beverage,15,969.17,2026-03-21,No,Mexico
4038,Dr. Jose Mckenzie DVM,Jacket,Clothing,11,1824.52,2024-04-26,Yes,South Korea
4039,Diane Strickland,Pen,Stationery,3,2337.7,2025-10-16,Yes,Argentina
4040,Leslie Vasquez,Jeans,Clothing,11,1708.33,2026-07-27,Yes,Brazil
4041,Samantha Mcbride,Scarf,Clothing,9,2168.74,2024-10-28,Yes,France
4042,Christian Miller,Hat,Clothing,6,2113.25,2026-12-07,Yes,Italy
4043,Marilyn Duncan,Keyboard,Electronics,1,180.24,2025-09-16,Yes,China
4044,Clinton Santos,Juice,Food & Beverage,8,390.15,2025-12-19,Yes,Brazil
4045,Christopher Klein,Juice,Food & Beverage,4,335.85,2025-10-21,Yes,Australia
4046,Scott Sutton,Dining Table,Furniture,2,249.93,2026-09-30,Yes,Uk
4047,Charles Gonzalez,Sneakers,Clothing,5,2485.45,2026-11-13,No,China
4048,Emily Jackson,Ruler,Stationery,5,1567.61,2024-11-04,Yes,Singapore
4049,Samuel Simmons,Juice,Food & Beverage,4,1203.7,2024-05-25,Yes,United States
4050,Shelley Kelley,Pencil,Stationery,3,323.29,2026-12-08,Yes,Brazil
4051,George Mendoza,Bottled Water,Food & Beverage,14,1108.54,2026-10-04,Yes,India
4052,Mrs. Sandra Mccann,Jacket,Clothing,9,489.33,2024-08-25,Yes,China
4053,Toni Armstrong,Scarf,Clothing,13,2362.2,2026-11-01,No,United States
4054,Emily Alexander,Bottled Water,Food & Beverage,9,1859.64,2025-10-12,Yes,Argentina
4055,Pamela Schwartz,Pen,Stationery,12,1379.47,2025-10-11,Yes,South Korea
4056,Kimberly Page,Keyboard,Electronics,8,1065.61,2024-07-10,No,France
4057,Arthur Ross,Dining Table,Furniture,14,1679.77,2026-04-10,Yes,Brazil
4058,Cole Bridges,Keyboard,Electronics,15,1318.25,2025-03-15,Yes,Uae
4059,Craig Todd,Scarf,Clothing,7,728.07,2026-09-24,Yes,India
4060,Catherine Ramirez,Tape,Stationery,7,2423.34,2026-05-30,No,Singapore
4061,Sean Johnson,Pen,Stationery,7,2292.26,2024-01-31,No,Sweden
4062,Andrew Brown,Snack Bar,Food & Beverage,1,2290.39,2024-03-21,No,Singapore
4063,Kelly Johnson,Socks,Clothing,4,2452.04,2024-07-25,Yes,Sweden
4064,Amanda Johnson,Laptop,Electronics,6,1920.51,2026-12-13,No,Brazil
4065,Riley Joseph,Snack Bar,Food & Beverage,14,1559.33,2026-05-12,Yes,South Korea
4066,Richard Maxwell,Coffee Beans,Food & Beverage,6,245.89,2026-10-31,No,Uae
4067,David Moon,Webcam,Electronics,3,326.92,2026-04-18,No,Japan
4068,Michael Cochran,Mouse,Electronics,2,111.69,2025-11-07,Yes,South Africa
4069,Dennis White,Notebook,Stationery,14,546.61,2026-07-26,Yes,South Africa
4070,Michelle Long,Stapler,Stationery,8,528.43,2025-06-16,No,Sweden
4071,Michael Harvey,Socks,Clothing,1,161.65,2026-10-04,Yes,Spain
4072,Wendy Hansen,Laptop,Electronics,14,1673.15,2025-01-20,Yes,Singapore
4073,Jacob Smith MD,Notebook,Stationery,14,1516.04,2025-09-02,No,South Africa
4074,Brenda Richardson,Bread,Food & Beverage,10,508.98,2025-08-02,No,Canada
4075,Tonya Holloway,Snack Bar,Food & Beverage,11,2324.22,2024-09-06,Yes,Germany
4076,Sharon Johnson,Coffee Beans,Food & Beverage,7,52.11,2024-03-10,Yes,Sweden
4077,Diana Robbins,Stapler,Stationery,13,2230.68,2025-03-04,Yes,South Africa
4078,Kathryn Woods,Jeans,Clothing,10,326.35,2024-08-22,Yes,Mexico
4079,Veronica Hughes,Desk Lamp,Furniture,1,2387.09,2024-05-30,Yes,South Africa
4080,Kristy Smith,Glue Stick,Stationery,9,623.42,2024-09-05,No,France
4081,Christine Bowman,Bed,Furniture,11,857.28,2024-11-17,Yes,Japan
4082,Teresa Livingston,T-Shirt,Clothing,11,2387.64,2025-05-16,No,Italy
4083,Michael Johnson,Mouse,Electronics,7,1034.94,2026-05-14,No,France
4084,Nicole Wilson,Ruler,Stationery,14,2296.04,2026-03-09,No,India
4085,Christopher Lopez,Pencil,Stationery,15,2287.28,2024-10-22,Yes,Uae
4086,Brandon Perez,Bed,Furniture,15,164.0,2025-02-16,No,South Africa
4087,Lori Fuller,Ruler,Stationery,15,361.74,2026-12-31,Yes,France
4088,Scott Perez,Ruler,Stationery,8,2299.85,2024-04-18,No,Canada
4089,Lori Key,Scarf,Clothing,2,1228.32,2025-02-28,No,Germany
4090,Maria Rivera,Bread,Food & Beverage,13,2222.29,2025-06-03,Yes,Brazil
4091,Matthew Fox,Keyboard,Electronics,8,788.89,2025-04-30,Yes,France
4092,Tyler Walker,Bottled Water,Food & Beverage,11,2011.77,2025-04-01,Yes,Netherlands
4093,Joshua Spence,Desk Lamp,Furniture,7,2397.3,2024-06-21,Yes,Mexico
4094,Daniel Green,Tablet,Electronics,12,1513.22,2025-03-30,Yes,Argentina
4095,Frank Diaz,Ruler,Stationery,10,1199.98,2024-12-01,Yes,France
4096,Sarah Horn,Bed,Furniture,6,1760.52,2026-01-22,No,Uk
4097,Brenda Moore,Bottled Water,Food & Beverage,14,2460.7,2026-05-13,Yes,Brazil
4098,Rebecca Hill,Bottled Water,Food & Beverage,1,429.95,2025-04-13,Yes,Italy
4099,John Mullen,Coffee Beans,Food & Beverage,9,982.24,2026-07-23,No,Spain
4100,Justin Howard,Socks,Clothing,4,277.02,2026-08-03,Yes,Argentina
4101,Brooke Rose,Coffee Beans,Food & Beverage,14,2178.97,2026-04-20,Yes,Spain
4102,Dustin Mcconnell,Ruler,Stationery,9,596.99,2025-02-25,Yes,Singapore
4103,Lisa Joseph,Desk Lamp,Furniture,11,359.01,2024-06-25,Yes,China
4104,Dr. Kevin Velazquez Jr.,File Cabinet,Furniture,8,1151.94,2024-11-08,Yes,China
4105,Carol Nixon,File Cabinet,Furniture,5,1470.23,2026-03-10,No,Netherlands
4106,Joy Mcdonald,Green Tea,Food & Beverage,13,1626.61,2024-10-25,Yes,Uk
4107,Ruth Williams,Pen,Stationery,5,1899.45,2026-02-19,No,South Africa
4108,Richard Welch,Keyboard,Electronics,7,1704.54,2024-11-07,Yes,Brazil
4109,Joshua Evans,Mouse,Electronics,12,982.14,2025-10-13,No,Brazil
4110,James Romero,Sneakers,Clothing,1,1319.14,2024-12-10,Yes,Spain
4111,Tony Martinez,Bookshelf,Furniture,6,1611.3,2024-11-30,Yes,Netherlands
4112,Peter Garcia,Ruler,Stationery,8,541.22,2024-10-23,No,Japan
4113,Jessica Brown,Snack Bar,Food & Beverage,5,534.96,2026-10-15,Yes,Argentina
4114,Kathleen Edwards,Hat,Clothing,5,918.25,2026-10-31,Yes,Uae
4115,Andrew Phillips,Mouse,Electronics,3,976.13,2025-11-11,Yes,Singapore
4116,Brandon Martinez,Notebook,Stationery,10,1792.82,2026-05-01,No,Netherlands
4117,Isaac Moore,Eraser,Stationery,7,2089.8,2025-10-29,Yes,Japan
4118,Robert Thomas,Bottled Water,Food & Beverage,2,1636.67,2026-09-04,Yes,South Korea
4119,Cynthia Austin,USB Drive,Electronics,12,1187.86,2025-04-01,Yes,Italy
4120,John Carr,Keyboard,Electronics,9,1953.35,2024-03-08,Yes,Germany
4121,Carrie Willis,Printer,Electronics,14,357.96,2024-02-27,Yes,Sweden
4122,Dawn Henry DDS,Headphones,Electronics,3,761.22,2025-08-19,No,France
4123,Daniel Matthews,Eraser,Stationery,10,1670.91,2026-07-23,Yes,Uae
4124,Benjamin Archer,Glue Stick,Stationery,4,2263.16,2024-11-16,No,Brazil
4125,Raymond Bailey,Bottled Water,Food & Beverage,5,1284.0,2025-07-27,Yes,Australia
4126,Noah Hogan,Hat,Clothing,12,896.7,2026-05-31,Yes,United States
4127,Christina Holmes,Dining Table,Furniture,6,2267.35,2026-03-08,Yes,South Korea
4128,Mikayla Turner,Sneakers,Clothing,13,2323.31,2026-10-06,No,Uae
4129,Michelle Avery,Sneakers,Clothing,2,1238.26,2024-07-19,Yes,Mexico
4130,Laura Harding,Standing Desk,Furniture,5,727.41,2025-05-03,Yes,Uae
4131,Ricardo Allen,Notebook,Stationery,8,172.81,2024-12-04,Yes,Uk
4132,Lawrence Conley,Bed,Furniture,13,216.51,2024-10-09,Yes,Uae
4133,Kevin Kramer,Juice,Food & Beverage,5,193.34,2024-01-30,Yes,Argentina
4134,Christopher Fuller,Dining Table,Furniture,14,1815.31,2024-08-24,Yes,France
4135,Nichole Knight,Bed,Furniture,1,2386.39,2024-12-05,Yes,Australia
4136,Holly Melton,Bed,Furniture,6,32.55,2026-12-04,Yes,Germany
4137,Kimberly Lewis,Bottled Water,Food & Beverage,10,1398.07,2024-01-12,No,Japan
4138,Susan Ortega,Laptop,Electronics,14,1366.98,2025-06-03,Yes,Japan
4139,Sean Rogers,Glue Stick,Stationery,10,560.76,2024-10-15,No,Japan
4140,Deborah Peterson,Socks,Clothing,10,1577.76,2025-03-29,Yes,Germany
4141,Kristin Moore,Socks,Clothing,7,887.86,2025-10-07,Yes,Canada
4142,Anthony Morgan,Glue Stick,Stationery,11,480.28,2025-08-10,No,Uk
4143,Eugene Wright,Bottled Water,Food & Beverage,8,1407.83,2024-12-01,No,Netherlands
4144,Christina Hernandez,Bottled Water,Food & Beverage,7,2240.81,2026-01-28,Yes,Uae
4145,Jean Morris,Bed,Furniture,12,1694.86,2024-05-04,Yes,India
4146,Alex Hobbs,Juice,Food & Beverage,12,2186.49,2026-12-09,Yes,Australia
4147,Timothy Contreras,Stapler,Stationery,12,1506.14,2026-03-05,Yes,China
4148,Michael Gibson,Pen,Stationery,10,1709.29,2024-07-04,Yes,France
4149,Christopher Reeves,Juice,Food & Beverage,12,572.87,2025-05-28,Yes,India
4150,Deborah Medina,Glue Stick,Stationery,2,792.84,2024-01-06,Yes,Spain
4151,Michael Graham,Sofa,Furniture,9,1016.7,2025-08-14,No,Uae
4152,Derek Jordan,Webcam,Electronics,8,411.93,2024-01-24,Yes,Mexico
4153,David Kline,Juice,Food & Beverage,2,1725.26,2026-09-09,No,Italy
4154,Jason Hill,Coffee Beans,Food & Beverage,10,2317.16,2026-09-04,Yes,China
4155,Adam Perez,Printer,Electronics,1,1480.25,2025-01-07,Yes,Sweden
4156,Zachary Harmon,Jacket,Clothing,2,972.65,2026-08-24,No,South Africa
4157,Misty Meyers,Jeans,Clothing,13,2120.08,2024-08-18,Yes,China
4158,Frank White,Glue Stick,Stationery,10,777.73,2026-03-01,No,Germany
4159,James Santos,Stapler,Stationery,2,1975.54,2025-10-18,Yes,Netherlands
4160,Robert Jones,Notebook,Stationery,10,630.84,2024-03-24,Yes,South Africa
4161,Amanda Proctor,Bread,Food & Beverage,6,870.67,2025-03-26,Yes,Argentina
4162,Brian Orr,Ruler,Stationery,12,1555.45,2025-06-01,Yes,United States
4163,Erica Reed,Webcam,Electronics,14,2117.67,2025-10-04,Yes,Sweden
4164,Tammy Bailey,Glue Stick,Stationery,3,2273.45,2026-01-16,Yes,Spain
4165,Barry Perez,Laptop,Electronics,4,671.61,2026-08-10,Yes,South Africa
4166,Michelle Cuevas,Desk Lamp,Furniture,1,218.52,2024-06-23,No,China
4167,Tiffany Suarez,Sneakers,Clothing,1,248.99,2024-05-03,Yes,Uae
4168,Shawn Williams,Scarf,Clothing,15,1327.94,2025-01-21,Yes,Singapore
4169,Matthew Garcia,Headphones,Electronics,13,459.33,2024-08-02,Yes,Uk
4170,Henry Roberts,Printer,Electronics,5,2045.18,2024-06-15,No,China
4171,John Savage,Printer,Electronics,7,2297.38,2025-03-05,Yes,Argentina
4172,Maria Gonzalez,Coffee Beans,Food & Beverage,3,947.87,2024-03-11,No,Australia
4173,Ashley Smith,Keyboard,Electronics,14,28.73,2025-06-21,Yes,Spain
4174,Jennifer Tran,Snack Bar,Food & Beverage,13,1471.25,2025-06-06,No,Spain
4175,Felicia Hansen,Coffee Beans,Food & Beverage,5,1665.02,2024-08-09,No,Canada
4176,William Schaefer,Printer,Electronics,1,1876.96,2026-01-21,Yes,India
4177,Alan Welch,Hat,Clothing,5,1274.97,2024-04-05,Yes,Singapore
4178,Adam Richards,Eraser,Stationery,11,1084.87,2024-09-19,No,United States
4179,Renee Davis,Mouse,Electronics,3,1037.22,2025-01-30,No,South Korea
4180,James Simpson,Headphones,Electronics,1,2155.61,2025-04-26,No,Netherlands
4181,Carmen Rivera,Snack Bar,Food & Beverage,3,1015.73,2025-12-13,Yes,Argentina
4182,George Moore,Dining Table,Furniture,2,930.09,2026-09-01,Yes,Netherlands
4183,John Payne,Monitor,Electronics,9,335.58,2025-07-13,Yes,South Africa
4184,Sara Reid,Jeans,Clothing,12,1939.24,2026-04-04,No,United States
4185,Kathryn Nichols,Eraser,Stationery,8,1644.9,2026-05-15,No,Brazil
4186,Kevin Powell,T-Shirt,Clothing,6,2407.95,2025-02-01,Yes,Spain
4187,Timothy Montoya,Glue Stick,Stationery,8,926.09,2025-05-10,Yes,Uae
4188,Jesus Mcconnell,Bed,Furniture,11,1619.88,2025-03-18,Yes,Argentina
4189,Bryan Roberson,Printer,Electronics,13,255.52,2025-01-26,Yes,Uae
4190,Drew Sullivan,Ruler,Stationery,11,233.45,2026-12-19,Yes,Spain
4191,Kerri Chavez,Bed,Furniture,12,10.2,2024-10-04,Yes,Spain
4192,Carla Henry,Jeans,Clothing,4,1313.73,2024-12-12,No,Canada
4193,Chad Stephenson,Jacket,Clothing,14,595.57,2025-10-28,Yes,Canada
4194,Kenneth Oconnell,Sneakers,Clothing,7,848.23,2025-09-11,No,Australia
4195,Jessica Jones,Notebook,Stationery,6,2492.78,2024-12-19,Yes,Uae
4196,Toni Taylor,Jeans,Clothing,11,85.98,2025-10-14,No,South Korea
4197,Michael Walker,Snack Bar,Food & Beverage,9,1747.77,2024-10-11,Yes,Uk
4198,Joan Austin,Keyboard,Electronics,7,73.01,2024-11-18,No,Spain
4199,Nicholas Jarvis,Dining Table,Furniture,6,1037.93,2024-09-04,Yes,Argentina
4200,Nicole Miranda DDS,Notebook,Stationery,9,328.86,2025-08-23,No,China
4201,Mary Ellison,Notebook,Stationery,13,531.73,2024-03-28,No,Canada
4202,April West,Bread,Food & Beverage,8,2472.19,2024-10-14,No,Italy
4203,Robert Gentry,Standing Desk,Furniture,13,2092.0,2024-03-23,No,Australia
4204,Janet Coleman MD,Stapler,Stationery,6,154.69,2024-04-05,Yes,South Korea
4205,Mark Reynolds,Ruler,Stationery,3,110.95,2024-11-22,Yes,China
4206,Lisa Espinoza,Tape,Stationery,1,852.95,2025-06-24,Yes,Brazil
4207,Miguel Nelson,Hat,Clothing,2,1487.16,2024-03-18,No,Brazil
4208,Carolyn Perez,Smartphone,Electronics,4,1902.01,2026-11-21,Yes,Italy
4209,Elaine Baldwin,Coffee Beans,Food & Beverage,11,453.46,2026-05-27,Yes,Australia
4210,Sandra Cunningham,Bed,Furniture,10,2462.18,2025-03-22,Yes,Japan
4211,Dr. Francis Santos,Headphones,Electronics,3,1498.97,2024-07-02,No,Argentina
4212,Jennifer Gentry,Dining Table,Furniture,2,1467.63,2024-03-14,Yes,Netherlands
4213,Cody Clark,Scarf,Clothing,11,2328.24,2025-02-25,No,Australia
4214,Kelly Moore,Mouse,Electronics,1,647.8,2025-12-29,Yes,Uk
4215,Ashley Long,Scarf,Clothing,12,1521.32,2024-07-17,No,Japan
4216,Diana Kim,T-Shirt,Clothing,5,1072.88,2026-11-09,Yes,Uk
4217,George Avila,Jeans,Clothing,9,1061.24,2026-12-11,Yes,Netherlands
4218,Alexa Bradley,Eraser,Stationery,10,1006.83,2025-06-20,Yes,Japan
4219,Tony Bennett,Socks,Clothing,12,1934.16,2024-10-05,Yes,China
4220,Melissa Brown MD,Webcam,Electronics,1,671.66,2024-05-23,No,Italy
4221,Glenda Chen,Laptop,Electronics,6,12.74,2025-03-09,No,Singapore
4222,Richard Sanchez,Webcam,Electronics,11,2478.87,2024-09-25,Yes,United States
4223,Gary Campbell,Mouse,Electronics,2,1142.68,2026-09-13,Yes,Uk
4224,Roger Johnson,T-Shirt,Clothing,9,1347.02,2025-12-21,Yes,Argentina
4225,Jessica Martinez,Jeans,Clothing,5,243.02,2024-03-02,Yes,South Africa
4226,Melissa Murillo,Snack Bar,Food & Beverage,10,2066.07,2025-05-05,Yes,Canada
4227,Roberto Campbell,Sneakers,Clothing,11,2083.59,2026-05-20,Yes,Sweden
4228,Kimberly Bryan,Laptop,Electronics,5,2032.49,2025-12-27,Yes,South Korea
4229,Joseph Davis,Ruler,Stationery,1,2267.08,2026-05-28,Yes,Mexico
4230,Dennis Weber,Keyboard,Electronics,15,1298.7,2025-07-16,Yes,Germany
4231,Timothy Johnson,Dining Table,Furniture,6,1181.22,2024-03-22,Yes,South Korea
4232,Jessica Perry,Smartphone,Electronics,10,542.87,2025-03-10,Yes,South Africa
4233,Gary Murphy,Office Chair,Furniture,10,2332.33,2025-01-19,Yes,China
4234,James Morris,Sneakers,Clothing,5,179.83,2026-11-23,No,United States
4235,Douglas Lopez,Desk Lamp,Furniture,4,2022.4,2026-02-23,Yes,Mexico
4236,Virginia Wade,Jeans,Clothing,8,2260.16,2025-09-06,No,India
4237,Angela Baxter,Bookshelf,Furniture,8,1013.38,2025-09-21,No,India
4238,Donald King,Webcam,Electronics,8,2390.26,2026-05-28,Yes,Italy
4239,Janet Ramsey,Eraser,Stationery,9,888.96,2026-02-21,Yes,Spain
4240,Autumn Evans,Headphones,Electronics,1,31.6,2026-08-07,Yes,Australia
4241,Nicole Welch,Headphones,Electronics,13,1095.99,2024-03-05,Yes,Italy
4242,Andrea Landry,Desk Lamp,Furniture,12,2190.7,2026-06-28,Yes,Brazil
4243,Desiree Henry,Pen,Stationery,3,375.46,2026-06-13,No,Germany
4244,Samantha Gonzalez,Bread,Food & Beverage,11,220.76,2026-06-19,Yes,Japan
4245,Linda Hancock,Juice,Food & Beverage,6,1254.66,2025-04-01,No,China
4246,Christopher Singleton,Desk Lamp,Furniture,7,29.13,2024-05-24,No,United States
4247,Shawn Allen,Webcam,Electronics,13,510.84,2024-11-10,Yes,Italy
4248,Christopher Parker,Bookshelf,Furniture,9,1069.64,2024-06-23,Yes,South Korea
4249,Kristen Sellers,Notebook,Stationery,12,2136.05,2026-07-26,Yes,France
4250,Todd Kennedy,Bottled Water,Food & Beverage,1,1597.92,2024-12-11,No,Germany
4251,Zachary Gaines,Sofa,Furniture,5,1133.56,2025-08-25,No,Argentina
4252,Kaitlin Flowers,File Cabinet,Furniture,5,273.81,2025-03-24,No,India
4253,Jessica Lewis,USB Drive,Electronics,13,1346.13,2026-09-07,Yes,Germany
4254,Dawn Castillo,Jeans,Clothing,14,1382.31,2025-01-04,No,Uae
4255,Emily Rodriguez,Tape,Stationery,5,2258.03,2026-05-07,Yes,Netherlands
4256,Michael Kent,Bookshelf,Furniture,14,1334.5,2024-12-21,No,Canada
4257,Barry Robertson,Pencil,Stationery,14,1889.27,2026-02-21,Yes,Uk
4258,Bryan Benson,USB Drive,Electronics,14,392.57,2026-11-26,No,Argentina
4259,Paul Anderson,Tablet,Electronics,11,1804.16,2024-11-11,Yes,South Korea
4260,Amanda Harris,Coffee Beans,Food & Beverage,5,2160.83,2024-12-23,Yes,South Korea
4261,Maria Hodge,Smartphone,Electronics,11,578.8,2025-07-14,Yes,Uae
4262,Caitlyn Castillo,Notebook,Stationery,13,1551.68,2026-08-22,Yes,Singapore
4263,Anthony Clark,Socks,Clothing,4,1546.93,2025-02-10,Yes,Canada
4264,Bryan Kelly,Office Chair,Furniture,11,160.72,2025-05-20,Yes,France
4265,Robert Williams,Tablet,Electronics,10,1908.99,2026-03-15,No,Sweden
4266,David Blake,Mouse,Electronics,5,416.46,2026-06-20,Yes,Italy
4267,Sarah Frazier,Mouse,Electronics,10,1576.05,2025-05-10,Yes,United States
4268,Brett Thompson,Socks,Clothing,5,17.5,2025-01-26,Yes,Canada
4269,Ruben Fisher,Pen,Stationery,8,541.84,2026-04-16,Yes,Germany
4270,Heather Bush,Bottled Water,Food & Beverage,10,1165.97,2025-02-19,Yes,South Korea
4271,Eduardo Williams,Office Chair,Furniture,1,2356.87,2025-03-31,Yes,Italy
4272,Sherri Lopez,Hat,Clothing,15,2295.64,2026-01-04,No,Argentina
4273,Brandon Miller,Jacket,Clothing,1,1874.21,2025-01-03,Yes,South Africa
4274,Daniel Ryan,Coffee Beans,Food & Beverage,7,1322.64,2024-01-22,No,Singapore
4275,Michael Hoffman,File Cabinet,Furniture,8,394.99,2025-09-27,Yes,South Africa
4276,Melissa Johnson,Ruler,Stationery,6,1058.17,2026-04-23,Yes,Canada
4277,Crystal Holden,Pen,Stationery,4,1641.04,2025-07-29,Yes,South Korea
4278,Kathryn Deleon,Juice,Food & Beverage,11,517.46,2025-01-01,Yes,Brazil
4279,Robert Alexander,Office Chair,Furniture,14,2401.17,2026-10-15,Yes,Germany
4280,Angela Robinson,Bread,Food & Beverage,5,2439.81,2026-07-02,No,India
4281,Christopher Whitehead,Jacket,Clothing,4,435.83,2026-12-02,Yes,Brazil
4282,Donna Kim,Pen,Stationery,2,2328.94,2025-08-27,Yes,United States
4283,James Howard,Office Chair,Furniture,2,67.84,2025-08-21,Yes,Canada
4284,Ashley Brown,Smartphone,Electronics,7,2425.8,2026-12-26,No,Netherlands
4285,Carrie Johnson,Keyboard,Electronics,3,130.82,2025-04-08,Yes,Italy
4286,Gary Hall,Bread,Food & Beverage,12,222.2,2025-08-05,No,India
4287,Roberto Stanley,Webcam,Electronics,9,650.06,2025-12-19,Yes,Argentina
4288,Kathleen Lambert,Bottled Water,Food & Beverage,6,870.26,2025-06-06,Yes,Brazil
4289,Katherine Perry,Juice,Food & Beverage,1,1998.2,2024-05-09,No,Uk
4290,Cynthia Acevedo,Notebook,Stationery,7,2361.73,2025-03-14,Yes,Uae
4291,Nicole Gonzales,Stapler,Stationery,2,894.77,2024-01-03,Yes,Germany
4292,Denise Gomez,Office Chair,Furniture,15,1067.19,2024-03-27,Yes,Japan
4293,Tiffany Harris,Jeans,Clothing,3,1576.23,2024-04-24,No,Argentina
4294,Victoria Smith,File Cabinet,Furniture,7,1814.57,2026-06-03,Yes,Singapore
4295,Dennis Mueller,Bed,Furniture,8,1249.5,2026-12-28,Yes,India
4296,Joseph Nelson,Webcam,Electronics,15,1560.43,2024-11-18,No,Uae
4297,Molly Perez,Socks,Clothing,4,1507.04,2025-07-07,Yes,South Korea
4298,Charlotte Mcclure,Stapler,Stationery,10,2014.1,2026-08-04,No,India
4299,Gregory Baldwin,Bread,Food & Beverage,11,1795.97,2025-05-07,Yes,Netherlands
4300,Danielle Turner,Green Tea,Food & Beverage,5,1075.12,2025-08-31,Yes,United States
4301,Amy Davis,Ruler,Stationery,6,1738.0,2026-10-30,Yes,Brazil
4302,Kathryn Jordan,Bed,Furniture,6,1559.7,2026-02-27,Yes,Australia
4303,Eric Williams,Socks,Clothing,6,1354.01,2026-12-12,Yes,United States
4304,Kristin Collins,Webcam,Electronics,6,979.42,2025-07-16,Yes,India
4305,Sharon Perez,Office Chair,Furniture,5,469.15,2026-09-01,Yes,Mexico
4306,Kyle Mendez,Pen,Stationery,8,1867.91,2026-02-22,Yes,Italy
4307,Eric Jacobson,Office Chair,Furniture,14,661.14,2025-04-21,Yes,South Korea
4308,William Payne,Mouse,Electronics,6,348.38,2026-09-23,Yes,Germany
4309,Janet Davis,Jeans,Clothing,7,1190.59,2024-04-26,No,Australia
4310,Tara Sanders,Desk Lamp,Furniture,10,1586.99,2024-11-16,Yes,United States
4311,Leonard Gill,Bookshelf,Furniture,3,1555.09,2025-12-15,Yes,Germany
4312,Angel Brooks,Office Chair,Furniture,10,1232.36,2026-08-27,No,Netherlands
4313,Natalie Shields,Hat,Clothing,10,2065.48,2024-11-02,Yes,China
4314,Sheryl Sanchez,File Cabinet,Furniture,8,2083.92,2024-02-02,Yes,Brazil
4315,Scott Love,Webcam,Electronics,9,1921.55,2025-02-11,Yes,Singapore
4316,Brittany Sullivan,Stapler,Stationery,15,2369.94,2026-06-10,No,Mexico
4317,Brittany Schwartz,Jacket,Clothing,3,324.1,2024-05-19,No,China
4318,Christopher Snyder,Snack Bar,Food & Beverage,6,1396.79,2024-10-02,Yes,Sweden
4319,Jacqueline Rios,Office Chair,Furniture,4,111.39,2024-02-25,No,Uae
4320,Mrs. Rebecca Johnson,Desk Lamp,Furniture,10,1441.39,2024-12-20,Yes,Uae
4321,Dawn Gonzalez,Bread,Food & Beverage,9,725.95,2025-11-23,Yes,Uae
4322,David Rivas,T-Shirt,Clothing,14,1672.71,2025-10-26,Yes,Italy
4323,Dawn Smith,Office Chair,Furniture,5,2068.99,2025-04-07,No,Sweden
4324,Justin Vasquez,File Cabinet,Furniture,8,1667.66,2026-05-25,Yes,Spain
4325,Vanessa Campbell,Eraser,Stationery,7,1833.35,2025-05-06,Yes,Japan
4326,William Harvey,Scarf,Clothing,9,301.48,2025-08-29,No,Australia
4327,Jeremy Jacobs,Hat,Clothing,2,1212.0,2024-07-01,No,Germany
4328,Tiffany Smith,Bread,Food & Beverage,13,1628.14,2026-03-21,Yes,South Africa
4329,John Jones,Bookshelf,Furniture,3,1814.46,2026-06-02,Yes,Mexico
4330,Alfred Nguyen,File Cabinet,Furniture,8,267.78,2025-04-23,Yes,Uae
4331,Lisa Hicks,Juice,Food & Beverage,15,1651.28,2026-01-31,No,Spain
4332,Jermaine Nichols,Pen,Stationery,6,1168.02,2025-08-02,Yes,France
4333,David Sanchez,Mouse,Electronics,15,205.56,2024-11-22,Yes,Singapore
4334,Patrick Macias,Printer,Electronics,4,1008.39,2024-08-30,No,Australia
4335,Ashley Christensen,Glue Stick,Stationery,1,1552.95,2025-05-09,Yes,India
4336,Mathew Gonzalez,Tape,Stationery,11,95.71,2026-05-13,Yes,South Korea
4337,Paul Houston,Pencil,Stationery,6,2195.23,2025-03-16,Yes,Australia
4338,Alexis James,Juice,Food & Beverage,4,1472.93,2025-09-05,Yes,China
4339,Kevin Garner,Coffee Beans,Food & Beverage,2,860.79,2025-09-22,Yes,South Africa
4340,Manuel Juarez,Notebook,Stationery,8,1696.82,2024-09-22,Yes,Uae
4341,Kimberly Rios,Printer,Electronics,14,2031.81,2026-12-06,Yes,Singapore
4342,Brandi Martin,Pen,Stationery,13,605.65,2025-06-14,Yes,Uk
4343,Hayden Brown,Stapler,Stationery,3,1749.21,2025-04-15,Yes,Uae
4344,Mary Estrada,Notebook,Stationery,6,47.19,2024-04-27,Yes,Australia
4345,Kimberly Robbins,Stapler,Stationery,10,1854.22,2024-11-18,Yes,Spain
4346,Anthony Boone,Socks,Clothing,4,1462.76,2024-03-30,No,Japan
4347,Danielle Ortiz,Jacket,Clothing,6,1060.81,2025-07-06,Yes,China
4348,Andrew Fischer,Glue Stick,Stationery,4,1882.37,2025-02-21,Yes,Brazil
4349,Margaret Jordan,Juice,Food & Beverage,8,2210.62,2024-08-01,No,Australia
4350,Monica Shepard,Coffee Beans,Food & Beverage,14,1772.89,2026-04-13,Yes,United States
4351,Steven Campbell,Pencil,Stationery,9,1385.23,2026-05-15,Yes,China
4352,Jessica Rodriguez,Webcam,Electronics,6,33.82,2025-09-13,Yes,South Korea
4353,Larry Cruz,File Cabinet,Furniture,9,1474.83,2025-10-18,Yes,United States
4354,Amber Baker,Hat,Clothing,1,2411.07,2026-04-24,Yes,Netherlands
4355,Matthew Vincent,Laptop,Electronics,14,389.99,2025-12-23,Yes,India
4356,Kendra Peterson,Sneakers,Clothing,15,713.4,2026-07-06,Yes,South Africa
4357,Patricia Fritz,Standing Desk,Furniture,1,1843.14,2026-03-11,No,Uk
4358,Amy Wang,Ruler,Stationery,11,1895.89,2026-06-16,Yes,Singapore
4359,Jessica Hall,Snack Bar,Food & Beverage,15,1272.54,2025-10-23,Yes,South Africa
4360,Caleb Thomas,Notebook,Stationery,10,1609.98,2025-01-29,Yes,Uae
4361,Amber Lee,Sneakers,Clothing,15,1145.76,2026-05-13,No,United States
4362,Mrs. Brooke Bailey,Ruler,Stationery,6,1116.09,2025-04-27,Yes,Mexico
4363,Melissa Ritter,Mouse,Electronics,5,2177.3,2025-10-14,Yes,South Korea
4364,Brian Fry,Snack Bar,Food & Beverage,8,2109.71,2026-11-24,No,Italy
4365,John Thompson,Green Tea,Food & Beverage,12,1783.51,2025-08-20,Yes,Japan
4366,Christopher Foster,Dining Table,Furniture,11,226.15,2024-08-13,Yes,United States
4367,James Burns,Pencil,Stationery,9,984.79,2025-08-16,No,Mexico
4368,Sharon Mckenzie,File Cabinet,Furniture,6,237.83,2024-02-08,Yes,Italy
4369,Nicole Parsons,Green Tea,Food & Beverage,7,1614.91,2025-03-22,No,France
4370,Richard Donovan,Tape,Stationery,4,1472.15,2026-12-04,No,Italy
4371,Bernard Cohen,Green Tea,Food & Beverage,13,2046.53,2025-07-23,No,Argentina
4372,April Keith,Scarf,Clothing,3,2331.16,2026-04-24,Yes,Argentina
4373,Carl Barker,Eraser,Stationery,7,1558.11,2025-01-13,Yes,Japan
4374,Kimberly Thomas,Green Tea,Food & Beverage,2,81.67,2025-04-30,No,Germany
4375,Katherine Gonzales MD,Dining Table,Furniture,12,638.51,2024-01-26,Yes,Argentina
4376,Isaiah Ayala,Tape,Stationery,8,2064.32,2025-01-30,Yes,India
4377,Scott Butler,Desk Lamp,Furniture,10,718.47,2025-03-06,Yes,Japan
4378,Stacy Bradley,Headphones,Electronics,3,1150.17,2025-05-26,No,Germany
4379,Paul Norris,Snack Bar,Food & Beverage,14,1887.42,2025-05-28,Yes,South Africa
4380,Randall Thomas,Jeans,Clothing,10,32.3,2025-12-07,Yes,Singapore
4381,Helen Henson,Jacket,Clothing,9,2300.99,2026-06-01,No,Netherlands
4382,Kevin Bradley,Coffee Beans,Food & Beverage,3,301.36,2026-02-24,Yes,Germany
4383,Stephen Ayers,Bed,Furniture,11,1050.95,2025-09-17,Yes,Mexico
4384,Taylor Weaver,T-Shirt,Clothing,13,816.04,2024-07-31,No,Australia
4385,Roberta Obrien,Ruler,Stationery,15,806.89,2026-04-23,Yes,Brazil
4386,Manuel Moyer,Laptop,Electronics,7,2025.1,2024-10-23,Yes,India
4387,Laura Hoover,File Cabinet,Furniture,4,1911.7,2024-09-10,Yes,Singapore
4388,Kenneth Hurst,Pencil,Stationery,2,1167.51,2024-12-16,Yes,United States
4389,Christian Patrick,Stapler,Stationery,10,424.79,2026-05-18,Yes,France
4390,Susan Schroeder,Ruler,Stationery,7,820.25,2024-12-08,Yes,United States
4391,Danielle Wise,Bottled Water,Food & Beverage,7,1688.47,2024-04-27,Yes,Uk
4392,Willie Garcia,Snack Bar,Food & Beverage,3,2432.13,2025-08-10,No,Netherlands
4393,Makayla Benton,Bookshelf,Furniture,5,27.82,2026-11-19,Yes,Italy
4394,Kimberly Newton,Printer,Electronics,5,1597.48,2025-08-22,No,Germany
4395,Brianna Schmidt,File Cabinet,Furniture,6,2409.05,2025-04-28,No,Netherlands
4396,Megan Rubio,Office Chair,Furniture,10,868.77,2025-12-18,Yes,South Africa
4397,Kathy Gilmore,Ruler,Stationery,5,1177.13,2026-12-28,Yes,Uk
4398,Sarah Pena,Eraser,Stationery,15,435.74,2025-02-11,Yes,China
4399,Shawn Grant,Bed,Furniture,9,1505.25,2025-01-20,No,Uae
4400,Crystal Vaughn,Smartphone,Electronics,2,931.26,2024-07-23,Yes,Japan
4401,Jessica Santiago,Green Tea,Food & Beverage,5,1325.41,2026-06-22,Yes,Brazil
4402,Michael Rivas,Coffee Beans,Food & Beverage,6,833.68,2024-12-14,Yes,Uk
4403,Seth Alvarez,Printer,Electronics,7,2421.5,2025-05-16,Yes,Sweden
4404,Dana Jackson,Keyboard,Electronics,1,1588.0,2025-07-15,Yes,Spain
4405,Ryan Stanley,Dining Table,Furniture,11,523.07,2024-02-21,Yes,Japan
4406,Crystal Summers,USB Drive,Electronics,2,382.14,2025-08-01,Yes,Netherlands
4407,Beverly Johnson,Bed,Furniture,7,964.75,2024-08-07,No,India
4408,Eric Rios,Mouse,Electronics,4,786.87,2024-05-02,Yes,Singapore
4409,Stephen Young,Office Chair,Furniture,13,1845.03,2025-04-14,Yes,France
4410,John Kim,Juice,Food & Beverage,13,353.79,2026-03-08,Yes,Japan
4411,Amanda Mcguire,Webcam,Electronics,12,1641.64,2026-12-11,Yes,United States
4412,Sara Sanchez,Pencil,Stationery,12,130.54,2024-01-30,No,Mexico
4413,Mr. Nicholas Mathews,Laptop,Electronics,14,2145.09,2025-01-30,No,Netherlands
4414,Joe Buckley,Green Tea,Food & Beverage,7,1391.28,2024-09-20,Yes,France
4415,Jay Johnson,Juice,Food & Beverage,11,1398.73,2024-05-26,Yes,Spain
4416,Katherine Shaw,Scarf,Clothing,15,348.92,2025-06-09,Yes,Mexico
4417,Kristin Mckay,Pen,Stationery,15,1049.54,2024-06-13,No,Germany
4418,Jessica Baker,Desk Lamp,Furniture,4,1716.42,2025-11-30,Yes,United States
4419,Kyle Monroe,Sneakers,Clothing,11,1325.6,2024-09-17,Yes,South Korea
4420,Alejandro Hall,USB Drive,Electronics,1,1669.95,2024-05-29,Yes,Netherlands
4421,Dr. Kimberly Davis MD,Bed,Furniture,7,1768.6,2026-03-11,No,China
4422,Mr. Jonathan Chavez,Standing Desk,Furniture,15,801.82,2026-05-20,Yes,Uae
4423,Robert Arias,Jacket,Clothing,1,1955.9,2026-10-20,Yes,Canada
4424,Joy Perez,Glue Stick,Stationery,12,604.49,2025-11-13,No,Netherlands
4425,David Ward,Stapler,Stationery,14,1174.11,2024-11-14,Yes,Australia
4426,Stephanie Nelson,File Cabinet,Furniture,13,2457.32,2024-03-24,Yes,Sweden
4427,Veronica Gentry DDS,Ruler,Stationery,2,299.47,2026-09-28,Yes,India
4428,Patrick Hunt,Keyboard,Electronics,13,1029.26,2025-05-28,Yes,Mexico
4429,Amanda Rose,Smartphone,Electronics,10,1469.35,2025-11-18,Yes,Uk
4430,Dawn Huff,Notebook,Stationery,4,2402.49,2026-10-12,Yes,India
4431,Christian Cameron,Sneakers,Clothing,8,322.93,2026-10-15,Yes,United States
4432,Charles Rivera,Tape,Stationery,6,733.76,2024-11-25,Yes,Australia
4433,Kelly Hill,Bread,Food & Beverage,4,159.64,2025-06-05,No,Spain
4434,Joshua Park,Keyboard,Electronics,3,1393.41,2026-06-22,Yes,Japan
4435,Mr. Javier Smith MD,Hat,Clothing,11,600.98,2024-07-26,Yes,France
4436,Chelsea Carroll,Scarf,Clothing,15,620.42,2024-04-07,No,Argentina
4437,Nathan Bryant,Tape,Stationery,13,2115.6,2026-05-28,Yes,Spain
4438,Justin Rich,Juice,Food & Beverage,3,1579.42,2024-03-18,No,Singapore
4439,Mark Gonzalez,Office Chair,Furniture,5,1971.35,2024-04-21,No,Mexico
4440,Jonathan Dodson,Scarf,Clothing,10,1762.49,2025-06-11,Yes,Germany
4441,Ariana Baker,Jeans,Clothing,13,62.13,2026-12-13,Yes,South Korea
4442,Cheryl Rodriguez,File Cabinet,Furniture,15,638.73,2024-10-22,Yes,Japan
4443,Hannah Wood,Coffee Beans,Food & Beverage,13,1586.83,2024-09-19,No,Canada
4444,Melissa Thomas,Monitor,Electronics,8,1766.28,2026-08-18,Yes,Uk
4445,Natasha Mccoy DDS,Bookshelf,Furniture,9,1659.15,2024-06-11,Yes,France
4446,Caroline Kelly,Sofa,Furniture,9,1387.68,2024-06-17,Yes,Netherlands
4447,Bryan Jones,Headphones,Electronics,12,2224.25,2024-01-16,No,India
4448,Dustin Lyons,Sneakers,Clothing,14,1324.72,2024-03-13,Yes,Canada
4449,Jay Pena,Mouse,Electronics,8,1023.17,2024-07-06,Yes,China
4450,Robert Evans,Bookshelf,Furniture,1,2259.44,2025-06-11,No,United States
4451,Carolyn Watson,Bottled Water,Food & Beverage,5,2014.46,2026-06-11,Yes,South Africa
4452,Anne Gonzalez,Scarf,Clothing,9,1322.11,2024-07-04,Yes,France
4453,Jade Rogers,Snack Bar,Food & Beverage,2,235.78,2025-01-10,No,France
4454,Cindy Velasquez,Desk Lamp,Furniture,10,1402.48,2026-07-10,Yes,Sweden
4455,Randy Anderson,Jeans,Clothing,14,1481.29,2024-07-15,Yes,South Korea
4456,Brianna Bright,Monitor,Electronics,15,1604.48,2024-05-09,No,Mexico
4457,Timothy Lester DDS,Laptop,Electronics,3,206.93,2024-10-08,Yes,India
4458,Alan Grant,Bookshelf,Furniture,3,490.03,2025-05-16,Yes,Italy
4459,Travis Payne,Bed,Furniture,2,479.7,2025-01-14,Yes,Uk
4460,Katie Knox,File Cabinet,Furniture,13,1576.11,2026-05-22,Yes,Mexico
4461,Peggy Castaneda,Tablet,Electronics,15,55.66,2025-07-23,No,Australia
4462,Shannon Barnes,Eraser,Stationery,6,2439.13,2025-09-29,Yes,Germany
4463,Angie Nguyen,Bookshelf,Furniture,8,509.28,2026-05-26,Yes,Netherlands
4464,Sean Davis,Snack Bar,Food & Beverage,12,1234.45,2025-12-09,Yes,South Africa
4465,Amanda Stone,Green Tea,Food & Beverage,2,2380.14,2025-12-29,No,Netherlands
4466,Christopher Berry,Keyboard,Electronics,3,1123.46,2024-07-31,Yes,Uk
4467,Matthew Henry,Headphones,Electronics,14,2013.84,2026-01-17,No,Sweden
4468,Margaret Weaver,Jeans,Clothing,15,1260.97,2026-06-24,No,Germany
4469,John Woods,Office Chair,Furniture,6,2204.06,2026-02-14,No,Uae
4470,Patricia Smith,Desk Lamp,Furniture,15,2037.91,2025-06-11,No,Italy
4471,Robert Pena,Smartphone,Electronics,15,2168.31,2025-10-19,Yes,Canada
4472,Jennifer Simmons,Jacket,Clothing,5,2283.0,2026-07-03,No,Italy
4473,Patrick Wilson,Desk Lamp,Furniture,9,349.97,2025-08-09,Yes,Australia
4474,Christopher Moore,Smartphone,Electronics,12,834.62,2026-07-24,Yes,China
4475,Paige Cox DDS,Jacket,Clothing,5,1565.88,2026-12-26,No,India
4476,Joshua Thompson,Printer,Electronics,8,995.72,2024-07-10,No,Germany
4477,Nathan Swanson,Sneakers,Clothing,4,1565.65,2024-05-19,Yes,South Korea
4478,Robert Beard,Desk Lamp,Furniture,2,1954.27,2024-07-04,No,South Africa
4479,William Richardson,Keyboard,Electronics,4,1248.86,2024-07-04,Yes,Brazil
4480,Benjamin Gallagher,Mouse,Electronics,2,724.89,2026-05-28,No,Japan
4481,Travis Williamson,Bottled Water,Food & Beverage,13,716.93,2024-02-15,Yes,Brazil
4482,Raymond Yang,Desk Lamp,Furniture,14,1326.48,2026-11-16,Yes,Uae
4483,Mark Zhang,Monitor,Electronics,5,133.47,2024-09-21,No,India
4484,Diane Chen,Headphones,Electronics,14,71.44,2024-08-22,No,South Korea
4485,Yesenia Turner,Jacket,Clothing,13,1053.28,2024-08-17,No,South Africa
4486,Sharon Ellison,Jeans,Clothing,10,2073.95,2024-02-07,Yes,Uk
4487,James Edwards,Stapler,Stationery,5,434.54,2026-05-26,Yes,France
4488,Craig Byrd,Green Tea,Food & Beverage,6,2228.0,2026-05-10,No,Argentina
4489,Joseph Munoz,Bread,Food & Beverage,12,1960.05,2026-05-23,Yes,China
4490,Jason Moore,Bottled Water,Food & Beverage,6,1595.61,2024-08-15,Yes,United States
4491,Raymond Mcdonald,Jeans,Clothing,10,1358.14,2026-08-31,Yes,France
4492,Morgan Harris,Standing Desk,Furniture,12,2011.11,2025-04-23,Yes,Singapore
4493,Heather Avila,Coffee Beans,Food & Beverage,5,1796.71,2026-07-07,Yes,Italy
4494,Andrew Owens,USB Drive,Electronics,7,1115.72,2024-07-15,No,Brazil
4495,Dr. Ronald Clements MD,Hat,Clothing,10,1321.88,2024-12-31,Yes,Mexico
4496,Julia Pearson,Standing Desk,Furniture,15,2032.52,2024-07-24,No,India
4497,Lawrence Mendoza,Sneakers,Clothing,15,1207.88,2026-09-03,No,Australia
4498,Gary Graham,Bread,Food & Beverage,8,168.71,2026-09-30,Yes,Uae
4499,Michael Fuller,Pencil,Stationery,10,686.3,2026-01-05,Yes,Spain
4500,Jeremy Morris,Dining Table,Furniture,6,2287.96,2026-08-14,Yes,United States
4501,Michele Garcia,Laptop,Electronics,13,1483.33,2026-02-07,Yes,Argentina
4502,Ashley Moss,Bottled Water,Food & Beverage,3,2008.59,2024-06-25,Yes,Germany
4503,Robert Edwards,Green Tea,Food & Beverage,13,470.54,2025-06-15,No,Uk
4504,Brittany Richard,Snack Bar,Food & Beverage,7,1509.18,2024-01-03,Yes,Japan
4505,Wesley Dalton,Coffee Beans,Food & Beverage,8,21.97,2025-11-05,Yes,Uae
4506,David Anderson,Laptop,Electronics,12,1167.7,2025-03-02,Yes,Germany
4507,Misty Graham,Smartphone,Electronics,11,2027.83,2025-05-10,Yes,Sweden
4508,Tammy Wilcox,USB Drive,Electronics,1,1789.85,2026-05-14,No,China
4509,Randy Black,Hat,Clothing,1,1083.66,2025-03-06,No,South Africa
4510,Collin Walls,Pencil,Stationery,1,1881.87,2024-01-03,Yes,Mexico
4511,Thomas Hernandez,Bottled Water,Food & Beverage,7,419.11,2026-05-18,Yes,Mexico
4512,April Foster,Bottled Water,Food & Beverage,7,933.75,2024-09-29,Yes,Netherlands
4513,Nicole Carr,USB Drive,Electronics,10,730.19,2025-04-06,Yes,Italy
4514,Andrea Reyes,Bed,Furniture,4,918.12,2024-06-19,Yes,South Korea
4515,Scott Jordan,Bottled Water,Food & Beverage,9,1186.0,2025-09-14,Yes,Japan
4516,Jose Farmer,Eraser,Stationery,11,2078.8,2026-12-10,Yes,China
4517,Nicholas Taylor,Smartphone,Electronics,8,1699.38,2024-04-30,No,South Korea
4518,David Fernandez,Pen,Stationery,6,2294.84,2025-03-25,Yes,India
4519,Travis Michael,Jeans,Clothing,7,2031.13,2025-07-18,Yes,Spain
4520,Marc Stevenson,Printer,Electronics,10,122.88,2026-07-08,Yes,India
4521,Jeremiah Turner,USB Drive,Electronics,12,2072.64,2024-01-03,Yes,Germany
4522,Dawn Mccormick,Jeans,Clothing,12,1121.67,2025-07-21,Yes,United States
4523,Patrick Crawford,Hat,Clothing,6,1080.44,2025-07-23,No,Italy
4524,Karen Walker,Bookshelf,Furniture,15,244.57,2025-10-30,Yes,Australia
4525,Luke Patterson,Hat,Clothing,10,2078.57,2024-10-18,No,Spain
4526,Diana Robinson,Jeans,Clothing,9,1430.72,2025-01-20,Yes,France
4527,Michelle Bass,Socks,Clothing,14,1311.34,2026-08-12,Yes,South Korea
4528,Mary Osborne,Laptop,Electronics,9,147.31,2024-05-11,Yes,France
4529,Eugene Hodge,Bottled Water,Food & Beverage,3,2178.53,2026-07-16,Yes,Spain
4530,Michael Hall,Bread,Food & Beverage,3,692.17,2024-01-05,No,China
4531,Kathleen Brown,Green Tea,Food & Beverage,6,317.87,2024-07-18,Yes,Italy
4532,Kenneth Joyce,Scarf,Clothing,1,2230.51,2026-04-18,Yes,Netherlands
4533,Larry Miller Jr.,Tape,Stationery,7,1290.21,2026-07-28,No,Spain
4534,Rachel Smith,Jeans,Clothing,6,1847.53,2025-10-30,No,Spain
4535,William Parker,Stapler,Stationery,1,2180.56,2026-01-28,No,Spain
4536,Jeffrey Wilson,Green Tea,Food & Beverage,9,2357.28,2026-04-05,No,Italy
4537,Lauren Hall,Jeans,Clothing,7,2279.06,2026-12-26,Yes,Argentina
4538,Jesse Skinner,Notebook,Stationery,7,1543.57,2024-04-08,Yes,Italy
4539,Audrey Pace,Tape,Stationery,4,2234.62,2024-10-26,No,Uae
4540,Ethan Meyers,Ruler,Stationery,2,1855.87,2026-01-14,Yes,United States
4541,Jon Beltran,Juice,Food & Beverage,7,1353.78,2026-07-11,Yes,Sweden
4542,Billy Moreno,Bottled Water,Food & Beverage,4,669.01,2024-11-12,Yes,France
4543,Jason Lee,Keyboard,Electronics,14,2377.99,2026-08-16,Yes,Germany
4544,Joy Smith,Standing Desk,Furniture,11,949.48,2025-05-31,No,Singapore
4545,Monica Oconnell,Notebook,Stationery,12,401.54,2024-12-09,Yes,United States
4546,Kelsey Marquez,Jeans,Clothing,15,806.04,2026-07-28,No,Spain
4547,Brooke Merritt,Bed,Furniture,9,35.37,2024-09-09,Yes,Japan
4548,Sharon Church,Jacket,Clothing,13,2324.01,2026-03-26,Yes,China
4549,Michael Sanchez,Webcam,Electronics,1,931.59,2026-06-20,Yes,Sweden
4550,Jonathan Rowe,Tablet,Electronics,6,2186.66,2026-05-04,Yes,India
4551,Thomas Hooper,Stapler,Stationery,8,1803.4,2025-09-30,Yes,South Korea
4552,Tammy Mendez,Jacket,Clothing,6,1147.19,2026-06-06,No,Uae
4553,Cody Powers MD,Office Chair,Furniture,13,277.64,2025-02-03,Yes,Singapore
4554,Susan Gonzalez,Standing Desk,Furniture,7,1773.45,2024-12-30,No,United States
4555,James Adams,Dining Table,Furniture,12,171.12,2025-11-08,No,China
4556,Christopher Rodriguez,Stapler,Stationery,1,1466.67,2026-03-09,Yes,Argentina
4557,Derrick Madden,Juice,Food & Beverage,8,1553.87,2025-06-21,Yes,South Africa
4558,Mrs. Crystal Davidson PhD,Bread,Food & Beverage,6,1163.62,2026-09-27,Yes,Australia
4559,Jasmine Pittman,Sneakers,Clothing,9,686.39,2024-01-31,No,France
4560,Emily Smith,Pen,Stationery,14,1840.03,2024-08-20,No,Uk
4561,Cameron Thornton,Tape,Stationery,5,2068.04,2024-04-04,No,China
4562,Martin Welch,Dining Table,Furniture,11,1342.49,2026-10-29,Yes,Sweden
4563,Heidi Wilson,Ruler,Stationery,4,2474.58,2024-08-18,No,Japan
4564,Christopher Cruz,Mouse,Electronics,15,1006.68,2025-12-08,Yes,Germany
4565,Maria Johnson,Notebook,Stationery,13,364.23,2024-03-11,Yes,France
4566,Erica Oneal,Pen,Stationery,10,1159.89,2026-01-25,Yes,Uk
4567,Larry Hall,Keyboard,Electronics,5,2360.91,2024-07-27,Yes,Uae
4568,John Miller,Desk Lamp,Furniture,1,1075.94,2024-04-01,Yes,Australia
4569,Connie Sutton,Jeans,Clothing,8,1968.41,2024-06-02,Yes,Uk
4570,Trevor Mccoy,Office Chair,Furniture,15,484.04,2024-06-10,Yes,Germany
4571,Melissa Fitzgerald,Snack Bar,Food & Beverage,9,1147.11,2024-08-06,Yes,United States
4572,Travis Horton,Hat,Clothing,8,871.6,2024-07-21,No,Argentina
4573,Brian Jones,Bookshelf,Furniture,11,1610.55,2026-11-15,No,Germany
4574,James Gonzalez,Bread,Food & Beverage,11,1169.77,2025-07-09,No,Uae
4575,Matthew Hansen,Jeans,Clothing,5,572.17,2026-02-22,Yes,Spain
4576,Jordan Scott,Snack Bar,Food & Beverage,15,2051.59,2024-08-22,No,Spain
4577,Robin Pham,Coffee Beans,Food & Beverage,11,1560.07,2026-07-27,Yes,Canada
4578,James Wells,Sneakers,Clothing,5,1854.33,2025-12-30,Yes,Italy
4579,Ashley Alexander MD,T-Shirt,Clothing,7,493.82,2024-11-13,Yes,Brazil
4580,Wesley Frank,Green Tea,Food & Beverage,1,435.72,2024-03-31,No,India
4581,Zachary Lawrence,Bed,Furniture,1,813.64,2026-11-04,Yes,Netherlands
4582,Joseph Jenkins,Bookshelf,Furniture,2,973.23,2024-10-14,Yes,Japan
4583,Judy Frank,Coffee Beans,Food & Beverage,7,2196.75,2025-03-22,No,Japan
4584,Kyle Rodriguez,Monitor,Electronics,15,959.18,2025-06-18,Yes,India
4585,Patricia Lee,Stapler,Stationery,13,246.24,2024-11-08,Yes,Spain
4586,Larry Smith MD,Bottled Water,Food & Beverage,12,1411.36,2024-08-09,Yes,Spain
4587,Carrie Ramirez,File Cabinet,Furniture,2,453.46,2026-02-17,Yes,Uae
4588,Terri Leon,Scarf,Clothing,2,1204.25,2024-02-15,No,Japan
4589,John Carter,Bread,Food & Beverage,4,1661.82,2024-07-08,Yes,Canada
4590,Laura Warren,Hat,Clothing,5,705.43,2024-12-31,Yes,Mexico
4591,Joseph Ward,Ruler,Stationery,13,1353.14,2024-11-09,No,Mexico
4592,Crystal Mcintosh,Socks,Clothing,5,954.27,2025-02-25,Yes,Canada
4593,Jennifer Floyd,Socks,Clothing,9,1245.27,2026-12-16,No,Argentina
4594,James Ramsey,Notebook,Stationery,3,1180.21,2025-08-21,No,Sweden
4595,Judith Barrett,Socks,Clothing,7,673.85,2025-09-30,No,Spain
4596,Brandon Ramirez,Office Chair,Furniture,13,50.6,2025-08-13,No,South Korea
4597,Kimberly Sullivan,File Cabinet,Furniture,6,1405.0,2024-03-04,No,South Africa
4598,Joshua Hayes,Green Tea,Food & Beverage,5,1148.65,2026-10-29,No,Uae
4599,Melissa Allison,Ruler,Stationery,1,2190.46,2024-02-22,No,Japan
4600,Jeffrey Owen,T-Shirt,Clothing,12,678.36,2025-09-29,Yes,Argentina
4601,Lawrence Gillespie,Eraser,Stationery,11,1421.91,2024-02-05,Yes,India
4602,Michelle Vega,Bed,Furniture,12,1460.15,2025-12-01,Yes,China
4603,Julia Baker,Standing Desk,Furniture,11,312.81,2026-03-24,Yes,United States
4604,Melissa Ford,Jacket,Clothing,10,1022.28,2025-02-04,No,Mexico
4605,Nicole Russell,Eraser,Stationery,7,585.11,2024-05-30,Yes,Canada
4606,Barry Banks Jr.,USB Drive,Electronics,2,1198.54,2026-05-11,Yes,Singapore
4607,Jeffrey Hill,Headphones,Electronics,2,2079.45,2025-12-16,No,Canada
4608,Jaime Bell,Green Tea,Food & Beverage,6,1291.69,2024-11-05,Yes,Italy
4609,Joseph Stewart,Bread,Food & Beverage,6,1643.51,2025-05-09,Yes,Australia
4610,Joyce Young,Office Chair,Furniture,11,1075.14,2026-02-14,No,Singapore
4611,Roger Hayes,Tablet,Electronics,9,747.25,2026-12-27,Yes,South Africa
4612,Thomas White,Standing Desk,Furniture,6,819.57,2024-09-18,Yes,Japan
4613,Jeffrey Stewart,Scarf,Clothing,2,738.11,2024-08-30,Yes,Spain
4614,Erika Massey,Monitor,Electronics,7,1160.04,2024-05-18,Yes,Italy
4615,Michael Taylor,Socks,Clothing,10,535.99,2025-02-09,Yes,Netherlands
4616,Sharon Rodriguez,Juice,Food & Beverage,2,2145.09,2024-08-05,Yes,Sweden
4617,Tracy Lewis,Bread,Food & Beverage,12,1958.15,2026-11-28,No,Germany
4618,John Ryan,Office Chair,Furniture,15,1735.47,2025-10-13,Yes,France
4619,Gerald Miller,Standing Desk,Furniture,6,1654.56,2026-09-29,Yes,Australia
4620,Rachel Craig,Bottled Water,Food & Beverage,9,2274.2,2025-01-22,Yes,South Africa
4621,Timothy Gregory,Ruler,Stationery,6,1454.49,2026-08-13,No,France
4622,Laura King,Ruler,Stationery,8,1870.81,2026-05-15,Yes,Singapore
4623,Yvonne Palmer,Jacket,Clothing,13,631.57,2025-03-29,Yes,South Korea
4624,Eric Hall,Sneakers,Clothing,8,2405.44,2026-03-04,Yes,Spain
4625,Lisa Snyder,Printer,Electronics,8,2022.8,2024-05-31,Yes,South Korea
4626,Vanessa Walters,Bottled Water,Food & Beverage,3,1131.51,2024-10-20,No,Argentina
4627,Rebecca Rodgers,Desk Lamp,Furniture,4,2147.61,2024-01-11,Yes,Singapore
4628,William Olsen,Eraser,Stationery,15,671.82,2024-06-10,No,China
4629,Mr. Thomas Weaver,Snack Bar,Food & Beverage,3,2291.15,2026-08-17,No,Canada
4630,Stephen Becker,Mouse,Electronics,15,688.22,2025-12-14,Yes,Sweden
4631,Thomas Harris,Tablet,Electronics,3,1623.47,2026-06-22,No,Italy
4632,Sandra Pope,Dining Table,Furniture,3,564.46,2025-01-30,Yes,Japan
4633,Lori Curtis,Snack Bar,Food & Beverage,14,375.69,2025-07-07,Yes,France
4634,Ryan Williams,Hat,Clothing,10,1080.04,2026-10-12,Yes,Singapore
4635,Karen Smith,Dining Table,Furniture,4,489.33,2026-08-09,Yes,Canada
4636,Martha Burnett,Printer,Electronics,9,1225.81,2025-08-24,No,Germany
4637,Anna Bryant,USB Drive,Electronics,9,1332.81,2025-08-02,Yes,Singapore
4638,Destiny Lopez,Hat,Clothing,1,1651.09,2024-04-03,No,France
4639,Robert Stone,Bed,Furniture,7,2468.8,2024-01-08,Yes,Mexico
4640,Carol Oneill,Notebook,Stationery,5,2477.21,2025-08-26,Yes,Mexico
4641,Jeffrey Smith,Laptop,Electronics,6,1991.31,2026-12-17,No,France
4642,Edward Burton,Bookshelf,Furniture,5,1074.16,2025-08-20,Yes,Netherlands
4643,Peter Aguilar,Scarf,Clothing,4,568.86,2026-04-04,No,Mexico
4644,Joseph York,Pen,Stationery,9,1118.61,2026-07-19,No,United States
4645,Melinda Phillips,T-Shirt,Clothing,10,1910.73,2025-03-20,Yes,Australia
4646,Mr. James Norris,Bottled Water,Food & Beverage,14,355.36,2024-03-05,No,Argentina
4647,Claire Mcdonald,Keyboard,Electronics,15,1642.95,2024-11-11,Yes,Sweden
4648,Jennifer Jones,Monitor,Electronics,2,1622.99,2024-09-01,Yes,Spain
4649,Stephanie Foster,Jeans,Clothing,9,1441.25,2024-07-27,No,Japan
4650,Diane White,Bed,Furniture,14,567.02,2025-05-09,Yes,Singapore
4651,Timothy Clark,Smartphone,Electronics,2,2035.05,2024-11-09,No,China
4652,Daniel Acosta,Green Tea,Food & Beverage,15,1345.39,2024-03-19,No,South Africa
4653,Joseph Fitzgerald,Bread,Food & Beverage,8,2165.03,2025-09-24,Yes,China
4654,Dr. Kenneth Rose Jr.,Bottled Water,Food & Beverage,8,880.32,2024-10-22,Yes,Mexico
4655,Catherine Johnson,Desk Lamp,Furniture,3,578.61,2025-11-02,Yes,Japan
4656,Brett Thomas,Sofa,Furniture,15,2429.38,2025-02-05,Yes,Uk
4657,Anthony Garcia,Tablet,Electronics,6,1922.73,2026-05-19,Yes,Uk
4658,Kevin Bowen,Stapler,Stationery,3,1304.24,2024-05-05,Yes,France
4659,Anthony Adams,Smartphone,Electronics,13,681.8,2026-12-14,No,India
4660,Natalie Morris DVM,Standing Desk,Furniture,8,1665.15,2024-09-01,No,Japan
4661,Katherine Gonzalez,Sofa,Furniture,12,633.95,2026-10-03,Yes,United States
4662,David Barker,Coffee Beans,Food & Beverage,4,742.08,2026-07-10,Yes,India
4663,Jake Rodriguez,Bookshelf,Furniture,9,1146.73,2024-04-22,Yes,Argentina
4664,Andrea Morris,Bottled Water,Food & Beverage,14,872.81,2026-08-30,Yes,China
4665,Cheryl Olson,Smartphone,Electronics,10,165.48,2025-12-08,Yes,Canada
4666,Stephen Cook,Sneakers,Clothing,3,1725.67,2025-07-19,Yes,South Korea
4667,Lisa Armstrong,Bottled Water,Food & Beverage,3,815.88,2025-05-17,Yes,Mexico
4668,Sophia Jackson,Bookshelf,Furniture,14,1176.5,2024-04-01,No,South Korea
4669,Andrew Kennedy,Juice,Food & Beverage,13,63.89,2025-12-05,Yes,Spain
4670,Emily Woodward,Monitor,Electronics,12,575.3,2026-08-30,No,Australia
4671,Emily Eaton,Bread,Food & Beverage,1,1499.28,2024-06-28,No,Netherlands
4672,Peter Gonzalez,Tablet,Electronics,11,654.64,2025-03-15,Yes,Singapore
4673,Michael Bryan,Printer,Electronics,7,1424.16,2024-12-22,Yes,South Africa
4674,Danielle Patterson,Desk Lamp,Furniture,1,1948.22,2025-03-03,Yes,Canada
4675,Carol Flores,Scarf,Clothing,14,1171.24,2025-03-17,Yes,Japan
4676,Haley Ford,USB Drive,Electronics,8,193.87,2026-02-28,Yes,Argentina
4677,Heather Perez,Pen,Stationery,5,359.87,2026-12-15,Yes,Uae
4678,Elizabeth Hernandez,Bread,Food & Beverage,9,2201.26,2025-09-12,Yes,China
4679,Jennifer Garner,Socks,Clothing,6,1861.4,2024-04-17,Yes,Canada
4680,Bryan Knight,Webcam,Electronics,15,419.37,2026-03-11,No,Mexico
4681,Darrell Golden,USB Drive,Electronics,2,1314.0,2025-01-28,Yes,Germany
4682,Stephanie Henderson,Headphones,Electronics,10,704.29,2024-08-13,Yes,Italy
4683,Jordan Warner,Mouse,Electronics,6,1858.24,2026-10-03,No,Sweden
4684,James Camacho,Notebook,Stationery,12,1627.41,2025-02-14,Yes,Mexico
4685,Eddie Burns,Bed,Furniture,12,1707.62,2024-07-24,No,Uae
4686,William Fletcher DDS,Snack Bar,Food & Beverage,13,81.32,2026-03-02,Yes,Uk
4687,Matthew Davis,Office Chair,Furniture,8,962.41,2026-03-28,No,Mexico
4688,Wayne Russell,Eraser,Stationery,15,689.4,2026-08-10,Yes,Uae
4689,Alvin Hines,Standing Desk,Furniture,15,1566.33,2025-03-02,No,Japan
4690,Jonathan Jackson,Hat,Clothing,7,962.85,2024-01-17,Yes,Uk
4691,Luis Fisher,Socks,Clothing,5,1763.73,2025-11-04,No,Japan
4692,Alexis Lam,Laptop,Electronics,3,417.62,2025-01-28,Yes,United States
4693,Barbara Fernandez,Keyboard,Electronics,11,878.47,2026-10-30,Yes,Mexico
4694,Kathleen Baker,Sneakers,Clothing,1,411.36,2024-07-14,Yes,South Africa
4695,Robert Simpson,Standing Desk,Furniture,4,2453.26,2026-05-27,Yes,South Africa
4696,Marisa West,Printer,Electronics,6,2440.0,2024-12-14,Yes,Japan
4697,Anthony Adams,Snack Bar,Food & Beverage,9,331.84,2025-07-20,No,Mexico
4698,Tricia Mckenzie,Bottled Water,Food & Beverage,7,2150.73,2026-03-11,Yes,United States
4699,Wendy Donaldson,File Cabinet,Furniture,10,1196.64,2024-07-16,No,Mexico
4700,Dr. Kristi Kirk DVM,Dining Table,Furniture,15,119.19,2026-07-22,Yes,China
4701,Kevin Wilson,Bread,Food & Beverage,5,2435.4,2025-10-11,No,Canada
4702,Allison Barnes,T-Shirt,Clothing,12,311.76,2024-03-05,No,Brazil
4703,Kevin Weber,Monitor,Electronics,6,1459.53,2024-08-17,Yes,Singapore
4704,Andrea Burns,Snack Bar,Food & Beverage,10,1313.7,2026-06-26,Yes,Brazil
4705,Anthony Smith,Tablet,Electronics,7,1641.23,2025-10-01,Yes,Australia
4706,Steve Davis II,Pencil,Stationery,10,770.01,2026-06-09,No,Germany
4707,Matthew Ray,Pen,Stationery,7,1110.99,2026-01-19,No,Japan
4708,Dana Morgan,Desk Lamp,Furniture,10,2080.72,2025-10-07,Yes,Uk
4709,Lisa Delacruz,Notebook,Stationery,8,1373.84,2025-11-21,Yes,Uae
4710,Bobby Avila,Pencil,Stationery,4,778.3,2025-01-21,No,Italy
4711,Angelica Coleman,Bread,Food & Beverage,8,150.77,2025-06-14,Yes,India
4712,Molly Smith,USB Drive,Electronics,11,2353.84,2024-12-30,Yes,South Africa
4713,Isaac White,Office Chair,Furniture,12,1524.45,2026-12-01,Yes,Germany
4714,Gregory Ray,Stapler,Stationery,5,2216.59,2026-02-20,No,India
4715,Timothy Lopez,Keyboard,Electronics,5,605.37,2024-05-23,Yes,United States
4716,Jeffrey Owens,Tablet,Electronics,13,1064.28,2024-07-21,Yes,Sweden
4717,Taylor Beck,Snack Bar,Food & Beverage,6,2392.86,2026-06-21,No,Brazil
4718,Joshua Horn,Snack Bar,Food & Beverage,2,1204.6,2025-10-06,No,Uae
4719,Isaac Clark,Sneakers,Clothing,11,2361.23,2025-05-23,Yes,Japan
4720,Laura Andrews,Hat,Clothing,6,1011.87,2025-06-27,Yes,France
4721,Heidi Tapia,Glue Stick,Stationery,3,889.76,2024-04-13,Yes,Germany
4722,Paul Rogers,Tablet,Electronics,7,2436.97,2024-01-20,Yes,Argentina
4723,Alexis Roman,Coffee Beans,Food & Beverage,1,612.1,2026-12-18,Yes,France
4724,Jason Young,Tablet,Electronics,3,2307.51,2025-01-17,Yes,Netherlands
4725,Melissa Graves,Webcam,Electronics,2,461.34,2025-02-12,Yes,India
4726,Andrew Hughes,Sofa,Furniture,9,1669.78,2026-09-07,Yes,Singapore
4727,Jennifer Ross,Headphones,Electronics,11,1742.93,2026-06-27,Yes,Italy
4728,Annette Perez,Green Tea,Food & Beverage,14,620.63,2026-07-25,Yes,China
4729,Robert Miller,Laptop,Electronics,1,912.98,2026-06-27,No,Uk
4730,Darren Graham,Coffee Beans,Food & Beverage,1,2070.77,2026-07-19,No,United States
4731,Beth Perry,Desk Lamp,Furniture,3,1557.02,2025-05-09,Yes,South Korea
4732,Shelley Johnson,Sneakers,Clothing,14,155.63,2024-05-07,Yes,Italy
4733,Amanda Taylor,Snack Bar,Food & Beverage,5,272.6,2025-12-03,Yes,Sweden
4734,Joshua Graham,Notebook,Stationery,7,1054.76,2025-11-15,No,Japan
4735,Tiffany Allen,Stapler,Stationery,15,1295.39,2024-06-22,No,South Africa
4736,Scott Cruz,Tablet,Electronics,2,1844.86,2026-07-29,Yes,South Korea
4737,Michael Rios,Green Tea,Food & Beverage,12,531.46,2024-05-16,Yes,Spain
4738,Stacey Sullivan,Coffee Beans,Food & Beverage,11,2146.82,2024-10-26,Yes,South Africa
4739,Daniel Lopez,Ruler,Stationery,2,1585.53,2024-04-07,Yes,China
4740,Timothy Clark,Socks,Clothing,5,1838.42,2026-04-22,No,Mexico
4741,Danielle Barnett,Scarf,Clothing,6,544.29,2026-09-19,No,Netherlands
4742,Steve Johnson,Tape,Stationery,7,338.36,2025-08-04,No,South Korea
4743,Ryan Grant,Dining Table,Furniture,9,2029.11,2024-02-14,Yes,Canada
4744,Miranda Lin,Printer,Electronics,7,1587.17,2026-10-18,Yes,Spain
4745,Jennifer Ayala,Notebook,Stationery,3,1338.98,2025-06-01,Yes,China
4746,Jimmy Snyder,Webcam,Electronics,7,1444.06,2025-11-14,Yes,Uae
4747,Jared Anderson,Dining Table,Furniture,2,1624.21,2026-12-10,Yes,Netherlands
4748,Michele Perkins,Headphones,Electronics,11,2200.28,2026-04-21,Yes,Japan
4749,Jennifer Williams,Dining Table,Furniture,2,2222.4,2025-12-23,Yes,Italy
4750,Samuel Stevens,Dining Table,Furniture,3,192.53,2024-07-28,No,Uk
4751,Alyssa Curry,Desk Lamp,Furniture,8,1090.69,2024-09-23,No,China
4752,John Gardner,Headphones,Electronics,1,834.69,2026-04-07,No,Germany
4753,Brittany Clark,Jacket,Clothing,15,1592.63,2026-07-05,Yes,Canada
4754,Jason Oliver,Office Chair,Furniture,10,434.78,2026-08-28,Yes,Australia
4755,Melissa Gilbert,Dining Table,Furniture,3,1247.96,2025-12-30,Yes,South Korea
4756,Craig Malone,Notebook,Stationery,7,645.18,2024-03-27,Yes,Sweden
4757,Miss April Walker MD,Hat,Clothing,13,2434.18,2025-04-26,Yes,Germany
4758,Maria Walker,Tablet,Electronics,6,639.41,2025-09-04,Yes,Australia
4759,James Henderson,Laptop,Electronics,14,156.1,2026-04-08,No,France
4760,Makayla Ortiz,Ruler,Stationery,11,2284.9,2024-07-10,Yes,Uk
4761,Christina Mullins,Snack Bar,Food & Beverage,1,675.61,2026-04-24,Yes,Germany
4762,Timothy Jenkins,File Cabinet,Furniture,5,1511.45,2025-05-12,Yes,Uae
4763,Riley Smith,Bread,Food & Beverage,12,132.44,2025-08-16,Yes,Japan
4764,Dave Walker,Eraser,Stationery,7,302.92,2026-01-21,No,Australia
4765,Michael Henderson,Bottled Water,Food & Beverage,15,1621.82,2025-08-11,Yes,Australia
4766,Jennifer Ramirez,Office Chair,Furniture,3,621.92,2026-04-15,Yes,Singapore
4767,Andre Farmer,Coffee Beans,Food & Beverage,5,1691.63,2026-01-30,Yes,France
4768,Daniel Dunlap,Bread,Food & Beverage,1,2126.2,2026-09-19,No,South Korea
4769,Karen Summers,Notebook,Stationery,4,1059.36,2025-11-24,Yes,Italy
4770,Virginia Robles,Stapler,Stationery,1,203.92,2026-02-07,Yes,Spain
4771,Sean Mooney,Dining Table,Furniture,6,712.02,2025-07-06,Yes,Japan
4772,Antonio Acevedo,Standing Desk,Furniture,3,1274.42,2026-05-02,Yes,China
4773,Shane Irwin,Eraser,Stationery,9,2415.1,2026-01-25,No,South Africa
4774,Jennifer Jones,Glue Stick,Stationery,11,1080.81,2025-04-10,Yes,Spain
4775,Sarah George,USB Drive,Electronics,10,1544.49,2024-03-30,Yes,Italy
4776,Carrie Jefferson,Notebook,Stationery,8,1417.29,2025-12-22,No,Sweden
4777,Jonathan Smith,Hat,Clothing,1,1818.58,2026-12-26,Yes,Netherlands
4778,Sherry Hartman,Jacket,Clothing,9,1220.37,2025-12-05,Yes,Uae
4779,Kimberly Whitney DDS,Juice,Food & Beverage,7,1921.73,2026-12-07,Yes,India
4780,Clinton Chapman,Coffee Beans,Food & Beverage,2,201.26,2026-11-23,Yes,Australia
4781,Jennifer Benson,Ruler,Stationery,8,1136.9,2024-08-19,Yes,Mexico
4782,John Bailey,Sneakers,Clothing,13,186.64,2024-12-18,Yes,Argentina
4783,Melissa Miller,Bottled Water,Food & Beverage,9,658.06,2025-09-14,Yes,China
4784,Sara James,Bottled Water,Food & Beverage,10,904.8,2024-12-03,Yes,Australia
4785,Kevin Robinson,Socks,Clothing,6,633.52,2026-07-13,No,Germany
4786,Savannah Daugherty,Mouse,Electronics,9,855.92,2025-03-14,Yes,Brazil
4787,Robert Wagner,Pen,Stationery,12,1818.65,2025-06-19,Yes,South Africa
4788,Jason Fleming,Socks,Clothing,8,1551.72,2024-12-19,No,Canada
4789,Ryan Mcbride,Bed,Furniture,13,1670.9,2024-04-30,Yes,India
4790,Andrew Carlson,Glue Stick,Stationery,8,205.89,2024-07-25,No,Uae
4791,Anita Gregory,Jacket,Clothing,5,1676.37,2026-05-06,Yes,Germany
4792,Elizabeth Roy,T-Shirt,Clothing,4,755.73,2024-08-31,Yes,Uk
4793,Benjamin Davis,Notebook,Stationery,3,1977.16,2026-10-22,No,United States
4794,Rebecca Warren,Eraser,Stationery,8,846.98,2026-09-03,Yes,Spain
4795,Hailey Rodriguez,Juice,Food & Beverage,2,1307.2,2026-09-09,Yes,Argentina
4796,Angel Brady,Pen,Stationery,8,132.75,2025-10-06,Yes,Australia
4797,Rebecca Walton,Jacket,Clothing,13,2191.4,2025-04-30,Yes,Australia
4798,Robert Moody,Jacket,Clothing,7,1388.83,2026-10-20,No,Mexico
4799,Robert Clayton,Webcam,Electronics,13,2411.06,2024-03-19,Yes,Japan
4800,Walter Riley,Pencil,Stationery,15,533.55,2026-03-19,No,Netherlands
4801,Dominique Butler,Headphones,Electronics,4,1207.68,2024-04-27,No,Mexico
4802,Kristi Grant,Keyboard,Electronics,15,2125.13,2026-05-05,Yes,Germany
4803,Jason Wilcox,Bread,Food & Beverage,1,2007.06,2024-03-17,No,Argentina
4804,Sharon Mccormick,Jacket,Clothing,3,534.14,2024-07-23,No,Sweden
4805,Logan Franklin,Bread,Food & Beverage,5,2404.97,2024-12-01,No,Brazil
4806,Victor Ellis,Snack Bar,Food & Beverage,5,229.68,2025-02-16,No,Germany
4807,David Brennan,Juice,Food & Beverage,12,1046.09,2026-08-01,Yes,South Korea
4808,Casey Ward,Office Chair,Furniture,4,1345.65,2025-05-22,Yes,Japan
4809,Dakota Russo,Bread,Food & Beverage,1,2121.14,2026-03-11,Yes,Spain
4810,Parker Vasquez,Socks,Clothing,15,811.13,2025-05-01,Yes,Italy
4811,Brittany Garcia,Bed,Furniture,11,1487.93,2024-06-26,No,Germany
4812,Tracie Thomas,Webcam,Electronics,11,310.39,2025-12-26,Yes,Spain
4813,Cathy Williams,Jacket,Clothing,2,1594.21,2024-09-26,Yes,Germany
4814,Matthew Hunt,Headphones,Electronics,8,716.38,2026-12-18,Yes,Sweden
4815,Robert Jenkins,Glue Stick,Stationery,5,582.27,2025-02-26,Yes,Spain
4816,Ashley Davis,Sofa,Furniture,10,284.15,2026-01-10,Yes,Sweden
4817,Rebecca Richards,Juice,Food & Beverage,12,2273.82,2026-08-18,Yes,Japan
4818,Jon Vance,Jacket,Clothing,10,996.45,2026-10-18,No,Sweden
4819,Gina Duran,USB Drive,Electronics,5,1142.14,2025-03-01,No,Netherlands
4820,Andrea Rivera,Coffee Beans,Food & Beverage,2,1364.7,2026-05-25,No,Spain
4821,Tiffany Murillo,Jeans,Clothing,2,80.05,2026-07-20,Yes,Canada
4822,Brian Walker,Keyboard,Electronics,3,2056.24,2024-05-30,Yes,South Africa
4823,Aaron Jenkins,Headphones,Electronics,11,863.48,2026-09-05,No,United States
4824,Rachel Davis,Snack Bar,Food & Beverage,9,1929.67,2024-10-02,No,Sweden
4825,Daniel Little,Tablet,Electronics,4,737.1,2025-08-06,Yes,Japan
4826,Kelli Johnson,Keyboard,Electronics,1,1476.55,2025-01-30,Yes,China
4827,Melissa Pearson,Jeans,Clothing,9,1024.68,2026-06-30,Yes,Singapore
4828,Jesse Kelly,Scarf,Clothing,4,1124.38,2026-08-20,Yes,France
4829,Terri Moore,Tape,Stationery,15,2324.0,2024-11-14,Yes,Australia
4830,Elizabeth Carey,Sofa,Furniture,2,2161.7,2024-09-18,Yes,Netherlands
4831,Wyatt Carpenter,Pencil,Stationery,1,927.37,2024-12-22,Yes,Netherlands
4832,Alicia Johns,Sneakers,Clothing,3,41.44,2026-04-12,Yes,United States
4833,Jared Moore,File Cabinet,Furniture,4,1551.36,2024-03-01,Yes,Argentina
4834,Eric Oliver,File Cabinet,Furniture,10,1418.36,2025-12-02,Yes,Netherlands
4835,Kelly Blankenship,Bed,Furniture,4,220.11,2024-10-19,No,Spain
4836,Barry Turner,Mouse,Electronics,13,117.9,2024-03-15,Yes,Uae
4837,Lisa Ruiz,Pencil,Stationery,3,218.08,2024-05-21,Yes,Germany
4838,Joshua Fleming,Notebook,Stationery,2,1163.3,2024-05-22,Yes,France
4839,Stephanie York,T-Shirt,Clothing,13,1727.14,2024-04-12,Yes,India
4840,Paige Barnett,Jacket,Clothing,9,1834.21,2026-09-26,Yes,South Africa
4841,Shawn Calderon,Keyboard,Electronics,14,722.64,2025-11-22,No,China
4842,David Duncan,Headphones,Electronics,2,2257.75,2026-08-27,No,Canada
4843,Stephen Barron,Stapler,Stationery,4,1489.88,2024-06-02,Yes,Australia
4844,Rita Johnson,Desk Lamp,Furniture,14,57.11,2025-06-06,Yes,India
4845,Michael Juarez,Ruler,Stationery,14,2445.3,2026-09-10,No,Mexico
4846,Ms. Cassandra Edwards,Laptop,Electronics,11,1154.61,2025-07-23,Yes,Singapore
4847,Kimberly Pratt,Sneakers,Clothing,8,1062.22,2025-08-03,No,Germany
4848,William Nicholson,Scarf,Clothing,7,933.07,2024-04-17,Yes,Japan
4849,John Smith,Sofa,Furniture,10,1552.19,2025-11-26,No,India
4850,Kevin Potter,Jacket,Clothing,7,105.96,2025-10-22,No,Brazil
4851,Nathan Jensen,Jeans,Clothing,12,871.5,2024-06-06,Yes,Netherlands
4852,Javier Medina,Tape,Stationery,14,295.08,2026-11-10,Yes,South Korea
4853,Eric Mendoza,Monitor,Electronics,12,1918.43,2026-11-18,Yes,Uae
4854,Mariah Obrien,Tablet,Electronics,6,1989.16,2024-09-04,No,Australia
4855,Timothy Howe,Eraser,Stationery,12,490.85,2024-06-24,Yes,Japan
4856,Kelli Sullivan,T-Shirt,Clothing,3,751.22,2025-04-01,Yes,Mexico
4857,Tina Bell,Headphones,Electronics,15,1229.91,2026-05-10,Yes,Uk
4858,John Turner,Mouse,Electronics,1,361.62,2024-10-01,Yes,Uk
4859,Martha Johnston,Monitor,Electronics,5,683.88,2025-05-08,Yes,China
4860,Jason Jefferson,Tablet,Electronics,12,757.34,2024-02-28,Yes,Mexico
4861,Melissa Fernandez,Jacket,Clothing,3,858.09,2026-01-28,Yes,Canada
4862,Jeffrey Stone,T-Shirt,Clothing,4,625.87,2026-11-09,No,Uk
4863,Timothy Deleon,Green Tea,Food & Beverage,13,1109.38,2024-12-28,Yes,Germany
4864,Toni Holland,Standing Desk,Furniture,8,2365.03,2025-12-25,Yes,China
4865,Felicia Harrington,Scarf,Clothing,3,979.18,2026-09-17,No,Australia
4866,Ashley Martin,Hat,Clothing,5,637.46,2024-11-04,No,Netherlands
4867,Maria Salinas,Bottled Water,Food & Beverage,7,1323.98,2024-09-24,Yes,Uae
4868,Michael Tyler,Sofa,Furniture,8,838.88,2026-10-09,Yes,Canada
4869,Steven Allen,Bread,Food & Beverage,12,1735.02,2025-10-28,Yes,Brazil
4870,Matthew Russell,Hat,Clothing,11,2026.52,2025-07-16,No,South Africa
4871,Gabrielle Wright,Coffee Beans,Food & Beverage,12,582.32,2025-04-01,No,Mexico
4872,Robert Banks,Smartphone,Electronics,14,804.38,2025-08-26,Yes,Japan
4873,John Brown,File Cabinet,Furniture,2,2071.43,2026-11-19,Yes,Uk
4874,Derrick Nash,T-Shirt,Clothing,14,672.21,2025-02-09,Yes,Singapore
4875,Susan Kennedy,Hat,Clothing,4,476.11,2024-11-16,Yes,United States
4876,Jason Hughes,Green Tea,Food & Beverage,10,465.64,2024-12-08,No,Germany
4877,Olivia Mitchell,Stapler,Stationery,6,493.03,2024-11-04,Yes,Uk
4878,Jeanette King,Webcam,Electronics,14,2368.33,2025-02-20,Yes,Italy
4879,Betty Wilson,Green Tea,Food & Beverage,8,1667.47,2025-02-01,Yes,Sweden
4880,Collin Cobb,Eraser,Stationery,1,1430.36,2024-04-25,No,South Africa
4881,Johnathan Moreno,Stapler,Stationery,3,1366.27,2026-02-22,Yes,France
4882,Hannah Ross,Office Chair,Furniture,8,1201.86,2024-07-08,Yes,Germany
4883,Jennifer Nelson,T-Shirt,Clothing,5,471.24,2025-05-05,Yes,Spain
4884,Elizabeth Thomas,Glue Stick,Stationery,13,539.86,2025-01-18,Yes,Canada
4885,Diane Robinson,Standing Desk,Furniture,3,1294.58,2025-02-08,Yes,United States
4886,Brad Bennett,Eraser,Stationery,15,1414.83,2025-12-11,Yes,Brazil
4887,Mitchell Chen,Smartphone,Electronics,2,1442.88,2026-03-08,Yes,United States
4888,Jeremy Martin,Socks,Clothing,4,1826.62,2025-10-17,Yes,South Korea
4889,Michael Clark,Mouse,Electronics,5,256.65,2026-04-25,Yes,Italy
4890,Emily Hall,Pen,Stationery,6,57.51,2025-09-19,Yes,South Korea
4891,Shirley Dodson,Jacket,Clothing,9,2496.43,2025-01-23,No,Netherlands
4892,Michele Allen,Eraser,Stationery,13,2255.01,2026-10-02,Yes,France
4893,Cameron Holmes,Stapler,Stationery,2,395.53,2025-10-13,Yes,Uk
4894,Sharon Reilly,Snack Bar,Food & Beverage,13,1592.61,2024-12-14,Yes,France
4895,Anthony Cox,Jeans,Clothing,8,1285.71,2024-07-27,Yes,South Korea
4896,David Wright,Mouse,Electronics,8,1676.49,2025-01-17,Yes,Netherlands
4897,Scott Howard,Stapler,Stationery,10,1656.37,2024-05-14,Yes,Argentina
4898,Ashley Daniel,Pencil,Stationery,10,609.55,2026-09-08,Yes,India
4899,Lindsey Gordon,Desk Lamp,Furniture,12,742.49,2025-10-26,Yes,Spain
4900,Erik Pierce,Laptop,Electronics,2,913.21,2024-09-06,Yes,Brazil
4901,Andrea Smith,Keyboard,Electronics,15,339.88,2024-01-05,Yes,South Africa
4902,John Carey,File Cabinet,Furniture,3,2413.83,2025-04-03,Yes,Uk
4903,Meagan Lopez,Hat,Clothing,14,1127.65,2025-11-23,No,Spain
4904,Theresa Nguyen,USB Drive,Electronics,6,2396.59,2026-07-09,Yes,Sweden
4905,Jonathan Beck,Socks,Clothing,1,83.74,2025-10-02,Yes,Netherlands
4906,Kim Larson,Laptop,Electronics,10,1476.37,2025-12-06,No,South Korea
4907,Dana Rivera,Pencil,Stationery,11,1531.47,2025-03-28,No,Japan
4908,Jean Jennings,Office Chair,Furniture,2,1584.96,2025-11-14,No,France
4909,Matthew Mccoy,Office Chair,Furniture,8,2231.89,2024-07-18,Yes,Uae
4910,Bryan Jenkins,Pen,Stationery,11,312.25,2024-11-05,No,South Korea
4911,Matthew Walker,USB Drive,Electronics,8,2149.68,2026-11-27,Yes,Netherlands
4912,Daniel Bell,Pen,Stationery,7,388.1,2024-05-18,Yes,Singapore
4913,Kathryn Lynn,Headphones,Electronics,6,157.92,2024-09-09,Yes,Canada
4914,Jason Williams,Webcam,Electronics,8,1452.11,2026-05-12,No,Germany
4915,Megan Harris,Monitor,Electronics,3,1969.54,2024-10-26,Yes,Italy
4916,Theresa Williamson,Webcam,Electronics,6,1677.61,2025-05-04,No,Mexico
4917,Kelly Hill,Dining Table,Furniture,3,1744.75,2026-03-02,Yes,Germany
4918,Bruce Huang,Juice,Food & Beverage,15,1211.43,2024-05-13,Yes,Canada
4919,Becky Scott,Sneakers,Clothing,14,1676.01,2024-07-17,Yes,United States
4920,Michael Maxwell,Bookshelf,Furniture,4,1855.37,2026-11-25,Yes,Italy
4921,Monica Velazquez,Jacket,Clothing,12,2382.05,2024-05-11,Yes,Germany
4922,Christine Price,Bookshelf,Furniture,13,1721.46,2025-02-24,Yes,Canada
4923,Mrs. Catherine Simpson,Desk Lamp,Furniture,2,924.59,2025-08-08,Yes,Uae
4924,Jody Drake,Eraser,Stationery,14,1244.61,2024-05-24,Yes,Brazil
4925,Kyle Mills,Mouse,Electronics,5,2251.96,2025-08-27,Yes,South Korea
4926,Susan Weber,Bed,Furniture,13,5.82,2026-11-14,No,Uk
4927,Robert Gray,Coffee Beans,Food & Beverage,3,60.92,2026-08-27,No,Brazil
4928,Alyssa Torres,Hat,Clothing,6,731.08,2024-09-02,No,Uae
4929,Joseph Gray,Pen,Stationery,1,204.54,2026-11-22,Yes,Argentina
4930,Nancy Sanchez,Pen,Stationery,3,664.81,2025-03-02,Yes,Argentina
4931,Kim Nguyen,Scarf,Clothing,7,1829.5,2024-02-02,No,Argentina
4932,Christopher Wilkerson,Sneakers,Clothing,8,1390.16,2026-05-17,Yes,Japan
4933,Chris Salazar,Tape,Stationery,5,970.47,2025-06-22,Yes,Australia
4934,John Barajas,Coffee Beans,Food & Beverage,7,972.63,2026-04-17,Yes,Singapore
4935,Norma Haynes,Ruler,Stationery,12,712.11,2025-03-24,Yes,Australia
4936,Cynthia Martinez,Jeans,Clothing,9,905.49,2025-12-20,Yes,United States
4937,Mitchell Banks,Notebook,Stationery,7,419.54,2024-03-09,Yes,Uk
4938,John Perry,Webcam,Electronics,14,895.15,2025-11-19,Yes,Brazil
4939,Sharon Barber,Notebook,Stationery,6,744.41,2026-08-28,Yes,Italy
4940,Andrea Juarez,Coffee Beans,Food & Beverage,1,681.69,2026-07-17,Yes,Canada
4941,Alyssa Brooks,Mouse,Electronics,10,2132.46,2024-01-10,Yes,Mexico
4942,Erin Deleon,Jacket,Clothing,3,413.95,2025-09-14,Yes,United States
4943,Louis Holloway,Bottled Water,Food & Beverage,14,544.54,2025-05-16,No,Japan
4944,Benjamin Jackson,Glue Stick,Stationery,12,193.67,2025-07-13,Yes,France
4945,Michael Walton,Headphones,Electronics,8,2116.9,2024-09-09,Yes,United States
4946,Steven Johnson,Socks,Clothing,15,169.82,2026-08-15,Yes,United States
4947,David House,Webcam,Electronics,7,1040.15,2025-02-09,Yes,Sweden
4948,Edward Williams,Juice,Food & Beverage,7,1733.04,2024-08-28,No,Germany
4949,Natalie Nguyen,Juice,Food & Beverage,13,2185.19,2025-07-07,No,China
4950,Bradley Stewart,Jacket,Clothing,9,1013.45,2024-10-12,No,Uk
4951,Walter Lucero,Coffee Beans,Food & Beverage,10,616.7,2024-03-23,Yes,Singapore
4952,Joseph Jacobson,USB Drive,Electronics,13,65.65,2025-03-10,Yes,Spain
4953,Derrick Landry,Bottled Water,Food & Beverage,7,1862.49,2026-11-04,Yes,Spain
4954,Laurie Watson,Jacket,Clothing,1,1524.08,2024-05-20,No,Singapore
4955,Paul Collins,Bottled Water,Food & Beverage,15,1821.34,2026-12-28,Yes,Australia
4956,Timothy Little,Desk Lamp,Furniture,9,1020.21,2024-05-17,Yes,Australia
4957,Rebecca Shields,Eraser,Stationery,2,1253.53,2024-04-20,Yes,Netherlands
4958,Shelby Bowers,Scarf,Clothing,12,1450.84,2026-07-07,Yes,Italy
4959,Jill Roberts,Bottled Water,Food & Beverage,7,1468.89,2025-01-09,Yes,United States
4960,Jennifer Scott,Jacket,Clothing,8,2134.63,2025-10-27,Yes,South Africa
4961,Mr. Russell Williams,Jacket,Clothing,14,407.55,2024-09-17,Yes,Argentina
4962,Travis Jones,Jacket,Clothing,6,1398.25,2024-01-31,Yes,Spain
4963,Benjamin Michael,Pen,Stationery,9,1094.02,2026-08-29,Yes,South Africa
4964,Michael Reeves,Office Chair,Furniture,9,1823.59,2025-10-16,Yes,Spain
4965,Blake Stewart,Dining Table,Furniture,11,1727.23,2024-02-21,No,China
4966,William Cruz,T-Shirt,Clothing,15,2498.16,2026-11-20,Yes,Mexico
4967,Tracy Petty,Bed,Furniture,6,2214.87,2026-01-23,Yes,Sweden
4968,Tara Andrews,Bottled Water,Food & Beverage,10,956.2,2024-02-03,Yes,Uk
4969,Anthony Meyers,Hat,Clothing,4,19.42,2024-06-11,Yes,South Africa
4970,Chelsea Carter,Mouse,Electronics,5,1001.98,2025-03-10,No,South Korea
4971,April Watts,Sneakers,Clothing,6,1801.86,2026-06-28,Yes,Australia
4972,Aimee Nichols,Juice,Food & Beverage,5,269.99,2026-08-16,No,Uk
4973,Jamie Anderson,Headphones,Electronics,11,994.58,2025-06-14,No,Netherlands
4974,Alan Stevens,Socks,Clothing,13,706.35,2025-10-12,No,South Africa
4975,Robert Baker DVM,Bed,Furniture,15,109.62,2025-05-04,Yes,Mexico
4976,Andrea Wallace,Webcam,Electronics,3,1141.0,2025-11-17,No,Spain
4977,Roger Davis,File Cabinet,Furniture,3,1648.47,2025-05-07,Yes,Japan
4978,Andrea Dalton,Snack Bar,Food & Beverage,12,1099.52,2024-04-12,No,Uae
4979,Patrick Moody,Pencil,Stationery,2,586.96,2024-11-27,Yes,India
4980,Joe Gill,USB Drive,Electronics,4,1248.6,2024-11-30,Yes,United States
4981,Melissa Greene,Laptop,Electronics,8,1249.15,2024-07-23,Yes,Canada
4982,Donald Mann Jr.,Pencil,Stationery,3,2292.58,2026-04-23,Yes,Spain
4983,Heather Sanchez,Coffee Beans,Food & Beverage,5,341.57,2025-02-07,Yes,Mexico
4984,Robert Terry,Pen,Stationery,12,211.83,2025-01-04,Yes,Canada
4985,Janet Bush,Pen,Stationery,13,106.24,2025-04-14,Yes,India
4986,Mr. Stephen Hernandez,Laptop,Electronics,9,328.24,2025-07-27,Yes,South Africa
4987,Sophia Warner,Pen,Stationery,14,121.93,2025-04-16,No,Germany
4988,Zachary Richards,Eraser,Stationery,6,1912.95,2026-09-01,Yes,India
4989,Andrew Willis,Pen,Stationery,8,1675.57,2025-09-28,Yes,Canada
4990,Eric Boyd,Socks,Clothing,7,1904.55,2025-05-04,No,Japan
4991,Carla Anderson,Green Tea,Food & Beverage,10,1322.57,2025-11-18,Yes,Japan
4992,Lindsey Hart,File Cabinet,Furniture,10,2426.67,2025-02-12,Yes,United States
4993,Kathleen Oconnor MD,Desk Lamp,Furniture,5,1604.94,2025-11-25,Yes,Italy
4994,Tiffany Nelson,Bottled Water,Food & Beverage,9,1662.36,2024-10-29,No,India
4995,Tina King,T-Shirt,Clothing,7,1683.2,2024-10-29,Yes,Australia
4996,Debra Lee,Jacket,Clothing,8,864.64,2024-02-13,Yes,Netherlands
4997,Ashlee Montoya,Laptop,Electronics,14,1555.36,2024-07-11,Yes,South Korea
4998,Stephen Kennedy,MacBook,Stationery,9,2045.9,2026-01-11,Yes,Sweden
